module,marker,question_text
core,2024,"2024 Federal Reserve Bank of New York (FRBNY). The SCE data are available without charge at http://www.newyorkfed.org/microeconomics/sce and may be used subject to license terms posted there. FRBNY disclaims any responsibility for this analysis and interpretation of Survey of Consumer Expectations data.” Where figures or graphs present SCE data in a publication that generally includes separate attributions for figures and graphs, use the following attribution for the figure or graph: “Source: Survey of Consumer Expectations, New York Fed.” No Liability. FRBNY makes no representations or warranties of any kind regarding the SCE questions or data. The SCE questions and data are published “AS I"
core,q1intro1,"Q1intro1-new We want to learn about your current economic well-being and your outlook for the future. This survey takes about 15 to 20 minutes. You will receive $20 for completing the survey. Most of the questions in this survey have no right or wrong answers - we are interested in your views and opinions. Your responses are confidential, and it helps us a great deal if you respond as carefully as possible. If you should come to any question that you can’t or don’t want to answer, just click on ’NEXT’ until the next question appears. Thank you for your participation! Q1intro1-repeat"
core,q1,Q1 Do you think you (and any family living with you) are financially better or worse off these days than you were 12 months ago? Much worse off (1) Somewhat worse off (2) About the same (3) Somewhat better
core,q2,"Q2 And looking ahead, do you think you (and any family living with you) will be financially better or worse off 12 months from now than you are these days? Much worse off (1) Somewhat worse off (2) About the same (3) Somewhat better"
core,q3intro,"Q3intro In some of the following questions, we will ask you to think about the percent chance of something happening in the future. Your answers can range from 0 to 100, where 0 means there is absolutely no chance, and 100 means that it is absolutely certain. For example, numbers like: 2 and 5 percent may indicate ""almost no chance"" 18 percent or so may mean ""not much chance"" 47 or 52 percent chance may be a ""pretty even chance"" 83 percent or so may mean a ""very good chance"" 95 or 98 percent chance may be ""almost certain"""
core,2,"2 and 5 percent may indicate ""almost no chance"" 18 percent or so may mean ""not much chance"" 47 or 52 percent chance may be a ""pretty even chance"" 83 percent or so may mean a ""very good chance"" 95 or 98 percent chance may be ""almost certain"" Q3 For example, what do you think is the percent chance that over the next 12 months you will move to a different primary residence (that is, the place where you usually live)? Ruler & box"
core,18,"18 percent or so may mean ""not much chance"" 47 or 52 percent chance may be a ""pretty even chance"" 83 percent or so may mean a ""very good chance"" 95 or 98 percent chance may be ""almost certain"" Q3 For example, what do you think is the percent chance that over the next 12 months you will move to a different primary residence (that is, the place where you usually live)? Ruler & box"
core,47,"47 or 52 percent chance may be a ""pretty even chance"" 83 percent or so may mean a ""very good chance"" 95 or 98 percent chance may be ""almost certain"" Q3 For example, what do you think is the percent chance that over the next 12 months you will move to a different primary residence (that is, the place where you usually live)? Ruler & box Q4intro"
core,83,"83 percent or so may mean a ""very good chance"" 95 or 98 percent chance may be ""almost certain"" Q3 For example, what do you think is the percent chance that over the next 12 months you will move to a different primary residence (that is, the place where you usually live)? Ruler & box Q4intro Next, we would like to ask you for your expectations about the economy."
core,95,"95 or 98 percent chance may be ""almost certain"" Q3 For example, what do you think is the percent chance that over the next 12 months you will move to a different primary residence (that is, the place where you usually live)? Ruler & box Q4intro Next, we would like to ask you for your expectations about the economy."
core,q3,"Q3 For example, what do you think is the percent chance that over the next 12 months you will move to a different primary residence (that is, the place where you usually live)? Ruler & box Q4intro Next, we would like to ask you for your expectations about the economy. Of course, no one can know the future. These questions have no right or wrong answers - we are interested in your views and opinions."
core,q4intro,"Q4intro Next, we would like to ask you for your expectations about the economy. Of course, no one can know the future. These questions have no right or wrong answers - we are interested in your views and opinions. Q4new What do you think is the percent chance that 12 months from now the unemployment rate in the U.S. will be higher than it is now? Ruler & box"
core,q4new,Q4new What do you think is the percent chance that 12 months from now the unemployment rate in the U.S. will be higher than it is now? Ruler & box Q5new What do you think is the percent chance that 12 months from now the average interest rate on saving accounts will be higher than it is now? Ruler & box
core,q5new,"Q5new What do you think is the percent chance that 12 months from now the average interest rate on saving accounts will be higher than it is now? Ruler & box Q6new What do you think is the percent chance that 12 months from now, on average, stock prices in the U.S. stock market will be higher than they are now? Ruler & box"
core,q6new,"Q6new What do you think is the percent chance that 12 months from now, on average, stock prices in the U.S. stock market will be higher than they are now? Ruler & box Q8v2 The next few questions are about inflation. Over the next 12 months, do you think that there will be inflation or deflation? (Note: deflation is the opposite of inflation)  Inflation (1)"
core,q8v2,"Q8v2 The next few questions are about inflation. Over the next 12 months, do you think that there will be inflation or deflation? (Note: deflation is the opposite of inflation)  Inflation (1)  Deflation (the opposite of inflation) (2) Q8v2part2 What do you expect the rate of [inflation (if Q8v2=inflation)/deflation (if Q8v2=deflation)] to be over the next 12 months? Please give your best guess."
core,q8v2part2,"Q8v2part2 What do you expect the rate of [inflation (if Q8v2=inflation)/deflation (if Q8v2=deflation)] to be over the next 12 months? Please give your best guess. Over the next 12 months, I expect the rate of [inflation/deflation] to be ___ % Q9 Now we would like you to think about the different things that may happen to inflation over the next 12 months. We realize that this question may take a little more effort. In your view, what would you say is the percent chance that, over the next 12 months..."
core,q9,"Q9 Now we would like you to think about the different things that may happen to inflation over the next 12 months. We realize that this question may take a little more effort. In your view, what would you say is the percent chance that, over the next 12 months... the rate of inflation will be 12% or higher (bin 1) _______ percent chance the rate of inflation will be between 8% and 12% (bin 2) _______ percent chance the rate of inflation will be between 4% and 8% (bin 3) _______ percent chance the rate of inflation will be between 2% and 4% (bin 4) _______ percent chance the rate of inflation will be between 0% and 2% (bin 5) _______ percent chance"
core,6,6) _______ percent chance the rate of deflation (opposite of inflation) will be between 2% and 4% (bin 7) _______ percent chance the rate of deflation (opposite of inflation) will be between 4% and 8% (bin 8) _______ percent chance the rate of deflation (opposite of inflation) will be between 8% and 12% (bin 9) _______ percent chance the rate of deflation (opposite of inflation) will be 12% or higher (bin 10) _______ percent chance
core,7,7) _______ percent chance the rate of deflation (opposite of inflation) will be between 4% and 8% (bin 8) _______ percent chance the rate of deflation (opposite of inflation) will be between 8% and 12% (bin 9) _______ percent chance the rate of deflation (opposite of inflation) will be 12% or higher (bin 10) _______ percent chance TOTAL 100
core,8,"8) _______ percent chance the rate of deflation (opposite of inflation) will be between 8% and 12% (bin 9) _______ percent chance the rate of deflation (opposite of inflation) will be 12% or higher (bin 10) _______ percent chance TOTAL 100 Note that in the public micro data, the 1-year density mean is coded under Q9_mean. The quartiles of each respondent’s 1-year ahead inflation density are included as Q9_cent25, Q9_cent50 and Q9_cent75. The variance of the density is included as Q9_var, the"
core,9,"9) _______ percent chance the rate of deflation (opposite of inflation) will be 12% or higher (bin 10) _______ percent chance TOTAL 100 Note that in the public micro data, the 1-year density mean is coded under Q9_mean. The quartiles of each respondent’s 1-year ahead inflation density are included as Q9_cent25, Q9_cent50 and Q9_cent75. The variance of the density is included as Q9_var, the interquantile range is coded under variable Q9_iqr, and the prob of deflation implied by the respondent's estimated density is coded under variable Q9_probdeflation. Q9bv2"
core,q9cent50,"Q9_cent50 and Q9_cent75. The variance of the density is included as Q9_var, the interquantile range is coded under variable Q9_iqr, and the prob of deflation implied by the respondent's estimated density is coded under variable Q9_probdeflation. Q9bv2 Now we would like you to think about inflation further into the future. Over the 12-month period between [Month, Year - 24 months from survey date] and [Month, Year - 36 months from survey date], do you think that there will be inflation or deflation?  Inflation (1)  Deflation (the opposite of inflation) (2)"
core,q9bv2,"Q9bv2 Now we would like you to think about inflation further into the future. Over the 12-month period between [Month, Year - 24 months from survey date] and [Month, Year - 36 months from survey date], do you think that there will be inflation or deflation?  Inflation (1)  Deflation (the opposite of inflation) (2) Q9bv2part2"
core,q9bv2part2,"Q9bv2part2 What do you expect the rate of [inflation (if Q9bv2=inflation)/deflation (if Q9bv2=deflation)] to be over that period? Please give your best guess. Over the 12-month period between [Month, Year - 24 months from survey date] and [Month, Year - 36 months from survey date], I expect the rate of [inflation/deflation] to be ___ %"
core,q9c,"Q9c And in your view, what would you say is the percent chance that, over the [Month, Year - 24 months from survey date] and [Month, Year - 36 months from survey date], … the rate of inflation will be 12% or higher (bin 1) _______ percent chance the rate of inflation will be between 8% and 12% (bin 2) _______ percent chance the rate of inflation will be between 4% and 8% (bin 3) _______ percent chance the rate of inflation will be between 2% and 4% (bin 4) _______ percent chance the rate of inflation will be between 0% and 2% (bin 5) _______ percent chance the rate of deflation (opposite of inflation) will be between 0% and 2% (bin 6) _______ percent chance"
core,q9ccent50,"Q9c_cent50 and Q9c_cent75. The variance of the density is included as Q9c_var, the interquantile range is coded under variable Q9c_iqr, and the prob of deflation implied by the respondent's estimated density is coded under variable Q9c_probdeflation. Q1A Now we would like you to think about inflation further into the future. Over the 12-month period between [Month, Year - 48 months from survey date] and [Month, Year - 60 months from survey date], do you think that there will be inflation or deflation?  Inflation (1)  Deflation (the opposite of inflation) (2)"
core,q1a,"Q1A Now we would like you to think about inflation further into the future. Over the 12-month period between [Month, Year - 48 months from survey date] and [Month, Year - 60 months from survey date], do you think that there will be inflation or deflation?  Inflation (1)  Deflation (the opposite of inflation) (2) Q1A_part2"
core,q1apart2,"Q1A_part2 What do you expect the rate of [inflation (if Q1A=inflation)/deflation (if Q1A=deflation)] to be over that period? Please give your best guess. Over the 12-month period between [Month, Year – 48 months from survey date] and [Month, Year - 60 months from survey date], I expect the rate of [inflation/deflation] to be ___ %"
core,q9new2,"Q9new2 And in your view, what would you say is the percent chance that, over the [Month, Year - 48 months from survey date] and [Month, Year - 60 months from survey date], … the rate of inflation will be 12% or higher (bin 1) _______ percent chance the rate of inflation will be between 8% and 12% (bin 2) _______ percent chance the rate of inflation will be between 4% and 8% (bin 3) _______ percent chance the rate of inflation will be between 2% and 4% (bin 4) _______ percent chance the rate of inflation will be between 0% and 2% (bin 5) _______ percent chance the rate of deflation (opposite of inflation) will be between 0% and 2% (bin 6) _______ percent chance"
core,q9new2cent25,"Q9new2_cent25, Q9new2_cent50 and Q9new2_cent75. The variance of the density is included as Q9new2_var, the interquantile range is coded under variable Q9new2_iqr, and the prob of deflation implied by the respondent's estimated density is coded under variable Q9new2_probdeflation. Q10 What is your current employment situation?  Working full-time (for someone or self-employed) (1)  Working part-time (for someone or self-employed) (2)  Not working, but would like to work (3)  Temporarily laid off (4)  On sick or other leave (5)"
core,q9new2probdeflation,"Q9new2_probdeflation. Q10 What is your current employment situation?  Working full-time (for someone or self-employed) (1)  Working part-time (for someone or self-employed) (2)  Not working, but would like to work (3)  Temporarily laid off (4)  On sick or other leave (5)  Permanently disabled or unable to work (6)  Retiree or early retiree (7)  Student, at school or in training (8)"
core,q10,"Q10 What is your current employment situation?  Working full-time (for someone or self-employed) (1)  Working part-time (for someone or self-employed) (2)  Not working, but would like to work (3)  Temporarily laid off (4)  On sick or other leave (5)  Permanently disabled or unable to work (6)  Retiree or early retiree (7)  Student, at school or in training (8)  Homemaker (9)"
core,q11,"Q11 [if Q10 includes 4] Altogether, how many jobs do you have (including the job from which you were temporarily laid off, but excluding volunteer or other unpaid work)? [If Q10 does not include 4] Altogether, how many jobs do you have, excluding volunteer and other unpaid work? [if Q11 >1] Q12intro The next questions ask about your main job. By main job we mean the one at which you usually work the most hours."
core,es1,"ES1. What type of work do you do as a self-employed individual? O I work as an independent contractor / consultant / freelancer (1) O I own a business (2) O I work in the family business (3) O Other (please specify) _______________ (4) ES2. [If ES1 = 2] Excluding yourself, how many paid employees does your business currently have?"
core,es2,"ES2. [If ES1 = 2] Excluding yourself, how many paid employees does your business currently have? ____ employees ES3new. [If ES1 = 2] What do you think is the percent chance that, 12 months from now, your business will have more workers than it currently has? [ruler]"
core,es3new,"ES3new. [If ES1 = 2] What do you think is the percent chance that, 12 months from now, your business will have more workers than it currently has? [ruler] ES4. [if ES1==4 but not ES1==1,2,3] How many hours per week have you worked in your [“independent contractor job” if ES1==1; “business” If ES1==2 but not ES1==1; “family business” if ES1==3 but not ES1==1,2], on average, over the last four weeks? ____ hours per week."
core,es4,"ES4. [if ES1==4 but not ES1==1,2,3] How many hours per week have you worked in your [“independent contractor job” if ES1==1; “business” If ES1==2 but not ES1==1; “family business” if ES1==3 but not ES1==1,2], on average, over the last four weeks? ____ hours per week. ES5. [if ES1==4 but not ES1==1,2,3] And looking ahead, how many hours per week do you expect to be working in your [“independent contractor job” if ES1==1; “business” If ES1==2 but not ES1==1; “family business” if ES1==3 but not ES1==1,2], on average, over the next four weeks?"
core,es5,"ES5. [if ES1==4 but not ES1==1,2,3] And looking ahead, how many hours per week do you expect to be working in your [“independent contractor job” if ES1==1; “business” If ES1==2 but not ES1==1; “family business” if ES1==3 but not ES1==1,2], on average, over the next four weeks? ____ hours per week. [if Q10 includes codes 1,2,4 or 5 AND if Q12new is NOT self-employed and Q11>0] Q13new What do you think is the percent chance that you will lose your [“main” if Q11>1, “current”"
core,q13new,"Q13new What do you think is the percent chance that you will lose your [“main” if Q11>1, “current” if Q11=1] job during the next 12 months? Ruler & box [if Q10 includes codes 1,2,4 or 5 AND if Q12new is NOT self-employed and Q11>0] Q14new What do you think is the percent chance that you will leave your [“main” if Q11>1, “current” if Q11=1] job voluntarily during the next 12 months?"
core,q14new,"Q14new What do you think is the percent chance that you will leave your [“main” if Q11>1, “current” if Q11=1] job voluntarily during the next 12 months? Ruler & box [if Q10 includes code 3 and does not include 4 or 5] Q15 You just mentioned that you are currently not working but would like to work. Are you currently looking for a job?"
core,q15,Q15 You just mentioned that you are currently not working but would like to work. Are you currently looking for a job?  Yes (1)  No (2) [if Q15 = Yes] Q16 How long have you been unemployed?
core,q16,"Q16 How long have you been unemployed? I have been unemployed for ___________ month(s) [if Q15 = Yes] Q17new What do you think is the percent chance that within the coming 12 months, you will find a job that you will accept, considering the pay and type of work?"
core,q17new,"Q17new What do you think is the percent chance that within the coming 12 months, you will find a job that you will accept, considering the pay and type of work? Ruler & box [if Q15 = Yes] Q18new And looking at the more immediate future, what do you think is the percent chance that within the coming 3 months, you will find a job that you will accept,"
core,q18new,"Q18new And looking at the more immediate future, what do you think is the percent chance that within the coming 3 months, you will find a job that you will accept, considering the pay and type of work? Ruler & box [if Q15 = No] Q19 How long have you been out of work?"
core,q19,"Q19 How long have you been out of work? I have been out of work for ______________________________ month(s) [if Q15 = 2 or Q10 includes codes 7,8, or 9 without any other selections or Q11=0] Q20new What do you think is the percent chance that within the coming 12 months, you will start looking for a job?"
core,q20new,"Q20new What do you think is the percent chance that within the coming 12 months, you will start looking for a job? Ruler & box [if Q15 = 2 or Q10 includes codes 7,8, or 9 without any other selections or Q11=0] Q21new And looking at the more immediate future, what do you think is the percent chance that within the coming 3 months, you will start looking for a job?"
core,q21new,"Q21new And looking at the more immediate future, what do you think is the percent chance that within the coming 3 months, you will start looking for a job? Ruler & box [if Q12new does NOT equal “self-employed” (as of August 2013) AND if Q10 includes codes 1,2,4 or 5 and Q11 ne 0] Q22new Suppose you were to lose your [“main” if Q11>1] job this month. What do you think is the percent chance that within the following 3 months, you will find a job that you will accept,"
core,1,"1,2,4 or 5 and Q11 ne 0] Q22new Suppose you were to lose your [“main” if Q11>1] job this month. What do you think is the percent chance that within the following 3 months, you will find a job that you will accept, considering the pay and type of work? Ruler & box [if Q10 includes codes 1,2,4 or 5 and Q11 ne 0] Q23v2 Please think ahead to 12 months from now. Suppose that you are working in the exact same [“main” if Q11>1] job at the same place you currently work, and working the"
core,q22new,"Q22new Suppose you were to lose your [“main” if Q11>1] job this month. What do you think is the percent chance that within the following 3 months, you will find a job that you will accept, considering the pay and type of work? Ruler & box [if Q10 includes codes 1,2,4 or 5 and Q11 ne 0] Q23v2 Please think ahead to 12 months from now. Suppose that you are working in the exact same [“main” if Q11>1] job at the same place you currently work, and working the exact same number of hours. What do you expect to have happened to your earnings on this"
core,q23v2,"Q23v2 Please think ahead to 12 months from now. Suppose that you are working in the exact same [“main” if Q11>1] job at the same place you currently work, and working the exact same number of hours. What do you expect to have happened to your earnings on this job, before taxes and deductions? Twelve months from now, I expect my earnings to have...  increase by 0% or more (1)  decrease by 0% or more (3)"
core,q23v2part2,"Q23v2part2 By about what percent do you expect your earnings to have [increased/decreased as in Q23]? Please give your best guess. Twelve months from now, I expect my earnings to have [increased/decreased] by __ % [if Q10 includes codes 1,2,4 or 5 and Q11 ne 0] Q24"
core,q23,"Q23]? Please give your best guess. Twelve months from now, I expect my earnings to have [increased/decreased] by __ % [if Q10 includes codes 1,2,4 or 5 and Q11 ne 0] Q24 Suppose again that, 12 months from now, you are working in the exact same [“main” if Q11>1] job at the same place you currently work, and working the exact same number of"
core,q24,"Q24 Suppose again that, 12 months from now, you are working in the exact same [“main” if Q11>1] job at the same place you currently work, and working the exact same number of hours. In your view, what would you say is the percent chance that 12 months from now... Your earnings on this job, before taxes and deductions, will have... increased by 12% or more (bin 1) ______________________________ percent chance increased by 8% to 12% (bin 2) ______________________________ percent chance increased by 4% to 8% (bin 3) ______________________________ percent chance"
core,q25v2,"Q25v2 Next we would like to ask you about your overall household income going forward. By household we mean everyone who usually lives in your primary residence (including yourself), excluding roommates and renters. Over the next 12 months, what do you expect will happen to the total income of all members of your household (including you), from all sources before taxes and deductions? Over the next 12 months, I expect my total household income to...  increase by 0% or more (1)  decrease by 0% or more (3)"
core,q25v2part2,"Q25v2part2 By about what percent do you expect your total household income to [increase/decrease as in Q25v2]? Please give your best guess. Over the next 12 months, I expect my total household income to [increase/decrease] by __ % Q26v2 Now think about your total household spending, including groceries, clothing, personal care,"
core,q26v2,"Q26v2 Now think about your total household spending, including groceries, clothing, personal care, housing (such as rent, mortgage payments, utilities, maintenance, home improvements), medical expenses (including health insurance), transportation, recreation and entertainment, education, and any large items (such as home appliances, electronics, furniture, or car payments). Over the next 12 months, what do you expect will happen to the total spending of all members of your household (including you)? Over the next 12 months, I expect my total household spending to...  increase by 0% or more (1)"
core,q26v2part2,"Q26v2part2 By about what percent do you expect your total household spending to [increase/decrease as in Q26v2]? Please give your best guess. Over the next 12 months, I expect my total household spending to [increase/decrease] by ___ % Q27v2 Suppose that 12 months from now, your total household income is the same as now. What do you"
core,q27v2,"Q27v2 Suppose that 12 months from now, your total household income is the same as now. What do you expect to have happened to the total amount of taxes you will have to pay, including federal, state and local income, property and sales taxes? Twelve months from now, I expect my total taxes to have...  increase by 0% or more (1)  decrease by 0% or more (3) [if increase or decrease in Q27v2]"
core,q27v2part2,"Q27v2part2 By about what percent do you expect your total taxes to have [increased/decreased as in Q27v2]? Please give your best guess. Twelve months from now, I expect my total taxes to have [increased/decreased] by _____ % Q28"
core,q28,"Q28 Compared to 12 months ago, do you think it is generally harder or easier these days for people to obtain credit or loans (including credit and retail cards, auto loans, student loans, and mortgages)? Much harder (1) Somewhat harder (2) Equally easy/hard (3) Somewhat easier (4)"
core,q29,"Q29 And looking ahead, do you think that 12 months from now it will generally be harder or easier for people to obtain credit or loans (including credit and retail cards, auto loans, student loans, and mortgages) than it is these days? Much harder (1) Somewhat harder (2) Equally easy/hard (3) Somewhat easier"
core,q30new,"Q30new What do you think is the percent chance that, over the next 3 months, you will NOT be able to make one of your debt payments (that is, the minimum required payments on credit and retail cards, auto loans, student loans, mortgages, or any other debt you may have)? Ruler & box Q31v2 Next we would like you to think about home prices nationwide. Over the next 12 months, what do you expect will happen to the average home price nationwide?"
core,q31v2,"Q31v2 Next we would like you to think about home prices nationwide. Over the next 12 months, what do you expect will happen to the average home price nationwide? Over the next 12 months, I expect the average home price to...  increase by 0% or more (1)  decrease by 0% or more (3) [if increase or decrease in Q31v2]"
core,q31v2part2,"Q31v2part2 By about what percent do you expect the average home price to [increase/decrease as in Q31v2]? Please give your best guess. Over the next 12 months, I expect the average home price to [increase/decrease as in Q31] by ___ % All of Section C is seen by Repeat Respondents Only C1 And in your view, what would you say is the percent chance that, over the next 12 months, the"
core,c1,"C1 And in your view, what would you say is the percent chance that, over the next 12 months, the average home price nationwide will... increased by 12% or more (bin 1) ______________________________ percent chance increased by 8% to 12% (bin 2) ______________________________ percent chance increased by 4% to 8% (bin 3) ______________________________ percent chance increased by 2% to 4% (bin 4) ______________________________ percent chance increased by 0% to 2% (bin 5) ______________________________ percent chance decreased by 0% to 2% (bin 6) ______________________________ percent chance decreased by 2% to 4% (bin 7) ______________________________ percent chance decreased by 4% to 8% (bin 8)"
core,c2,"C2 Now we would like you to think about home prices further into the future. Over the 12-month period between [Month, Year - 24 months from survey date] and [Month, Year - 36 months from survey date], what do you expect will happen to the average home price nationwide? Over the 12-month period between [Month, Year - 24 months from survey date] and [Month, Year - 36 months from survey date], I expect the average home price to...  increase by 0% or more (1)  decrease by 0% or more (3)"
core,c2part2,"C2part2 By about what percent do you expect the average home price to [increase/decrease as in C2] over that period? Over the 12-month period between [Month, Year - 24 months from survey date] and [Month, Year - 36 months from survey date], I expect the average home price to [increase/decrease as in C2] by ___% C3 Next, we would like to ask you for your expectations about the U.S. government debt. Over the next 12 months, what do you expect will happen to the level of U.S. government debt?"
core,c3,"C3 Next, we would like to ask you for your expectations about the U.S. government debt. Over the next 12 months, what do you expect will happen to the level of U.S. government debt? Over the next 12-months, I expect the level of U.S. government debt to...  increase by 0% or more (1)  decrease by 0% or more (3)"
core,12,"12 months, what do you expect will happen to the level of U.S. government debt? Over the next 12-months, I expect the level of U.S. government debt to...  increase by 0% or more (1)  decrease by 0% or more (3) [if increase or decrease in C3] C3part2"
core,c3part2,"C3part2 By about what percent do you expect the level of U.S. government debt to [decrease/increase as in C3]? Over the next 12-months, I expect the level of U.S. government debt to [decrease/increase as in C3] by ___ %. C4info Twelve months from now, what do you think will have happened to the price of the following"
core,c4info,"C4info Twelve months from now, what do you think will have happened to the price of the following items? Instruction H11. I expect... The price of a gallon of gas to have increased by (1) _____ OR decreased by _____ % The price of food to have increased by (2) _____ OR decreased by _____ % The price of medical care to have increased by (3) _____ OR decreased by _____ % The cost of a college education to have increased by (4) _____ OR decreased by _____ % The cost of renting a typical house/apartment to have increased by (5) _____ OR decreased by _____ % The price of gold to have increased by (6) _____ OR decreased by _____ %"
core,qnum1,"QNUM1. In a sale, a shop is selling all items at half price. Before the sale, a sofa costs $300. How much will it cost in the sale? $___________ QNUM2. Let's say you have $200 in a savings account. The account earns ten per cent interest per year. Interest accrues at each anniversary of the account. If you never withdraw money or interest payments, how much will you have in the account at the end of two years? $___________"
core,qnum2,"QNUM2. Let's say you have $200 in a savings account. The account earns ten per cent interest per year. Interest accrues at each anniversary of the account. If you never withdraw money or interest payments, how much will you have in the account at the end of two years? $___________ QNUM3. In the BIG BUCKS LOTTERY, the chances of winning a $10.00 prize are 1%. What is your best guess about how many people would win a $10.00 prize if 1,000 people each buy a single ticket from BIG BUCKS? ___________ people"
core,qnum3,"QNUM3. In the BIG BUCKS LOTTERY, the chances of winning a $10.00 prize are 1%. What is your best guess about how many people would win a $10.00 prize if 1,000 people each buy a single ticket from BIG BUCKS? ___________ people QNUM5. If the chance of getting a disease is 10 percent, how many people out of 1,000 would be expected to get the disease? ___________ people"
core,qnum5,"QNUM5. If the chance of getting a disease is 10 percent, how many people out of 1,000 would be expected to get the disease? ___________ people QNUM6. The chance of getting a viral infection is 0.0005. Out of 10,000 people, about how many of them are expected to get infected? ___________ people QNUM8. Imagine that the interest rate on your savings account was 1% per year and inflation was"
core,qnum6,"QNUM6. The chance of getting a viral infection is 0.0005. Out of 10,000 people, about how many of them are expected to get infected? ___________ people QNUM8. Imagine that the interest rate on your savings account was 1% per year and inflation was 2% per year. After one year, how much would you be able to buy with the money in this account?  More than today (1)  Exactly the same (2)  Less than today (3)"
core,qnum8,"QNUM8. Imagine that the interest rate on your savings account was 1% per year and inflation was 2% per year. After one year, how much would you be able to buy with the money in this account?  More than today (1)  Exactly the same (2)  Less than today (3) QNUM9. Please tell me whether this statement is true or false: Buying a single company’s stock usually provides a safer return than a stock mutual fund.  True (1)  False (2)"
core,qnum9,"QNUM9. Please tell me whether this statement is true or false: Buying a single company’s stock usually provides a safer return than a stock mutual fund.  True (1)  False (2) [Q32 thru Q47 seen by New Respondently Only] Q32 Next, we would like to ask you some questions about you and your household. What is your current age?"
core,q32,"Q32 Next, we would like to ask you some questions about you and your household. What is your current age? I am ______________________________ years old Q33 What is your gender?"
core,q33,"Q33 What is your gender?  Female (1)  Male (2) Q34 Do you consider yourself of Hispanic, Latino or Spanish origin?  Yes (1)  No (2)"
core,q34,"Q34 Do you consider yourself of Hispanic, Latino or Spanish origin?  Yes (1)  No (2) Q35 Please choose one or more races that you consider yourself to be:  White (1)  Black or African American (2)"
core,q35,Q35 Please choose one or more races that you consider yourself to be:  White (1)  Black or African American (2)  American Indian or Alaska Native (3)  Asian (4)  Native Hawaiian or Other Pacific Islander (5)  Other (please specify)____________ (6) Show error E5 if checked “other” but did not specify anything
core,q36,"Q36 What is the highest level of school you have completed, or the highest degree you have received?  Less than high school (1)  High school diploma (or equivalent) (2)  Some college but no degree (including academic, vocational, or occupational programs) (3)  Associate/Junior College degree (including academic, vocational, or occupational programs) (4)  Bachelor’s Degree (For example: BA, BS) (5)  Master’s Degree (For example: MA, MBA, MS, MSW) (6)  Doctoral Degree (For example: PhD) (7)  Professional Degree (For example: MD, JD, DDS) (8)  Other (please specify) __________________________ (9)"
core,q37,"Q37 How long have you been working at your [“main” if Q11>1, “current” if Q11=1] job?  Less than 1 month (1)  Between 1 and 6 months (2)  Between 6 months and 1 year (3)  Between 1 year and 5 years (4)  More than 5 years (5) Q38 Are you currently married or living as a partner with someone?"
core,q38,Q38 Are you currently married or living as a partner with someone?  Yes (1)  No (2) Question HH2 Added June 2014 HH2. [If Q38=1] What is your spouse/partner’s current employment situation?
core,hh2,"HH2. [If Q38=1] What is your spouse/partner’s current employment situation? O Working full-time for someone (1) O Working part-time for someone (2) O Self-employed (3) O Not working, but would like to work (4) O Temporarily laid off (5) O On sick or other leave (6) O Permanently disabled or unable to work (7) O Retiree or early retiree (8) O Student, at school or in training (9)"
core,e8,"E8 Q39 (Respondents’ state, from Q39 and Q40, can be found in variable _state) What is the ZIP code of your primary residence (the place where you usually live)? ______________________________ Show error E2 if zip code entered in Q39 is not a 5 digit number [NOTE: do not show error E1 if no response] [if Q39 was skipped] Q40 In which state is your primary residence?"
core,q39,"Q39 (Respondents’ state, from Q39 and Q40, can be found in variable _state) What is the ZIP code of your primary residence (the place where you usually live)? ______________________________ Show error E2 if zip code entered in Q39 is not a 5 digit number [NOTE: do not show error E1 if no response] [if Q39 was skipped] Q40 In which state is your primary residence?  AL Alabama (1)"
core,q40,Q40 In which state is your primary residence?  AL Alabama (1)  AK Alaska (2)  AZ Arizona (3)  AR Arkansas (4)  CA California (5)  CO Colorado (6)  CT Connecticut (7)  DC District of Columbia (8)
core,q41,Q41 How many years have you lived at your primary residence? ____ year(s) Q42 How many years in total have you lived in the State in which you currently live? _____ year(s)
core,q42,Q42 How many years in total have you lived in the State in which you currently live? _____ year(s) Q43 If Q38=yes: Do you or your spouse/partner own or rent your current primary residence? If Q38=no: Do you own or rent your current primary residence?  Own (1)
core,q43,Q43 If Q38=yes: Do you or your spouse/partner own or rent your current primary residence? If Q38=no: Do you own or rent your current primary residence?  Own (1)  Rent (2)  Other (please specify)____________ (3) Show error E7 if checked “other” but did not specify anything [if Q38=Yes and Q43 not equal to “other”] Q43a
core,q43a,Q43a In whose name is your primary residence [“owned” if Q43=Own/”rented” if Q43=Rent]?  My name (1)  My spouse/partner’s name (2)  Both of our names (3) Q44 If Q38=yes: Do you or your spouse/partner own any other home(s)? If Q38=no: Do you own any other home(s)?
core,q44,"Q44 If Q38=yes: Do you or your spouse/partner own any other home(s)? If Q38=no: Do you own any other home(s)?  Yes (1)  No (2) Q45new Please tell us how many of the following people usually live in your primary residence, other than yourself (including those who are temporarily away): No Instruction"
core,q45new,"Q45new Please tell us how many of the following people usually live in your primary residence, other than yourself (including those who are temporarily away): No Instruction Spouse/partner (1) _______ Children ages 25 or older (2) _______ Children ages 18 to 24 (3) _______ Children ages 6 to 17 (4) _______ Children ages 5 or younger (5) _______ Your or your spouse/partner’s parents (6) _______ Other relatives (like siblings or cousins) (7) _______ Non-relatives (like roommates or renters) (8) _______"
core,q45b,"Q45b Next we would like to ask about your health. Would you say your health is excellent, very good, good, fair, or poor?  Excellent (1)  Very good (2)  Good (3)  Fair (4)  Poor (5) [Questions Q46Intro and Q46 asked only if respondent did NOT choose “None of the above, I live alone” in Q45 as of July 2013.]"
core,q46intro,"Q46Intro Next, we have some questions about your household. As a reminder, by household we mean everyone who usually lives in your primary residence (including yourself), excluding those whom you have counted as non-relatives (like roommates and renters). Q46 On the scale below, which of the following best describes how financial decisions are made in your household? Someone else in my household makes all financial decisions"
core,q46,"Q46 On the scale below, which of the following best describes how financial decisions are made in your household? Someone else in my household makes all financial decisions 1 2 I share financial decisions equally with someone else in my household 3 4"
core,3,"3 4 I make all financial decisions myself 5      Questions QRA1 & QRA2 added in April 2015 QRA1. On a scale from 1 to 7, how would you rate your willingness to take risks regarding financial matters?"
core,5,"5      Questions QRA1 & QRA2 added in April 2015 QRA1. On a scale from 1 to 7, how would you rate your willingness to take risks regarding financial matters? Not willing at all 1 2 3 4 Very willing"
core,qra1,"QRA1. On a scale from 1 to 7, how would you rate your willingness to take risks regarding financial matters? Not willing at all 1 2 3 4 Very willing 5     "
core,qra2,"QRA2. More generally, how would you rate your willingness to take risks in daily activities? Not willing at all 1 2 3 4 Very willing 5      Q47 Which category represents the total combined pre-tax income of all members of your household"
core,q47,"Q47 Which category represents the total combined pre-tax income of all members of your household (including you) during the past 12 months? Please include money from all jobs, net income from business, farm or rent, pensions, interest on savings or bonds, dividends, social security income, unemployment benefits, Food Stamps, workers compensation or disability benefits, child support, alimony, scholarships, fellowships, grants, inheritances and gifts, and any other money income received by members of your household who are 15 years of age or older.  Less than $10,000 (1)"
core,d1intro,"D1intro We would like to ask you some questions about you and your household. As a reminder, by household we mean everyone who usually lives in your primary residence (including yourself), excluding non-relatives (like roommates and renters). D1 Is your current household exactly the same as when you submitted your last survey in [Month Year]?  Yes (1)  No (2)"
core,d1,"D1 Is your current household exactly the same as when you submitted your last survey in [Month Year]?  Yes (1)  No (2) [if answer to D1 is NO] D2new Please tell us how many of the following people usually live in your current primary residence, other than yourself (including those who are temporarily away):"
core,d2new,"D2new Please tell us how many of the following people usually live in your current primary residence, other than yourself (including those who are temporarily away): No Instruction Spouse/partner (1) _______ Children ages 25 or older (2) _______ Children ages 18 to 24 (3) _______ Children ages 6 to 17 (4) _______ Children ages 5 or younger (5) _______ Your or your spouse/partner’s parents (6) _______"
core,d3,"D3 Since [last survey Month Year], have you moved to a different primary residence (the place where you usually live)?  Yes (1)  No (2) [if answer to D3 is YES] (Respondents’ state, from D4 and D5, can be found in _state) D4 What is the ZIP code of your current primary residence (the place where you usually live)?"
core,d4,D4 What is the ZIP code of your current primary residence (the place where you usually live)? ___________________________ Show error E2 if zip code entered in Q39 is not a 5 digit number [NOTE: do not show error E1 if no response] [if D4 was skipped] D5 In which state is your primary residence?  AL Alabama (1)  AK Alaska (2)
core,d5,D5 In which state is your primary residence?  AL Alabama (1)  AK Alaska (2)  AZ Arizona (3)  AR Arkansas (4)  CA California (5)  CO Colorado (6)  CT Connecticut (7)  DC District of Columbia (8)  DE Delaware (9)
core,dq38,dQ38 Are you currently married or living as a partner with someone?  Yes (1)  No (2) Question dHH2 Added June 2014 dHH2. [If Q38=1] What is your spouse/partner’s current employment situation?
core,dhh2,"dHH2. [If Q38=1] What is your spouse/partner’s current employment situation? O Working full-time for someone (1) O Working part-time for someone (2) O Self-employed (3) O Not working, but would like to work (4) O Temporarily laid off (5) O On sick or other leave (6) O Permanently disabled or unable to work (7) O Retiree or early retiree (8) O Student, at school or in training (9)"
core,d6,"D6 Which category represents the total combined pre-tax income of all members of your household (including you) during the past 12 months? Please include money from all jobs, net income from business, farm or rent, pensions, interest on savings or bonds, dividends, social security income, unemployment benefits, Food Stamps, workers compensation or disability benefits, child support, alimony, scholarships, fellowships, grants, inheritances and gifts, and any other money income received by members of your household who are 15 years of age or older."
core,q48,Q48 Could you tell us how interesting or uninteresting you found the questions in this survey? Very uninteresting (1) Somewhat uninteresting (2) Neither interesting or uninteresting
core,q49,Q49 Do you have any other comments about the survey or the survey experience? Please type these in the box below. Endinfo Thank you for taking the time to complete this survey. Your responses will provide invaluable insights into the well-being of U.S. consumers. Survey_date Date that respondent completed the survey. If the window during which a respondent filled out the
core,e1,"E1. Your answers are important to us. Please provide an answer even if you are not sure. E2. Please enter a 5-digit zip code. E3. Please change the numbers in the table so they add up to 100. E4. You did not specify your employment situation under ""Other"". Please provide an answer even if you are not sure. E5. You did not specify your race under ""Other"". Please provide an answer even if you are not sure. E6. You did not specify your schooling/degree under ""Other"". Please provide an answer even if you"
core,e2,"E2. Please enter a 5-digit zip code. E3. Please change the numbers in the table so they add up to 100. E4. You did not specify your employment situation under ""Other"". Please provide an answer even if you are not sure. E5. You did not specify your race under ""Other"". Please provide an answer even if you are not sure. E6. You did not specify your schooling/degree under ""Other"". Please provide an answer even if you are not sure."
core,e3,"E3. Please change the numbers in the table so they add up to 100. E4. You did not specify your employment situation under ""Other"". Please provide an answer even if you are not sure. E5. You did not specify your race under ""Other"". Please provide an answer even if you are not sure. E6. You did not specify your schooling/degree under ""Other"". Please provide an answer even if you are not sure. E7. You did not specify anything under ""Other"". Please provide an answer even if you are not sure."
core,e4,"E4. You did not specify your employment situation under ""Other"". Please provide an answer even if you are not sure. E5. You did not specify your race under ""Other"". Please provide an answer even if you are not sure. E6. You did not specify your schooling/degree under ""Other"". Please provide an answer even if you are not sure. E7. You did not specify anything under ""Other"". Please provide an answer even if you are not sure. E8. Please change your answer: you cannot choose both ""working/employed"" and ""not working but would like to work""."
core,e5,"E5. You did not specify your race under ""Other"". Please provide an answer even if you are not sure. E6. You did not specify your schooling/degree under ""Other"". Please provide an answer even if you are not sure. E7. You did not specify anything under ""Other"". Please provide an answer even if you are not sure. E8. Please change your answer: you cannot choose both ""working/employed"" and ""not working but would like to work"". E9. Please provide an answer for each item even if you are not sure."
core,e6,"E6. You did not specify your schooling/degree under ""Other"". Please provide an answer even if you are not sure. E7. You did not specify anything under ""Other"". Please provide an answer even if you are not sure. E8. Please change your answer: you cannot choose both ""working/employed"" and ""not working but would like to work"". E9. Please provide an answer for each item even if you are not sure. Instructions (show in italics)"
core,e7,"E7. You did not specify anything under ""Other"". Please provide an answer even if you are not sure. E8. Please change your answer: you cannot choose both ""working/employed"" and ""not working but would like to work"". E9. Please provide an answer for each item even if you are not sure. Instructions (show in italics) H1. Please select only one."
core,e9,E9. Please provide an answer for each item even if you are not sure. Instructions (show in italics) H1. Please select only one. H2. Please enter your answer in the box on the left or by clicking on the scale below. H3. Please enter a number in one of the boxes below. The number you enter can be greater than 0 or equal to 0.
core,h1,H1. Please select only one. H2. Please enter your answer in the box on the left or by clicking on the scale below. H3. Please enter a number in one of the boxes below. The number you enter can be greater than 0 or equal to 0. H4. (Please note: The numbers need to add up to 100.) H5. Please select only one. H6. Please enter a number in the box below.
core,h2,H2. Please enter your answer in the box on the left or by clicking on the scale below. H3. Please enter a number in one of the boxes below. The number you enter can be greater than 0 or equal to 0. H4. (Please note: The numbers need to add up to 100.) H5. Please select only one. H6. Please enter a number in the box below. H7. Please select all that apply.
core,h3,H3. Please enter a number in one of the boxes below. The number you enter can be greater than 0 or equal to 0. H4. (Please note: The numbers need to add up to 100.) H5. Please select only one. H6. Please enter a number in the box below. H7. Please select all that apply. H8. Please choose one.
core,h4,H4. (Please note: The numbers need to add up to 100.) H5. Please select only one. H6. Please enter a number in the box below. H7. Please select all that apply. H8. Please choose one. H9. Please enter a number greater than 0 or equal to 0.
core,h5,H5. Please select only one. H6. Please enter a number in the box below. H7. Please select all that apply. H8. Please choose one. H9. Please enter a number greater than 0 or equal to 0. H10. Please enter a number greater than 0.
core,h6,"H6. Please enter a number in the box below. H7. Please select all that apply. H8. Please choose one. H9. Please enter a number greater than 0 or equal to 0. H10. Please enter a number greater than 0. H11. For each item, please enter a number in only one of the two boxes. You can enter any number greater than 0 or equal to 0."
core,h7,"H7. Please select all that apply. H8. Please choose one. H9. Please enter a number greater than 0 or equal to 0. H10. Please enter a number greater than 0. H11. For each item, please enter a number in only one of the two boxes. You can enter any number greater than 0 or equal to 0. H12. Please enter a number in each box"
core,h8,"H8. Please choose one. H9. Please enter a number greater than 0 or equal to 0. H10. Please enter a number greater than 0. H11. For each item, please enter a number in only one of the two boxes. You can enter any number greater than 0 or equal to 0. H12. Please enter a number in each box H13. Please answer in the box below"
core,h9,"H9. Please enter a number greater than 0 or equal to 0. H10. Please enter a number greater than 0. H11. For each item, please enter a number in only one of the two boxes. You can enter any number greater than 0 or equal to 0. H12. Please enter a number in each box H13. Please answer in the box below H14. Please choose one for each item listed."
core,h10,"H10. Please enter a number greater than 0. H11. For each item, please enter a number in only one of the two boxes. You can enter any number greater than 0 or equal to 0. H12. Please enter a number in each box H13. Please answer in the box below H14. Please choose one for each item listed. H15. Please enter your answer by clicking on the scale below or entering your response in the box"
core,h11,"H11. For each item, please enter a number in only one of the two boxes. You can enter any number greater than 0 or equal to 0. H12. Please enter a number in each box H13. Please answer in the box below H14. Please choose one for each item listed. H15. Please enter your answer by clicking on the scale below or entering your response in the box to the right of the scale"
core,h12,"H12. Please enter a number in each box H13. Please answer in the box below H14. Please choose one for each item listed. H15. Please enter your answer by clicking on the scale below or entering your response in the box to the right of the scale H16. Rank each reason on a 1-5 scale, where 1 is not important at all; 5 is very important"
core,h13,"H13. Please answer in the box below H14. Please choose one for each item listed. H15. Please enter your answer by clicking on the scale below or entering your response in the box to the right of the scale H16. Rank each reason on a 1-5 scale, where 1 is not important at all; 5 is very important H17. Please enter a number in the box below."
core,h14,"H14. Please choose one for each item listed. H15. Please enter your answer by clicking on the scale below or entering your response in the box to the right of the scale H16. Rank each reason on a 1-5 scale, where 1 is not important at all; 5 is very important H17. Please enter a number in the box below. H18. Please enter a percentage in the box below."
core,h15,"H15. Please enter your answer by clicking on the scale below or entering your response in the box to the right of the scale H16. Rank each reason on a 1-5 scale, where 1 is not important at all; 5 is very important H17. Please enter a number in the box below. H18. Please enter a percentage in the box below. For all errors except E2:"
core,h16,"H16. Rank each reason on a 1-5 scale, where 1 is not important at all; 5 is very important H17. Please enter a number in the box below. H18. Please enter a percentage in the box below. For all errors except E2: Show error as shown below followed by: “Otherwise click NEXT to continue.”"
core,h17,H17. Please enter a number in the box below. H18. Please enter a percentage in the box below. For all errors except E2: Show error as shown below followed by: “Otherwise click NEXT to continue.”
core,h18,H18. Please enter a percentage in the box below. For all errors except E2: Show error as shown below followed by: “Otherwise click NEXT to continue.”
household_spending,sp1intro,"SP1intro The next questions are about your total household spending, including groceries, clothing, personal care, housing (such as rent, mortgage payments, utilities, maintenance, home improvements), medical expenses (including health insurance), transportation, recreation and entertainment, education, and any large items (such as home appliances, electronics, furniture, or car payments). Please exclude money saved or invested, including real estate investments like home purchases. QSP1 How does your current monthly household spending compare with your household’s monthly spending 12 months ago?  About the same or higher now (1)  About the same or lower now (2) QSP2"
household_spending,qsp1,"QSP1 How does your current monthly household spending compare with your household’s monthly spending 12 months ago?  About the same or higher now (1)  About the same or lower now (2) QSP2 In percentage terms, by how much has your current monthly household spending [increased/decreased] compared to 12 months ago? Please enter a number greater than 0 or equal to 0. My current monthly household spending has [increased/decreased] by _____________________________ % (1) QSP3 And thinking about the more recent past, did any members of your household (including you) make any of the"
household_spending,qsp2,"QSP2 In percentage terms, by how much has your current monthly household spending [increased/decreased] compared to 12 months ago? Please enter a number greater than 0 or equal to 0. My current monthly household spending has [increased/decreased] by _____________________________ % (1) QSP3 And thinking about the more recent past, did any members of your household (including you) make any of the following large purchases during the last 4 months? Please select all that apply.  Home appliances (1)  Electronics, computers or cell phones (2)  Furniture (3)  Home repairs, improvements or renovations (4)"
household_spending,qsp3,"QSP3 And thinking about the more recent past, did any members of your household (including you) make any of the following large purchases during the last 4 months? Please select all that apply.  Home appliances (1)  Electronics, computers or cell phones (2)  Furniture (3)  Home repairs, improvements or renovations (4)  Car or other vehicles (5)  Trips and vacations (6)  A house or apartment (9) [added August 2016]  Other (please specify) (7)____________  None of the above (8)"
household_spending,qsp4,"QSP4 Now looking ahead, what do you think is the percent chance that a member of your household (including you) will make any of the following large purchases within the next 4 months? Please enter separately the percent chance of purchasing each item below. Home appliances (1) ______________________________ percent chance (1) Electronics, computers or cell phones (2) ______________________________ percent chance (2) Furniture (3) ______________________________ percent chance (3) Home repairs, improvements or renovations (4) ______________________________ percent chance (4) Car or other vehicles (5) ______________________________ percent chance (5) Trips and vacations (6) ___________________"
household_spending,qsp5,"QSP5 Approximately what proportion of your current monthly household spending falls in each of the following categories? Please enter a number between 0 and 100 for each category. The numbers need to add up to 100%. Housing (including mortgage, rent, maintenance and home owner/renter insurance) (1) ______________________________ % (1) Utilities (including water, sewer, electricity, gas, heating oil) (2) ______________________________ %"
household_spending,qsp6b,"QSP6b And looking ahead, how do you think your monthly household spending 12 months from now, will compare to your current monthly spending in each category? Please enter a number greater than 0 or equal to 0 for each item. Please enter 0 if your spending in a certain category did not change. QSP6bx1 - Up by QSP6bx2 - Down by Housing (including mortgage, rent, maintenance and home owner/renter insurance) (1) ______ ______"
household_spending,qsp6bx1,"QSP6bx1 - Up by QSP6bx2 - Down by Housing (including mortgage, rent, maintenance and home owner/renter insurance) (1) ______ ______ Utilities (including water, sewer, electricity, gas, heating oil) (2) ______ ______ Food (including groceries, dining out, and beverages) (3) ______ ______ Clothing, footwear and personal care (4) ______ ______ Transportation (including gasoline, public transportation fares, and car maintenance) (5) ______ ______ Medical care (including health insurance, medical bills, prescription drugs) (6) ______ ______"
household_spending,qsp6bx2,"QSP6bx2 - Down by Housing (including mortgage, rent, maintenance and home owner/renter insurance) (1) ______ ______ Utilities (including water, sewer, electricity, gas, heating oil) (2) ______ ______ Food (including groceries, dining out, and beverages) (3) ______ ______ Clothing, footwear and personal care (4) ______ ______ Transportation (including gasoline, public transportation fares, and car maintenance) (5) ______ ______ Medical care (including health insurance, medical bills, prescription drugs) (6) ______ ______ Recreation and entertainment (7) ______ ______ Education and child care (8) ______ ______"
household_spending,qsp7dens,QSP7dens [added August 2015] Now we would like you to think about the different things that may happen to the total spending of all members of your household (including you) over the next 12 months. What do you expect will happen to the total spending of all members of your household (including you) over the next 12 months? increase by 12% or more (1) ______________________________ percent chance (1) increase by 8% to 12% (2) ______________________________ percent chance (2) increase by 4% to 8% (3) ______________________________ percent chance (3) increase by 2% to 4% (4) ______________________________ percent chance (4) increase by 0% to 2% (5) ______________________________ percent chance
household_spending,qsp10new,QSP10new [added August 2015] Why do you think it more likely that your total household spending will increase over the next 12 months? Check all that apply  I expect prices of goods and services to increase (1)  I expect an increase in household income (2)  I expect a change in the size or composition of my household (3)  I expect an increase in healthcare costs (4)  I expect an increase in educational expenditures (5)  I expect an increase in rent or in my housing costs (6)  Other (please specify) (7)____________ Show QSP11n if sum of increase < sum of decrease values at Q7P7dens
household_spending,qsp11n,QSP11n [added August 2015] Why do you think it more likely that your total household spending will decrease over the next 12 months? Check all that apply  I expect prices of goods and services to decrease (1)  I expect a decrease in household income (2)  I expect a change in the size or composition of my household (3)  I expect a decrease in healthcare costs (4)  I expect a decrease in educational expenditures (5)  I expect a decrease in rent or in my housing costs (6)  Other (please specify) (7)____________ Q7c3 [added August 2015]
household_spending,q7c3,"Q7c3 [added August 2015] What do you expect will happen to your everyday spending on essential items over the next 12 months (compared to your everyday spending on essential items over the last 12 months)? By everyday spending on essential items, we mean your daily living expenses related to what you absolutely need. Over the next 12 months, I expect my everyday spending on essential items to  increase by 0% or more (1)  decrease by 0% or more (2) Q7c3part2 [added August 2015] By about what percent do you expect your everyday spending on essential items to [increase/decrease]? Please give your best guess. Over the next 12 months, I expect my everyday spending on essential items to [increas"
household_spending,q7c3part2,"Q7c3part2 [added August 2015] By about what percent do you expect your everyday spending on essential items to [increase/decrease]? Please give your best guess. Over the next 12 months, I expect my everyday spending on essential items to [increase/decrease] by (1) ______________________________ % (1) Q7c4 [added August 2015] What do you expect will happen to your non-essential spending (such as on hobbies, leisure, vacation, and other items that you do not absolutely need) over the next 12 months? Over the next 12 months, I expect my non-essential spending to  increase by 0% or more (1)"
household_spending,q7c4,"Q7c4 [added August 2015] What do you expect will happen to your non-essential spending (such as on hobbies, leisure, vacation, and other items that you do not absolutely need) over the next 12 months? Over the next 12 months, I expect my non-essential spending to  increase by 0% or more (1)  decrease by 0% or more (2) Q7c4part2 [added August 2015] By about what percent do you expect your non-essential spending to [increase/decrease]? Please give your best guess. Over the next 12 months, I expect my non-essential spending to [increase/decrease] by (1) ______________________________ %"
household_spending,q7c4part2,"Q7c4part2 [added August 2015] By about what percent do you expect your non-essential spending to [increase/decrease]? Please give your best guess. Over the next 12 months, I expect my non-essential spending to [increase/decrease] by (1) ______________________________ % (1) QSP12n [added August 2015] Suppose next year you were to find your household with 10% more income than you currently expect. What would you do with the extra income?  Save or invest all of it (1)  Spend or donate all of it (2)"
household_spending,qsp12n,"QSP12n [added August 2015] Suppose next year you were to find your household with 10% more income than you currently expect. What would you do with the extra income?  Save or invest all of it (1)  Spend or donate all of it (2)  Use all of it to pay down debts (3)  Spend some and save some (4)  Spend some and use part of it to pay down debts (5)  Save some and use part of it to pay down debts (6)  Spend some, save some and use some to pay down debts (7) Show QSP12a if codes 4,5,6, or 7 selected at QSP12n QSP12a [added August 2015]"
household_spending,qsp12a,"QSP12a [added August 2015] Please indicate what share of the extra income you would use to... (Please note that the three proportions need to add up to 100%) Save or invest (1) ______________________________ % (1) Spend or donate (2) ______________________________ % (2) Pay down debts (3) ______________________________ % (3) QSP13new [added August 2015] Now imagine that next year you were to find yourself with 10% less household income. What would you do?  Cut spending by the whole amount (1)  Not cut spending at all, but cut my savings by the whole amount (2)  Not cut spending at all, but increase my debt by borrowing the whole amount (3)  Cut spending by some and cut savings by some (4"
household_spending,qsp13new,"QSP13new [added August 2015] Now imagine that next year you were to find yourself with 10% less household income. What would you do?  Cut spending by the whole amount (1)  Not cut spending at all, but cut my savings by the whole amount (2)  Not cut spending at all, but increase my debt by borrowing the whole amount (3)  Cut spending by some and cut savings by some (4)  Cut spending by some and increase debt by some (5)  Cut savings by some and increase debt by some (6)  Cut spending by some, cut savings by some and increase debt some (7) Show QSP13a if codes 4,5,6, or 7 selected at QSP13new QSP13a [added August 2015] Please indicate what share of the lost income you would cover by... "
household_spending,qsp13a,"QSP13a [added August 2015] Please indicate what share of the lost income you would cover by... (Please note that the three proportions need to add up to 100%) Reducing spending (1) ______________________________ % (1) Reducing savings (2) ______________________________ % (2) Increasing borrowing (3) ______________________________ % (3) QSP14new [added August 2015] Would you describe your current monthly household income (before taxes) as more or less constant, slightly variable, somewhat variable or highly variable from month to month?  More or less constant (1)  Slightly variable (2)  Somewhat variable (3)"
household_spending,qsp14new,"QSP14new [added August 2015] Would you describe your current monthly household income (before taxes) as more or less constant, slightly variable, somewhat variable or highly variable from month to month?  More or less constant (1)  Slightly variable (2)  Somewhat variable (3)  Highly variable (4) QSP15new [added August 2015] On average by how much does your household income (before taxes) currently change from month to month? From month to month on average my household income...  Varies by less than 5% (1)"
household_spending,qsp15new,"QSP15new [added August 2015] On average by how much does your household income (before taxes) currently change from month to month? From month to month on average my household income...  Varies by less than 5% (1)  Varies between 5% and 15% (2)  Varies by more than 15% (3) QSP16new [added December 2015] And looking ahead, by how much do you expect your household income (before taxes) to change from month to month, on average, over the next 12 months? Over the next 12 months, I expect my household income on average to..."
household_spending,qsp16new,"QSP16new [added December 2015] And looking ahead, by how much do you expect your household income (before taxes) to change from month to month, on average, over the next 12 months? Over the next 12 months, I expect my household income on average to...  Vary by less than 5% (1)  Vary between 5% and 15% (2)  Vary by more than 15% (3) K2e - K2e Do you have a (family) budget, or otherwise plan your monthly spending and saving?  Yes (1)  No (2)"
household_spending,k2e,"K2e - K2e Do you have a (family) budget, or otherwise plan your monthly spending and saving?  Yes (1)  No (2) K2f - K2f People budget in different ways. Do you (and your family) generally try to... Please select all that apply.  keep your spending within a certain limit (1)  focus more on trying to save regular amounts of money (2)  pay off regular amounts of debt (3)  None of the above (4)"
household_spending,k2f,K2f - K2f People budget in different ways. Do you (and your family) generally try to... Please select all that apply.  keep your spending within a certain limit (1)  focus more on trying to save regular amounts of money (2)  pay off regular amounts of debt (3)  None of the above (4)
labor_market,l1,"L1 thru L4B are seen by those who select codes 1,2 or 5 in Q10 and > 0 in Q11 L1 - L1 Now please think about your [current/main] job. What was the month and year that you started working at this job? L1m - Month L1y - Year  January (1)  February (2)  March (3)  April (4)  May (5)  June (6)  July (7)"
labor_market,l1m,L1m - Month L1y - Year  January (1)  February (2)  March (3)  April (4)  May (5)  June (6)  July (7)  August (8)  September (9)  October (10)  November (11)
labor_market,l3,"L3 - L3 How much do you make before taxes and other deductions at your [main/current] job, on an annual basis? Please include any bonuses, overtime pay, tips or commissions. dollars per year L4 is seen by those who skip L3 L4 - L4 Roughly speaking, what are your annual earnings, before taxes and other deductions, on your [current/main] job? Please include any bonuses, overtime pay, tips or commissions.  Less than $10,000 (1)  $10,000 to $19,999 (2)"
labor_market,l4,"L4 is seen by those who skip L3 L4 - L4 Roughly speaking, what are your annual earnings, before taxes and other deductions, on your [current/main] job? Please include any bonuses, overtime pay, tips or commissions.  Less than $10,000 (1)  $10,000 to $19,999 (2)  $20,000 to $29,999 (3)  $30,000 to $39,999 (4)  $40,000 to $49,999 (5)  $50,000 to $59,999 (6)  $60,000 to $74,999 (7)  $75,000 to $99,999 (8)"
labor_market,l4b,"L4b If you were to remain at your current job, what do you expect your annual earnings to be at your current job in 10 years? Please do not adjust for inflation and report annual earnings in today ’s current dollars. dollars per year LMType thru LMsat5 are seen by those who select 1 at Q12new LMtype - LMtype In [main/current] job, what type of employer do you work for?"
labor_market,lm5,"LM5 Does your employer provide any of the following benefits at your [current/main] job?  Traditional pension plan (so-called defined benefit plan) (1)  Employer contribution to a retirement account (for instance, a 401(k), 403(b) or IRA account) (2)  Health insurance (3)  Dental or vision insurance (4)  Health Care or Dependent Care Flexible Spending Account (5)  Housing or housing subsidy (6)  Life or disability insurance (7)  Commuter benefits (8)  Childcare assistance (9)  Other (please specify) (10)"
labor_market,l7,"L7 thur JS5 are seen by those who select code 3,4,7,8,9 and do not select 1,2 or 5 at Q10 L7 - L7 Now please think about your most recent job (excluding volunteer or other unpaid work). What month and year did you last work at that job? L7m - Month L7y - Year  January (1)  February (2)  March (3)  April (4)  May (5)"
labor_market,l7m,L7m - Month L7y - Year  January (1)  February (2)  March (3)  April (4)  May (5)  June (6)  July (7)  August (8)  September (9)  October (10)  November (11)
labor_market,l7dk,L7dk - L7dk  I have never had a paid job (1) L7b thru L13 are seen by those who do not select L7dk L7b - L7b And what was the month and year that you started working at your most recent job? L7bm - Month L7by - Year  January (1)  February (2)
labor_market,l7b,L7b thru L13 are seen by those who do not select L7dk L7b - L7b And what was the month and year that you started working at your most recent job? L7bm - Month L7by - Year  January (1)  February (2)  March (3)  April (4)  May (5)
labor_market,l7bm,L7bm - Month L7by - Year  January (1)  February (2)  March (3)  April (4)  May (5)  June (6)  July (7)  2016 (2016)  2015 (2015)  2014 (2014)  2013 (2013)
labor_market,l9,"L9 - L9 How much did you make before taxes and other deductions on your most recent job, on an annual basis? Please include any bonuses, overtime pay, tips or commissions. dollars per year L10 - L10 (seen by those who skip L9) Roughly speaking, what were your annual earnings, before taxes and other deductions, on your most recent job? Please include any bonuses, overtime pay, tips or commissions.  Less than $10,000 (1)  $10,000 to $19,999 (2)"
labor_market,l10,"L10 - L10 (seen by those who skip L9) Roughly speaking, what were your annual earnings, before taxes and other deductions, on your most recent job? Please include any bonuses, overtime pay, tips or commissions.  Less than $10,000 (1)  $10,000 to $19,999 (2)  $20,000 to $29,999 (3)  $30,000 to $39,999 (4)  $40,000 to $49,999 (5)  $50,000 to $59,999 (6)  $60,000 to $74,999 (7)  $75,000 to $99,999 (8)  $100,000 to $149,999 (9)"
labor_market,l11,"L11 - L11 In your most recent job, did you work for someone else or were you self-employed?  Work for someone else (1)  Self-employed (2) L12 - L12 (seen by those who select code 1 at L11) In your most recent job, what type of employer did you work for?  Government (including state or local government; a public school, university or hospital) (1)  Private-sector, for-profit company (2)  Non-profit organization (3)  Work in the family business (4)  Other (please specify) (5)"
labor_market,l12,"L12 - L12 (seen by those who select code 1 at L11) In your most recent job, what type of employer did you work for?  Government (including state or local government; a public school, university or hospital) (1)  Private-sector, for-profit company (2)  Non-profit organization (3)  Work in the family business (4)  Other (please specify) (5) L12b - L12b (seen by those that don’t select 1 at L12) What kind of business or industry was this?  Agriculture, Forestry, Fishing or Hunting (1)  Mining, Quarrying, or Oil and Gas Extraction (2)"
labor_market,l12b,"L12b - L12b (seen by those that don’t select 1 at L12) What kind of business or industry was this?  Agriculture, Forestry, Fishing or Hunting (1)  Mining, Quarrying, or Oil and Gas Extraction (2)  Utilities (3)  Construction (4)  Manufacturing (5)  Wholesale Trade (6)  Retail Trade (7)  Transportation or Warehousing (8)  Information Services (including Publishing or Media) (9)  Banking, Finance, or Insurance (10)"
labor_market,l13,"L13 - L13 Did your employer provide any of the following benefits at your most recent job?  Traditional pension plan (so-called defined benefit plan) (1)  Employer contribution to a retirement account (for instance, a 401(k), 403(b) or IRA account) (2)  Health insurance (3)  Dental or vision insurance (4)  Health Care or Dependent Care Flexible Spending Account (5)  Housing or housing subsidy (6)  Life or disability insurance (7)  Commuter benefits (8)  Childcare assistance (9)  Other (please specify) (10)"
labor_market,js5,"JS5 - JS5 Have you done anything in the LAST 4 WEEKS to look for work?  Yes (1)  No (2) JS6 - JS6 (seen by those who select code 1 at Q12new and codes 1,2 or 5 at Q10) Have you done anything in the LAST 4 WEEKS to look for new work?  Yes, looking to possibly leave my current job for a new job (1)  Yes, looking for an additional job without leaving my current job (2)  No (3)"
labor_market,js6,"JS6 - JS6 (seen by those who select code 1 at Q12new and codes 1,2 or 5 at Q10) Have you done anything in the LAST 4 WEEKS to look for new work?  Yes, looking to possibly leave my current job for a new job (1)  Yes, looking for an additional job without leaving my current job (2)  No (3) RW2 - RW2 Suppose someone offered you a job today in a line of work that you would consider. What is the lowest wage or salary you would accept (BEFORE taxes and other deductions) for this job?"
labor_market,rw2,RW2 - RW2 Suppose someone offered you a job today in a line of work that you would consider. What is the lowest wage or salary you would accept (BEFORE taxes and other deductions) for this job? RW2a - RW2b (until 2017) -  hour (1)  week (2)  two weeks (3)
labor_market,rw2a,"RW2a - RW2b (until 2017) -  hour (1)  week (2)  two weeks (3)  month (4)  year (5) From March 2017 on, yearly values were elicited. JS7 thru JS10 seen by those who select code 1 at JS5 or code 1,2 at JS6"
labor_market,js7,"JS7 thru JS10 seen by those who select code 1 at JS5 or code 1,2 at JS6 JS7 - JS7 How long have you been looking for a job? weeks JS8 - JS8 What were ALL the things you have done to look for work during the LAST 4 WEEKS?  Had at least one job interview (1)  Contacted an employer directly online or through e-mail (2)"
labor_market,js8,"JS8 - JS8 What were ALL the things you have done to look for work during the LAST 4 WEEKS?  Had at least one job interview (1)  Contacted an employer directly online or through e-mail (2)  Contacted an employer directly through other means, including in-person (3)  Contacted an employment agency or career center (4)  Contacted friends or relatives (5)  Contacted former co-workers, supervisors, business associates (6)  Contacted current employees at other companies (7)  Applied to a job posting online (8)  Applied to a job opening found through other means, including help wanted ads (9)  Checked union/professional registers (10)"
labor_market,js9,"JS9 - JS9 And within the LAST 7 DAYS, about how many TOTAL hours did you spend on job search activities? Please round up to the nearest total number of hours. hours NL1 - NL1 (Added November 2014)"
labor_market,nl1,NL1 - NL1 (Added November 2014) How many job offers did you receive in the last 4 months (since July 2016)? Remember a job offer is not necessarily a job that you accepted.  0 (0)  1 (1)  2 (2)  3 (3)  4 (4)  5 (5)  6 (6)  7 (7)  8 (8)
labor_market,nl2,"NL2 thru NL4 seen if > 0 at NL1 NL2 - NL2 (shows up to 3 job offers deending on NL1 response) (Added November 2014) [What was the annual salary of this job offer? And was it for a full-time or a part-time job? / Thinking about the 3 best job offers that you received in the last 4 months, What was their annual salary? And were they for a full -time or a part-time job? Note the best offer is the offer you would be most likely to accept. ] NL2a - NL2b - ’Job offer 1: (1)  Full time (1)  Part time (2) Job offer 2: (2)  Full time (1)  Part time (2)"
labor_market,nl2a,NL2a - NL2b - ’Job offer 1: (1)  Full time (1)  Part time (2) Job offer 2: (2)  Full time (1)  Part time (2) Job offer 3: (3)  Full time (1)  Part time (2) NL3 - NL3 (loops through for up to 3 job offers) (Added November 2014)
labor_market,nl3,"NL3 - NL3 (loops through for up to 3 job offers) (Added November 2014) ’Did you accept this [job offer / job offer X]  Yes, and I am currently working at this job (1)  Yes, but I no longer work at this job (2)  No, I rejected this job offer (3)  I am still deciding (4) NL4 - NL4 (asked each time NL3=3) (Added November 2014) What do you think is the percent chance that you will accept this job offer? (1) (1)"
labor_market,nl4,NL4 - NL4 (asked each time NL3=3) (Added November 2014) What do you think is the percent chance that you will accept this job offer? (1) (1) OO1 - OO1 (Added July 2014) What do you think is the percent chance that four months from now you will be... Employed (1) percent chance (1) Employed and working for the same employer (2) percent chance (2)
labor_market,oo1,OO1 - OO1 (Added July 2014) What do you think is the percent chance that four months from now you will be... Employed (1) percent chance (1) Employed and working for the same employer (2) percent chance (2) Employed and working for a different employer (3) percent chance (3) self-employed (4) percent chance (4) Unemployed and looking for work (5) percent chance (5) Unemployed and NOT looking for work (6) percent chance (6)
labor_market,oo2u,"OO2u - OO2u (shown if Q12new =1 and Q10 is code 1,2, or 5) (Added November 2014) What do you think is the percent chance that within the coming four months, you will receive at least one job offer? Remember that a job offer is not necessarily a job you will accept. OO2e - OO2e (shown if Q10 codes 3,4,7,8 or 9 and not codes 1,2 or 5) (Added November 2014) What do you think is the percent chance that within the coming four months, you will receive at least one job offer from another employer? Remember that a job offer is not necessarily a job you will accept."
labor_market,oo2e,"OO2e - OO2e (shown if Q10 codes 3,4,7,8 or 9 and not codes 1,2 or 5) (Added November 2014) What do you think is the percent chance that within the coming four months, you will receive at least one job offer from another employer? Remember that a job offer is not necessarily a job you will accept. OO2new thru OO2d shown if OO2u or OO2e > 0 OO2new - OO2new (Added March 2015) Over the next 4 months, how many job offers do you expect to receive? Remember that a job offer is not necessarily a job you will accept."
labor_market,oo2new,"OO2new thru OO2d shown if OO2u or OO2e > 0 OO2new - OO2new (Added March 2015) Over the next 4 months, how many job offers do you expect to receive? Remember that a job offer is not necessarily a job you will accept. OO2a - OO2a (Added November 2014) Think about the job offers that you may receive within the coming four months. Roughly speaking, what do you think the average annual salary for these offers will be for the first year?"
labor_market,oo2a,"OO2a - OO2a (Added November 2014) Think about the job offers that you may receive within the coming four months. Roughly speaking, what do you think the average annual salary for these offers will be for the first year? dollars OO2a2 - OO2a2 (Added March 2015) Think about the job offers that you may receive within the coming four months. Roughly speaking, what do you think the annual salary for the best offer will be for the first year? Note the best offer is the offer you would be most likely to accept."
labor_market,oo2a2,"OO2a2 - OO2a2 (Added March 2015) Think about the job offers that you may receive within the coming four months. Roughly speaking, what do you think the annual salary for the best offer will be for the first year? Note the best offer is the offer you would be most likely to accept. dollars OO2b - OO2b (shown if OO2a2 > 0 each response is % of OO2a2 ranging from .8 to 1.2) (Added November 2014) Think again about the job offers that you may receive within the coming four months. What do you think is the"
labor_market,oo2b,OO2b - OO2b (shown if OO2a2 > 0 each response is % of OO2a2 ranging from .8 to 1.2) (Added November 2014) Think again about the job offers that you may receive within the coming four months. What do you think is the percent chance that the job with the best offer will have an annual salary for the first year of... The best offer is the offer you would be most likely to accept. Less than [0.8* OO2a2] dollars (1) % (1) Between [0.8* OO2a2] dollars and [0.9* OO2a2] dollars (2) % (2) Between [0.9* OO2a2] dollars and [1.0* OO2a2] dollars (3) % (3) Between [1.0* OO2a2] dollars and [1.1* OO2a2] dollars (4) % (4) Between [1.1* OO2a2] dollars and [1.2* OO2a2] dollars (5) % (5)
labor_market,2014,2014) Think again about the job offers that you may receive within the coming four months. What do you think is the percent chance that the job with the best offer will have an annual salary for the first year of... The best offer is the offer you would be most likely to accept. Less than [0.8* OO2a2] dollars (1) % (1) Between [0.8* OO2a2] dollars and [0.9* OO2a2] dollars (2) % (2) Between [0.9* OO2a2] dollars and [1.0* OO2a2] dollars (3) % (3) Between [1.0* OO2a2] dollars and [1.1* OO2a2] dollars (4) % (4) Between [1.1* OO2a2] dollars and [1.2* OO2a2] dollars (5) % (5) More than [1.2* OO2a2] dollars (6) % (6)
labor_market,oo2c1,OO2c1 - OO2c1 (shown if OO2a > 0 each response is % of OO2a ranging from .8 to 1.2) (Added November 2014) Think again about the job offers that you may receive within the coming four months. What do you think is the percent chance that you will accept the job if it offers an annual salary for the first year of less than [0.8* OO2a]? percent chance OO2c2 - OO2c2 (Added November 2014) And what do you think is the percent chance that you will accept the job if it offers an annual salary for the first year of between [0.8*OO2a] and [0.9*OO2a]?
labor_market,oo2c2,OO2c2 - OO2c2 (Added November 2014) And what do you think is the percent chance that you will accept the job if it offers an annual salary for the first year of between [0.8*OO2a] and [0.9*OO2a]? percent chance OO2c3 - OO2c3 (Added November 2014) And what do you think is the percent chance that you will accept the job if it offers an annual salary for the first year of between [0.9*OO2a] and [1.0*OO2a]? percent chance
labor_market,oo2c3,OO2c3 - OO2c3 (Added November 2014) And what do you think is the percent chance that you will accept the job if it offers an annual salary for the first year of between [0.9*OO2a] and [1.0*OO2a]? percent chance OO2c4 - OO2c4 (Added November 2014) And what do you think is the percent chance that you will accept the job if it offers an annual salary for the first year of between [1.0*OO2a] and [1.1*OO2a]? percent chance
labor_market,oo2c4,OO2c4 - OO2c4 (Added November 2014) And what do you think is the percent chance that you will accept the job if it offers an annual salary for the first year of between [1.0*OO2a] and [1.1*OO2a]? percent chance OO2c5 - OO2c5 (Added November 2014) And what do you think is the percent chance that you will accept the job if it offers an annual salary for the first year of between [1.1*OO2a] and [1.2*OO2a]? percent chance
labor_market,oo2c5,OO2c5 - OO2c5 (Added November 2014) And what do you think is the percent chance that you will accept the job if it offers an annual salary for the first year of between [1.1*OO2a] and [1.2*OO2a]? percent chance OO2c6 - OO2c6 (Added November 2014) And what do you think is the percent chance that you will accept the job if it offers an annual salary for the first year of more than [1.2*OO2a]? percent chance
labor_market,oo2c6,OO2c6 - OO2c6 (Added November 2014) And what do you think is the percent chance that you will accept the job if it offers an annual salary for the first year of more than [1.2*OO2a]? percent chance OO2e2 (Added March 2015) What do you believe your annual earnings will be in 4 months? dollars per year
labor_market,oo2e2,"OO2e2 (Added March 2015) What do you believe your annual earnings will be in 4 months? dollars per year OO2e2dk (Added March 2015)  I will not be working, and so will have zero earnings. (1) OO2f thru OO2g shown if Q10 is code 1,2 or 5 and Q11>0 OO2f - OO2f (Added July 2015)"
labor_market,oo2e2dk,"OO2e2dk (Added March 2015)  I will not be working, and so will have zero earnings. (1) OO2f thru OO2g shown if Q10 is code 1,2 or 5 and Q11>0 OO2f - OO2f (Added July 2015) If you were to receive a job offer from another employer at a higher salary, what do you believe is the percent chance your current employer will match the salary offer? Q113 - Q113 (age < 62)"
labor_market,oo2f,"OO2f thru OO2g shown if Q10 is code 1,2 or 5 and Q11>0 OO2f - OO2f (Added July 2015) If you were to receive a job offer from another employer at a higher salary, what do you believe is the percent chance your current employer will match the salary offer? Q113 - Q113 (age < 62) Thinking about work in general and not just your present job (if you currently work), what do you think is the percent chance that you will be working full-time after you reach age 62?"
labor_market,q113,"Q113 - Q113 (age < 62) Thinking about work in general and not just your present job (if you currently work), what do you think is the percent chance that you will be working full-time after you reach age 62? Q115 - Q115 (age < 67) Thinking again about work in general and not just your present job (if you currently work), what do you think is the percent chance that you will be working full-time after you reach age 67?"
labor_market,q115,"Q115 - Q115 (age < 67) Thinking again about work in general and not just your present job (if you currently work), what do you think is the percent chance that you will be working full-time after you reach age 67? Q117 thru Q120 if Q10 is code 1,2 or 5 Q117 - Q117 At what age do you plan to retire from working altogether? I plan to retire at years of age"
labor_market,q117,"Q117 thru Q120 if Q10 is code 1,2 or 5 Q117 - Q117 At what age do you plan to retire from working altogether? I plan to retire at years of age Q118 - Q118 Has the age at which you plan to retire changed since last year?  I now plan to retire sooner than I did last year (1)  No change in plans (2)"
labor_market,q118,Q118 - Q118 Has the age at which you plan to retire changed since last year?  I now plan to retire sooner than I did last year (1)  No change in plans (2)  I now plan to retire later than I did last year (3) Q119 - Q119 if Q118 =1 How many years earlier do you expect to retire compared to what you had planned? years
labor_market,q119,Q119 - Q119 if Q118 =1 How many years earlier do you expect to retire compared to what you had planned? years Q120 - Q120 if Q118 =3 How many additional years do you expect to be working compared to what you had planned? years
labor_market,q120,"Q120 - Q120 if Q118 =3 How many additional years do you expect to be working compared to what you had planned? years Q121/Q122 if dQ38=1 Q121 - Q121 Thinking about work in general and not just his/her present job (if he/she currently works), what do you think is the percent chance that your spouse/partner will be working full-time after he/she reaches age 62?"
labor_market,q121,"Q121/Q122 if dQ38=1 Q121 - Q121 Thinking about work in general and not just his/her present job (if he/she currently works), what do you think is the percent chance that your spouse/partner will be working full-time after he/she reaches age 62? Q122 - Q122 Thinking again about work in general and not just his/her present job (if he/she currently works), what do you think is the percent chance that your spouse/partner will be working full-time after he/she reaches age 67?"
labor_market,q122,"Q122 - Q122 Thinking again about work in general and not just his/her present job (if he/she currently works), what do you think is the percent chance that your spouse/partner will be working full-time after he/she reaches age 67?"
public_policy,qp1,"QP1 The next question asks about some policy changes that may or may not happen over the next 12 months. What do you think is the percent chance that over the next 12 months there will be an increase/expansion, decrease/reduction, or no change in each of the following? Note that your answer in each row should sum to 100 (NOTE: if answers do not sum to 100, participant responses are recoded to missing). QP1x1 - Increase/"
public_policy,qp1x1,QP1x1 - Increase/ Expansion QP1x2 - No Change QP1x3 - Decrease/ Reduction QP1x4 - I have no idea what this policy is Gasoline tax (1) ______ ______ ______  Federal student loan debt
public_policy,qp1x2,QP1x2 - No Change QP1x3 - Decrease/ Reduction QP1x4 - I have no idea what this policy is Gasoline tax (1) ______ ______ ______  Federal student loan debt forgiveness (2) ______ ______ ______  Federal student aid/Pell grants
public_policy,qp1x3,QP1x3 - Decrease/ Reduction QP1x4 - I have no idea what this policy is Gasoline tax (1) ______ ______ ______  Federal student loan debt forgiveness (2) ______ ______ ______  Federal student aid/Pell grants (3) ______ ______ ______  Public college tuition in your
public_policy,qp1x4,QP1x4 - I have no idea what this policy is Gasoline tax (1) ______ ______ ______  Federal student loan debt forgiveness (2) ______ ______ ______  Federal student aid/Pell grants (3) ______ ______ ______  Public college tuition in your state (4) ______ ______ ______  Federal welfare benefits (5) ______ ______ ______  Unemployment benefits (6) ______ ______ ______ 
public_policy,qp2,"QP2 NOTE: The wording of this item is determined by the change that was assigned the higher probability: an increase/expansion versus a decrease/reduction in a certain policy, or whichever group respondents were randomized into if they do not expect a change or equally expect an increase/expansion and decrease/reduction (i.e. the group defined by hidQP2). Respondents see one of the two wordings listed in the brackets. If the following policy changes were implemented in the next 12 months, how would you and your household be impacted? Very negatively (1) Somewhat negatively (2)"
housing,2022,"2022 Federal Reserve Bank of New York (FRBNY). The SCE data are available without charge at http://www.newyorkfed.org/microeconomics/sce and may be used subject to license terms posted there. FRBNY disclaims any responsibility for this analysis and interpretation of Survey of Consumer Expectations data.” Where figures or graphs present SCE data in a publication that generally includes separate attributions for figures and graphs, use the following attribution for the figure or graph: “Source: Survey of Consumer Expectations, New York Fed.” No Liability. FRBNY makes no representations or warranties of any kind regarding the SCE questions or data. The SCE questions and data are published “AS I"
housing,1,"1 SCE HOUSING SURVEY (FIELDED IN FEBRUARY) Note: The year references in the questions are updated each year; they are denoted by [XX] in the text below. Some questions and response options change across survey years; please see the codebook tabs in the spreadsheet with the microdata for the exact questions and responses in each year. [INTRO] We want to learn about your current housing situation, and your outlook for the future of the housing market. This survey takes about 30 minutes. You will receive $[payment_amount] for completing the"
housing,q39,"Q39 What is the ZIP code of your primary residence (the place where you usually live)? ______________________________ (numeric response 0-99999) Q1 Consider a typical home (house/apartment) in your zip code. What is your best guess of the value of such a home as of today? (By value, we mean how much that typical home would approximately sell for.)"
housing,q1,"Q1 Consider a typical home (house/apartment) in your zip code. What is your best guess of the value of such a home as of today? (By value, we mean how much that typical home would approximately sell for.) ______________________________ dollars (numeric response 0-9999999999; response required) [Randomly Assign half of Respondents to see Version 1 and half to Version 2] Version 1 (Show: Q3a1part2, Q3b2, Q3a2part2, Q3a2part3)"
housing,2,"2 Q3a1 [If Version 1] You estimated the current value of a typical home in your zip code to be [Q1 response]. Now, we would like you to think about the future value of such a home. Over the next 12 months (by February 20[XX]), I expect the value of such a home to...  increase  decrease Q3a1part2 [If Version 1]"
housing,q3a1,"Q3a1 [If Version 1] You estimated the current value of a typical home in your zip code to be [Q1 response]. Now, we would like you to think about the future value of such a home. Over the next 12 months (by February 20[XX]), I expect the value of such a home to...  increase  decrease Q3a1part2 [If Version 1] By about what percent do you expect the value of such a home to [increase/decrease] over the next 12 months? Please give your best guess."
housing,q3a1part2,"Q3a1part2 [If Version 1] By about what percent do you expect the value of such a home to [increase/decrease] over the next 12 months? Please give your best guess. ______________________________ % Q3b2 [If Version 1] You estimated the current value of a typical home in your zip code to be $[Q1 response]. What do you think is the percent chance that the value of such a home, over the next 12 months (by February 20[XX]), will... decrease by 5% or more ______________________________ percent chance"
housing,q3b2,"Q3b2 [If Version 1] You estimated the current value of a typical home in your zip code to be $[Q1 response]. What do you think is the percent chance that the value of such a home, over the next 12 months (by February 20[XX]), will... decrease by 5% or more ______________________________ percent chance decrease by 0% to 5% ______________________________ percent chance increase by 0% to 10% ______________________________ percent chance increase by 10% or more ______________________________ percent chance"
housing,q3a2,"Q3a2 [If Version 1] And over the next 5 years (by February 20[XX]), what do you expect will happen to the value of such a home? Over the next 5 years, I expect the value of such a home to...  increase  decrease Q3a2part2 [If Version 1] By about what percent do you expect the value of such a home to [increase/decrease] over the next 5 years IN TOTAL? Please give your best guess."
housing,q3a2part2,Q3a2part2 [If Version 1] By about what percent do you expect the value of such a home to [increase/decrease] over the next 5 years IN TOTAL? Please give your best guess. 3 ______________________________ % Q3a2part3 [If Version 1] You estimated the current value of a typical home in your zip code to be $[Q1].
housing,3,"3 ______________________________ % Q3a2part3 [If Version 1] You estimated the current value of a typical home in your zip code to be $[Q1]. What do you think is the percent chance that the value of such a home, over the next 5 years IN TOTAL (by February 20[XX]), will... decrease by 10% or more ______________________________ percent chance"
housing,q3a2part3,"Q3a2part3 [If Version 1] You estimated the current value of a typical home in your zip code to be $[Q1]. What do you think is the percent chance that the value of such a home, over the next 5 years IN TOTAL (by February 20[XX]), will... decrease by 10% or more ______________________________ percent chance decrease by 0% to 10% ______________________________ percent chance increase by 0% to 20% ______________________________ percent chance increase by 20% or more ______________________________ percent chance"
housing,q3a,"Q3a [If Version 2] You estimated the current value of a typical home in your zip code to be $[Q1]. Now, we would like you to think about the future value of such a home. What do you think the value of such a home will be: one year from today (in February 20[XX])? _________________ dollars (i.e. a X% increase/decrease) five years from today (in February 20[XX])? _________________ dollars (i.e. a X% increase/decrease) (Autopopulate X based on dollar response)"
housing,q3b,Q3b [If Version 2] You estimated the current value of a typical home in your zip code to be $[Q1]. What do you think is the percent chance that the value of such a home 12 months from today (in February 20[XX]) will be... Less than [0.95*Q1] dollars? ____________ percent chance Between [0.95*Q1] and [Q1] dollars? ____________ percent chance Between [Q1] and [1.1*Q1] dollars? ____________ percent chance
housing,q3c,Q3c [If Version 2] You estimated the current value of a typical home in your zip code to be $[Q1]. 4 What do you think is the percent chance that the value of such a home 5 years from today (in February 20[XX]) will be... Less than [0.9*Q1] dollars? ____________ percent chance
housing,4,4 What do you think is the percent chance that the value of such a home 5 years from today (in February 20[XX]) will be... Less than [0.9*Q1] dollars? ____________ percent chance Between [0.9*Q1] and [Q1] dollars? ____________ percent chance Between [Q1] and [1.2*Q1] dollars? ____________ percent chance
housing,20,"20[XX]) will be... Less than [0.9*Q1] dollars? ____________ percent chance Between [0.9*Q1] and [Q1] dollars? ____________ percent chance Between [Q1] and [1.2*Q1] dollars? ____________ percent chance More than [1.2*Q1] dollars? ____________ percent chance Q3d If the typical home in your zip code (the house/apartment you have considered so far) could be rented,"
housing,q3d,"Q3d If the typical home in your zip code (the house/apartment you have considered so far) could be rented, what do you think the average monthly rent of such a home (excluding utilities) would be... today ______________________________ dollars one year from today (in February 20[XX])? ______________________________ dollars five years from today (in February 20[XX])? ______________________________ dollars [Note: Display Q2a and Q2apart2 on the same page] Q2a"
housing,q2a,"Q2a You estimated the current value of a typical home in your zip code to be $[Q1]. Now, we would like you to think about the past value of a typical home in your zip code. Over the past 12 months (since February 20[XX]), I think the value of such a home has...  increased  decreased Q2apart2 By about what percent do you think the value of such a home has [increased/decreased] over the past 12 months? Please give your best guess. ______________________________ %"
housing,q2apart2,"Q2apart2 By about what percent do you think the value of such a home has [increased/decreased] over the past 12 months? Please give your best guess. ______________________________ % [Note: Display Q2a2 and Q2a2part2 on the same page] Q2a2 Over the past 5 years (since February 20[XX]), I think the value of such a typical home in my zip code has...  increased  decreased"
housing,q2a2,"Q2a2 Over the past 5 years (since February 20[XX]), I think the value of such a typical home in my zip code has...  increased  decreased 5 Q2a2part2 By about what percent do you think the value of such a home has [increased/decreased] IN TOTAL over the past 5 years? Please give your best guess."
housing,5,"5 Q2a2part2 By about what percent do you think the value of such a home has [increased/decreased] IN TOTAL over the past 5 years? Please give your best guess. ______________________________ % BLOCK 2: Housing Screening [All Participants] Next, we would like to ask you a few questions about your current housing situation. Q38"
housing,q2a2part2,"Q2a2part2 By about what percent do you think the value of such a home has [increased/decreased] IN TOTAL over the past 5 years? Please give your best guess. ______________________________ % BLOCK 2: Housing Screening [All Participants] Next, we would like to ask you a few questions about your current housing situation. Q38 Are you currently married or living with a partner (not including roommates)?  Yes"
housing,q38,Q38 Are you currently married or living with a partner (not including roommates)?  Yes  No Q6e How long have you lived in your town/city? ______Year(s) _____Month(s) (Dropdown menu) [Display Q4b through Q4b2 on same page] Q4b Please indicate the type of your current primary residence. Is your primary residence a …
housing,q6e,Q6e How long have you lived in your town/city? ______Year(s) _____Month(s) (Dropdown menu) [Display Q4b through Q4b2 on same page] Q4b Please indicate the type of your current primary residence. Is your primary residence a …  House  Apartment/Condo/Co-op  Townhouse/Duplex  Mobile/manufactured home  Other (please specify) ____________
housing,q4b,Q4b Please indicate the type of your current primary residence. Is your primary residence a …  House  Apartment/Condo/Co-op  Townhouse/Duplex  Mobile/manufactured home  Other (please specify) ____________ Q4b1 Please indicate your best guess as to when your primary residence was built:  0 – 5 years ago  5 – 20 years ago
housing,q4b1,Q4b1 Please indicate your best guess as to when your primary residence was built:  0 – 5 years ago  5 – 20 years ago  20 – 40 years ago  More than 40 years ago Q4b2 Which of the following best describes where you live?  City center/urban area  Suburb less than 20 miles from a city center
housing,q4b2,Q4b2 Which of the following best describes where you live?  City center/urban area  Suburb less than 20 miles from a city center 6  Suburb 20 miles or more from a city center  In a small town  In a rural area  Other
housing,6,6  Suburb 20 miles or more from a city center  In a small town  In a rural area  Other Q4new Which of the following best describe your current housing situation?  Live in residence that I/we own  Renting a residence  Staying with family or friends
housing,q4new,"Q4new Which of the following best describe your current housing situation?  Live in residence that I/we own  Renting a residence  Staying with family or friends  Unstable housing  Homeless  Other, please describe_________ QH1aa When did you move in to your current primary residence:"
housing,qh1aa,"QH1aa When did you move in to your current primary residence: (Response: drop-down menu 2022-1950 + ""before 1950"") QH1b When you moved to your primary residence, how long did you expect to stay in this home?  Less than 2 years  2-3 years  4-5 years  6-7 years"
housing,qh1b,"QH1b When you moved to your primary residence, how long did you expect to stay in this home?  Less than 2 years  2-3 years  4-5 years  6-7 years  8-10 years  More than 10 years  Had no specific time frame in mind QH1c How many more years do you expect to stay in this home as of today?"
housing,qh1c,QH1c How many more years do you expect to stay in this home as of today?  Less than 2 years  2-3 years  4-5 years  6-7 years  8-10 years  More than 10 years Q10 What is your current employment situation?
housing,q10,"Q10 What is your current employment situation? 7  Working full-time (for someone or self-employed)  Working part-time (for someone or self-employed)  Not working, but would like to work  Temporarily laid off  On sick or other leave  Permanently disabled or unable to work  Retiree or early retiree"
housing,7,"7  Working full-time (for someone or self-employed)  Working part-time (for someone or self-employed)  Not working, but would like to work  Temporarily laid off  On sick or other leave  Permanently disabled or unable to work  Retiree or early retiree  Student, at school or in training  Homemaker  Other (please specify) _________"
housing,qh2newb,"QH2newb How did you acquire your primary residence?  Financed with a mortgage  Cash purchase  Inherited/gift  Other, please describe _________ QH2 [If QH2newb != “Inherited/gift”] What was the purchase price of this home? ______________________________ dollars"
housing,qh2,"QH2 [If QH2newb != “Inherited/gift”] What was the purchase price of this home? ______________________________ dollars QH2new [If QH2newb = “Financed with a mortgage”] How much was your down payment? ______________________________ dollars QH3 Now, please think about the current and future value of your home, under the assumption that you don’t"
housing,qh2new,"QH2new [If QH2newb = “Financed with a mortgage”] How much was your down payment? ______________________________ dollars QH3 Now, please think about the current and future value of your home, under the assumption that you don’t make any investments in your home other than regular maintenance/repairs. What do you think your home would sell for: today ______________________________ dollars one year from today (in February 20[XX])? ______________________________ dollars"
housing,qh3,"QH3 Now, please think about the current and future value of your home, under the assumption that you don’t make any investments in your home other than regular maintenance/repairs. What do you think your home would sell for: today ______________________________ dollars one year from today (in February 20[XX])? ______________________________ dollars 8"
housing,8,"8 five years from today (in February 20[XX])? ______________________________ dollars QH3bnew What is the percent chance that you will put your primary residence up for sale in the next 12 months? (USE CUSTOM SLIDER) QH4Bnew What do you think is the percent chance that you will make any investments in your home (such as remodeling, additions, upgrades, landscaping, but not including regular maintenance and repairs) costing"
housing,qh3bnew,"QH3bnew What is the percent chance that you will put your primary residence up for sale in the next 12 months? (USE CUSTOM SLIDER) QH4Bnew What do you think is the percent chance that you will make any investments in your home (such as remodeling, additions, upgrades, landscaping, but not including regular maintenance and repairs) costing more than $5,000 total: Over the next 12 months (February 20[XX] to February 20[XX]) (USE CUSTOM SLIDER)"
housing,qh4bnew,"QH4Bnew What do you think is the percent chance that you will make any investments in your home (such as remodeling, additions, upgrades, landscaping, but not including regular maintenance and repairs) costing more than $5,000 total: Over the next 12 months (February 20[XX] to February 20[XX]) (USE CUSTOM SLIDER) Over the next three years (February 20[XX] to February 20[XX]) (USE CUSTOM SLIDER) [QH4b1new]: And looking at the more immediate future, what do you think is the percent chance"
housing,qh5,"QH5 Do you [IF Q38 = “Yes”: add ‘and/or your spouse/partner’] have any outstanding loans against the value of your home, including all mortgages, home equity loans and home equity lines of credit?  Yes, mortgage(s) only  Yes, home equity loans/lines of credit only  Yes, both mortgage(s) and home equity loans/lines of credit  No QH5a [ASK IF QH5 != “No”] Approximately, what is the total amount of outstanding loans against your primary residence as of today, including all mortgages and home equity loans?"
housing,qh5a,"QH5a [ASK IF QH5 != “No”] Approximately, what is the total amount of outstanding loans against your primary residence as of today, including all mortgages and home equity loans? ______________________________ dollars QH5c [ASK IF QH5 != “No”] Approximately, how much do you pay per month in total on all outstanding loans against your primary residence (including all mortgages and home equity loans)? 9"
housing,qh5c,"QH5c [ASK IF QH5 != “No”] Approximately, how much do you pay per month in total on all outstanding loans against your primary residence (including all mortgages and home equity loans)? 9 ______________________________ dollars QH5d During the past 12 months, did you miss two or more payments on any outstanding loans against your primary residence (including all mortgages and home equity loans)?  Yes"
housing,9,"9 ______________________________ dollars QH5d During the past 12 months, did you miss two or more payments on any outstanding loans against your primary residence (including all mortgages and home equity loans)?  Yes  No QH5d2 [IF QH5d = “Yes” ASK QH5d2] Which of the following are reasons you missed two or more payments on loans against your home?"
housing,qh5d,"QH5d During the past 12 months, did you miss two or more payments on any outstanding loans against your primary residence (including all mortgages and home equity loans)?  Yes  No QH5d2 [IF QH5d = “Yes” ASK QH5d2] Which of the following are reasons you missed two or more payments on loans against your home? (Select all that apply)  Health issues/medical bills  A disability  Job loss/unemployment"
housing,qh5d2,QH5d2 [IF QH5d = “Yes” ASK QH5d2] Which of the following are reasons you missed two or more payments on loans against your home? (Select all that apply)  Health issues/medical bills  A disability  Job loss/unemployment  Reduction in income  Death of a spouse  Separation or divorce  Increase in monthly mortgage payment due  Decline in home value  Accidentally forgot to pay
housing,qh5enew,QH5enew What do you think is the percent chance that over the next 12 months you will miss two or more payments on any outstanding loans against your home? (USE CUSTOM SLIDER) Qh5l_1 What is the percent chance that over the next 12 months you will enter foreclosure or lose your home through a repossession? ______________________________ %
housing,qh5l1,Qh5l_1 What is the percent chance that over the next 12 months you will enter foreclosure or lose your home through a repossession? ______________________________ % Qh5m2_1 What is the current interest rate on your mortgage? ______________________________ %
housing,qh5m21,Qh5m2_1 What is the current interest rate on your mortgage? ______________________________ % 10 QH6b What is the percent chance that over the next 12 months you will refinance the mortgage on your primary residence?
housing,10,10 QH6b What is the percent chance that over the next 12 months you will refinance the mortgage on your primary residence? (USE CUSTOM SLIDER) QH6a0 Have you ever refinanced your mortgage (on your current primary residence or an earlier one)?  Yes  No
housing,qh6b,"QH6b What is the percent chance that over the next 12 months you will refinance the mortgage on your primary residence? (USE CUSTOM SLIDER) QH6a0 Have you ever refinanced your mortgage (on your current primary residence or an earlier one)?  Yes  No QH6a_ym [IF QH6a0 = “Yes”, ask QH6a_ym on the same page]"
housing,qh6a0,"QH6a0 Have you ever refinanced your mortgage (on your current primary residence or an earlier one)?  Yes  No QH6a_ym [IF QH6a0 = “Yes”, ask QH6a_ym on the same page] When did you last refinance your mortgage? ______Year _____Month (Dropdown menu) QH6a2 [IF QH6a0 = “Yes”] When you last refinanced, how did the terms of your mortgage change?"
housing,qh6aym,"QH6a_ym [IF QH6a0 = “Yes”, ask QH6a_ym on the same page] When did you last refinance your mortgage? ______Year _____Month (Dropdown menu) QH6a2 [IF QH6a0 = “Yes”] When you last refinanced, how did the terms of your mortgage change?  The interest rate was lowered  The balance on the mortgage increased (I cashed out some of the equity in my home)  The term of the mortgage changed (for instance, changed from a 15-year to a 30-year mortgage, changed from an adjustable/floating rate mortgage to a fixed-rate mortgage or vice versa)  Other (please specify) ____________"
housing,qh6a2,"QH6a2 [IF QH6a0 = “Yes”] When you last refinanced, how did the terms of your mortgage change?  The interest rate was lowered  The balance on the mortgage increased (I cashed out some of the equity in my home)  The term of the mortgage changed (for instance, changed from a 15-year to a 30-year mortgage, changed from an adjustable/floating rate mortgage to a fixed-rate mortgage or vice versa)  Other (please specify) ____________ QH6a2b [IF QH6a2 = “The balance on the mortgage increased” ask QH6a2b on the same page] You indicated that you increased the balance on your mortgage when you last refinanced. What did you"
housing,qh6a2b,"QH6a2b [IF QH6a2 = “The balance on the mortgage increased” ask QH6a2b on the same page] You indicated that you increased the balance on your mortgage when you last refinanced. What did you use this money for?  To make renovations or improvements to the home  To help pay my other debt, such as credit card debt, auto loans, student loans, or medical bills  To make purchases unrelated to home improvements  Put it into my savings  Other (please specify) ____________ QH6c [Ask IF QH6b > 0] If you do end up refinancing over the next 12 months, what would be your reasons for doing so? (Select all that apply)"
housing,qh6c,"QH6c [Ask IF QH6b > 0] If you do end up refinancing over the next 12 months, what would be your reasons for doing so? (Select all that apply)  Lower the interest rate on my mortgage  Increase the balance on my mortgage (cash out some of the equity in my home)  Change my mortgage terms (for instance, change from a 15-year to a 30-year mortgage, change from an adjustable/floating rate mortgage to a fixed-rate mortgage or vice versa) 11  Other (please specify) ____________  I/we have no interest in refinancing over the next 12 months"
housing,11,"11  Other (please specify) ____________  I/we have no interest in refinancing over the next 12 months QH6d [ASK IF (QH6a_ym < March 2020 OR QH6a0 = “No”) AND QH1aa<2020] Why haven’t you refinanced since the drop in mortgage rates in March 2020? (Select all that apply)  Mortgage rates haven't dropped enough to justify refinance  I plan to, but haven’t had enough time to apply  Too much paperwork and effort required  The upfront fee is too high"
housing,qh6d,"QH6d [ASK IF (QH6a_ym < March 2020 OR QH6a0 = “No”) AND QH1aa<2020] Why haven’t you refinanced since the drop in mortgage rates in March 2020? (Select all that apply)  Mortgage rates haven't dropped enough to justify refinance  I plan to, but haven’t had enough time to apply  Too much paperwork and effort required  The upfront fee is too high  I did apply but lenders were slow to process  I lost part of my income and would not qualify for a mortgage  My credit record is not good enough to qualify for a mortgage  I am not sure how long I will stay at my primary residence  The remaining maturity on my mortgage is too short to justify refinance"
housing,qh7,"QH7 What is the percent chance that over the next 12 months, you will apply for an additional loan on your primary residence? (USE CUSTOM SLIDER) QH7b [Ask if QH7 > 0] If you do end up taking out an additional loan on your primary residence over the next 12 months, what would you use it for? (Select all that apply)  To make renovations or improvements to the home  To help pay my other debt, such as credit card debt, auto loans, student loans, or medic al bills  To make purchases unrelated to home improvements  To put in a savings account"
housing,qh7b,"QH7b [Ask if QH7 > 0] If you do end up taking out an additional loan on your primary residence over the next 12 months, what would you use it for? (Select all that apply)  To make renovations or improvements to the home  To help pay my other debt, such as credit card debt, auto loans, student loans, or medic al bills  To make purchases unrelated to home improvements  To put in a savings account  Other (please specify) ____________ [Note: Display QH8_1 through QH8_5 on the same page]"
housing,qh8,QH8 We would now like to ask you about how natural disasters and severe weather events have impacted your household recently. QH8_1 Do you think natural disasters or severe weather events have negatively affected your home value over the past 3 years? 12
housing,qh81,QH8_1 Do you think natural disasters or severe weather events have negatively affected your home value over the past 3 years? 12  Yes  No  Unsure
housing,12,"12  Yes  No  Unsure QH8_2 Has your household made any investments in disaster-related adaptation, such as weatherproofing or retrofitting, in response to the threat of natural disasters or severe weather events over the past 3 years? (Please exclude any purchases of disaster-related insurance.)"
housing,qh82,"QH8_2 Has your household made any investments in disaster-related adaptation, such as weatherproofing or retrofitting, in response to the threat of natural disasters or severe weather events over the past 3 years? (Please exclude any purchases of disaster-related insurance.)  Yes  No QH8_3 [ASK IF QH8_2= “Yes”] How much roughly, have you invested in such adaptations over the past 3 years excluding insurance?"
housing,qh83,"QH8_3 [ASK IF QH8_2= “Yes”] How much roughly, have you invested in such adaptations over the past 3 years excluding insurance? ______________ dollars QH8_4 Have you had to pay higher out of pocket disaster-related insurance costs over the past 3 years in response to the threat of natural disasters of severe weather events?  Yes"
housing,qh84,"QH8_4 Have you had to pay higher out of pocket disaster-related insurance costs over the past 3 years in response to the threat of natural disasters of severe weather events?  Yes  No QH8_5 [ASK IF QH8_4= “Yes”] How much roughly, have you had to pay out of pocket in disaster-related insurance costs over the past three years?"
housing,qh85,"QH8_5 [ASK IF QH8_4= “Yes”] How much roughly, have you had to pay out of pocket in disaster-related insurance costs over the past three years? ______________ dollars [Note: Display QH9_1 through QH9_4 on the same page] QH9 What is the likelihood the risk of natural disasters or severe weather events in the future will…"
housing,qh9,QH9 What is the likelihood the risk of natural disasters or severe weather events in the future will… QH9_1 Decrease your home price over the next 12 months (USE CUSTOM SLIDER) QH9_2 Decrease your home price over the next three years (USE CUSTOM SLIDER) QH9_3
housing,qh91,QH9_1 Decrease your home price over the next 12 months (USE CUSTOM SLIDER) QH9_2 Decrease your home price over the next three years (USE CUSTOM SLIDER) QH9_3 13
housing,qh92,QH9_2 Decrease your home price over the next three years (USE CUSTOM SLIDER) QH9_3 13 Increase your out-of-pocket adaptation / retrofit or insurance costs (including premiums or personal savings for disasters) over the next 12 months (USE CUSTOM SLIDER)
housing,qh93,QH9_3 13 Increase your out-of-pocket adaptation / retrofit or insurance costs (including premiums or personal savings for disasters) over the next 12 months (USE CUSTOM SLIDER) QH9_4 Increase your out-of-pocket adaptation / retrofit or insurance costs (including premiums or personal savings for disasters) over the next three years (USE CUSTOM SLIDER)
housing,13,13 Increase your out-of-pocket adaptation / retrofit or insurance costs (including premiums or personal savings for disasters) over the next 12 months (USE CUSTOM SLIDER) QH9_4 Increase your out-of-pocket adaptation / retrofit or insurance costs (including premiums or personal savings for disasters) over the next three years (USE CUSTOM SLIDER) QH10
housing,qh94,QH9_4 Increase your out-of-pocket adaptation / retrofit or insurance costs (including premiums or personal savings for disasters) over the next three years (USE CUSTOM SLIDER) QH10 How many homes do you currently own?  0  1  2  3
housing,qh10,QH10 How many homes do you currently own?  0  1  2  3  4  5  6  7  8
housing,qh10dd,"QH10dd (Ask if QH10>1) What do you use this/these additional residence(s) for?  As a vacation/second home (which may include renting it out part-time, including AirBnB/Vrbo etc.)  As an investment property (to rent it out full-time, or to sell at a higher price later, including AirBnB/Vrbo etc.)  As residence for a family member or other associated person  Other, please specify ____________ BLOCK 4: Renters [Ask if Q4 != “Live in residence that I/we own”] QR2a How much is the total monthly rent for your home (regardless of whether you pay the whole amount"
housing,qr2a,QR2a How much is the total monthly rent for your home (regardless of whether you pay the whole amount yourself or split it with others)? ______________________________ dollars 14 QR2anew Does this amount include some or all utilities?  Includes some utilities
housing,14,14 QR2anew Does this amount include some or all utilities?  Includes some utilities  Includes all utilities  Does not include any utilities [Note: Display QR2anew2 – part2 on same page] QR2anew2 Do you split your rent with anybody other than your spouse/partner?  Yes
housing,qr2anew,QR2anew Does this amount include some or all utilities?  Includes some utilities  Includes all utilities  Does not include any utilities [Note: Display QR2anew2 – part2 on same page] QR2anew2 Do you split your rent with anybody other than your spouse/partner?  Yes  No
housing,qr2anew2,"QR2anew2 Do you split your rent with anybody other than your spouse/partner?  Yes  No QR2anew2part1 [Ask if QR2anew2 = “yes”] How many roommates/housemates, other than your spouse/partner? ______________________________ QR2anew2part2 [Ask if QR2anew2 = 1] What is your share of the monthly rent in dollars?"
housing,qr2anew2part1,"QR2anew2part1 [Ask if QR2anew2 = “yes”] How many roommates/housemates, other than your spouse/partner? ______________________________ QR2anew2part2 [Ask if QR2anew2 = 1] What is your share of the monthly rent in dollars? ______________________ dollars QR2c What do you think the total monthly rent for the home you are currently in will be:"
housing,qr2anew2part2,QR2anew2part2 [Ask if QR2anew2 = 1] What is your share of the monthly rent in dollars? ______________________ dollars QR2c What do you think the total monthly rent for the home you are currently in will be: one year from today (in February 20[XX])? ______________________________ dollars five years from today (in February 20[XX])? ______________________________ dollars [Note: Display QR3 – QR3b on same page]
housing,qr2c,QR2c What do you think the total monthly rent for the home you are currently in will be: one year from today (in February 20[XX])? ______________________________ dollars five years from today (in February 20[XX])? ______________________________ dollars [Note: Display QR3 – QR3b on same page] QR3 Were you unable to make a rent payment over the past 12 months?  Yes  No
housing,qr3,QR3 Were you unable to make a rent payment over the past 12 months?  Yes  No 15 QR3b [Ask if QR3 = 1] Which of the following are reasons you were unable to make a rent payment? (Select all that apply)  Health issues/medical bills  A disability
housing,15,15 QR3b [Ask if QR3 = 1] Which of the following are reasons you were unable to make a rent payment? (Select all that apply)  Health issues/medical bills  A disability  Job loss/unemployment  Reduction in income  Death of a spouse  Separation or divorce  Increase in rent
housing,qr3b,QR3b [Ask if QR3 = 1] Which of the following are reasons you were unable to make a rent payment? (Select all that apply)  Health issues/medical bills  A disability  Job loss/unemployment  Reduction in income  Death of a spouse  Separation or divorce  Increase in rent  Accidentally forgot to pay  Other (please specify) ____________
housing,qr4,QR4 What do you think is the percent chance that over the next 12 months you will be unable to make a rent payment? (USE CUSTOM SLIDER) QR11a What do you think is the percent chance that you will be evicted* from your primary residence Over the next 12 months (by February 20[XX])? ________________ % Over the next three years (by February 20[XX])? ________________ % *Eviction is the process by which renters are forced to leave their home by their landlord.
housing,qr11a,"QR11a What do you think is the percent chance that you will be evicted* from your primary residence Over the next 12 months (by February 20[XX])? ________________ % Over the next three years (by February 20[XX])? ________________ % *Eviction is the process by which renters are forced to leave their home by their landlord. QR5 If you [If Q38 = “Yes”: add ‘and/or your spouse/partner’] wanted to buy a home today, do you think it would be easy or difficult for you to obtain a home mortgage?"
housing,qr5,"QR5 If you [If Q38 = “Yes”: add ‘and/or your spouse/partner’] wanted to buy a home today, do you think it would be easy or difficult for you to obtain a home mortgage? Very easy Somewhat easy Neither easy nor difficult Somewhat difficult Very difficult QR7a"
housing,qr7a,"QR7a Have you ever owned a home?  Yes  No 16 QR8 Assuming you had the financial resources to do so, would you like to own instead of rent your primary residence?  Yes, would strongly prefer owning  Yes, would prefer owning"
housing,16,"16 QR8 Assuming you had the financial resources to do so, would you like to own instead of rent your primary residence?  Yes, would strongly prefer owning  Yes, would prefer owning  Indifferent between owning and renting  No, would prefer renting  No, would strongly prefer renting QR9"
housing,qr8,"QR8 Assuming you had the financial resources to do so, would you like to own instead of rent your primary residence?  Yes, would strongly prefer owning  Yes, would prefer owning  Indifferent between owning and renting  No, would prefer renting  No, would strongly prefer renting QR9 What do you think is the percent chance that you will own a primary residence at some point in the future?"
housing,qr9,QR9 What do you think is the percent chance that you will own a primary residence at some point in the future? (USE CUSTOM SLIDER) QR9b [IF QR9 > 0 ASK QR9b] At what point in the future do you think you will own a primary residence? Please provide us with your best guess.  In less than 1 year  In 1-2 years  In 3-5 years  In 5-10 years
housing,qr9b,QR9b [IF QR9 > 0 ASK QR9b] At what point in the future do you think you will own a primary residence? Please provide us with your best guess.  In less than 1 year  In 1-2 years  In 3-5 years  In 5-10 years  More than 10 years in the future QR12 Which of the following describes how changes in home prices over the last year have affected your housing investment plans? (Please select all that apply)
housing,qr12,"QR12 Which of the following describes how changes in home prices over the last year have affected your housing investment plans? (Please select all that apply)  My household still prefers to rent despite changes in house prices  Recent changes in prices have accelerated my household’s search to purchase a home  My household wants to purchase a home, but is waiting until prices come down  My household was previously planning to purchase a home, but now prefers to save or invest in other assets such as stocks  My household was previously planning to purchase a home, but now renting is a better financial decision"
housing,q5,Q5 Assume that you applied for a 30-year fixed-rate mortgage today. What mortgage interest rate do you think you would qualify for? 17 ______________________ % Q5dk [on the same page as Q5]  I would not qualify at any mortgage rate. Q5b
housing,17,17 ______________________ % Q5dk [on the same page as Q5]  I would not qualify at any mortgage rate. Q5b What do you think is the average interest rate (for all borrowers) on a new 30-year fixed-rate mortgage as of today? ______________________ %
housing,q5dk,Q5dk [on the same page as Q5]  I would not qualify at any mortgage rate. Q5b What do you think is the average interest rate (for all borrowers) on a new 30-year fixed-rate mortgage as of today? ______________________ % Q5c What do you think the average interest rate on a 30-year fixed-rate mortgage will be:
housing,q5b,Q5b What do you think is the average interest rate (for all borrowers) on a new 30-year fixed-rate mortgage as of today? ______________________ % Q5c What do you think the average interest rate on a 30-year fixed-rate mortgage will be: one year from today (in February 20[XX])? ______________________________ % three years from today (in February 20[XX])? ______________________________ %
housing,q5c,Q5c What do you think the average interest rate on a 30-year fixed-rate mortgage will be: one year from today (in February 20[XX])? ______________________________ % three years from today (in February 20[XX])? ______________________________ % Q5d What do you think is the percent chance that one year from today (in February 20[XX]) the average interest rate on a 30-year fixed-rate mortgage will be…
housing,q5d,Q5d What do you think is the percent chance that one year from today (in February 20[XX]) the average interest rate on a 30-year fixed-rate mortgage will be… Lower than [Q5b - 1]%? _________________________ percent chance Between [Q5b - 1]% and [Q5b]%? _________________________ percent chance Between [Q5b]% and [Q5b + 2]%? _________________________ percent chance Higher than [Q5b + 2]%? _________________________ percent chance
housing,q5f,"Q5f Compared to 12 months ago, do you think it is generally harder or easier these days for people to obtain a mortgage? Much harder Somewhat harder Equally easy/hard Somewhat easier Much easier Q5g Looking ahead, do you think that 12 months from now it will generally be harder or easier for people to"
housing,q5g,"Q5g Looking ahead, do you think that 12 months from now it will generally be harder or easier for people to obtain a mortgage than it is currently? Much harder Somewhat harder Equally easy/hard Somewhat easier Much easier 18"
housing,18,"18 Q5h And looking further into the future, do you think that three years from now it will generally be harder or easier for people to obtain a mortgage than it is currently? Much harder Somewhat harder Equally easy/hard Somewhat easier Much easier"
housing,q5h,"Q5h And looking further into the future, do you think that three years from now it will generally be harder or easier for people to obtain a mortgage than it is currently? Much harder Somewhat harder Equally easy/hard Somewhat easier Much easier Q5i Do you think that 12 months from now economic conditions in your county will be better or worse than"
housing,q5i,Q5i Do you think that 12 months from now economic conditions in your county will be better or worse than they are currently? Much worse Somewhat worse Unchanged Somewhat better Much better Q5j
housing,q5j,"Q5j And looking further into the future, do you think that three years from now economic conditions in your county will be better or worse than they are currently? Much worse Somewhat worse Unchanged Somewhat better Much better"
housing,q6d,"Q6d We would now like you to think about your future moving plans. What is the percent chance that over the next 12 months (by February 20[XX]) you will move to a different primary residence? (USE CUSTOM SLIDER) Q6a And looking further into the future, what is the percent chance that over the next three years (by February 20[XX]) you will move to a different primary residence? (USE CUSTOM SLIDER) [Note: Display Q6b and Q6c on the same screen]"
housing,q6a,"Q6a And looking further into the future, what is the percent chance that over the next three years (by February 20[XX]) you will move to a different primary residence? (USE CUSTOM SLIDER) [Note: Display Q6b and Q6c on the same screen] 19 Q6b If you were to move to a different primary residence over the next three years, what is the percent chance that this home would be in your current county?"
housing,19,"19 Q6b If you were to move to a different primary residence over the next three years, what is the percent chance that this home would be in your current county? (USE CUSTOM SLIDER) Q6c And if you were to move to a different primary residence over the next three years, what is the percent chance that you [If Q38 = “Yes”: add ‘and/or your spouse/partner’] would buy (as opposed to rent) your new home? (USE CUSTOM SLIDER)"
housing,q6b,"Q6b If you were to move to a different primary residence over the next three years, what is the percent chance that this home would be in your current county? (USE CUSTOM SLIDER) Q6c And if you were to move to a different primary residence over the next three years, what is the percent chance that you [If Q38 = “Yes”: add ‘and/or your spouse/partner’] would buy (as opposed to rent) your new home? (USE CUSTOM SLIDER)"
housing,q6c,"Q6c And if you were to move to a different primary residence over the next three years, what is the percent chance that you [If Q38 = “Yes”: add ‘and/or your spouse/partner’] would buy (as opposed to rent) your new home? (USE CUSTOM SLIDER) BLOCK 7: Miscellaneous [All Participants] Q7 If someone had a large sum of money that they wanted to invest, would you say that relative to other"
housing,q7,"Q7 If someone had a large sum of money that they wanted to invest, would you say that relative to other possible financial investments, buying property in your zip code today is  A very good investment  A somewhat good investment  Neither good nor bad as an investment  A somewhat bad investment  A very bad investment Q7a What is the percent chance that over the next three years (between February 20[XX] and February 20[XX]) you [If Q38 = “Yes”: add ‘and/or your spouse/partner’] will buy a home that you would NOT use as"
housing,q7a,"Q7a What is the percent chance that over the next three years (between February 20[XX] and February 20[XX]) you [If Q38 = “Yes”: add ‘and/or your spouse/partner’] will buy a home that you would NOT use as your primary residence (meaning you would use it as a vacation home, or as an investment property, etc.)? (USE CUSTOM SLIDER) Q7b [Ask if Q7a>0] If you [If Q38 = “Yes”: add ‘and/or your spouse/partner’] were to buy such a home over the next three years, what would you most likely use it as?  As a vacation/second home (which may include renting it out part-time, including AirBnB/Vrbo etc.)  As an investment property (to rent it out full-time, or to sell at a higher price later, including"
housing,q7b,"Q7b [Ask if Q7a>0] If you [If Q38 = “Yes”: add ‘and/or your spouse/partner’] were to buy such a home over the next three years, what would you most likely use it as?  As a vacation/second home (which may include renting it out part-time, including AirBnB/Vrbo etc.)  As an investment property (to rent it out full-time, or to sell at a higher price later, including AirBnB/Vrbo etc.)  As residence for a family member or other associated person  Other (please specify) ____________ 20"
housing,q4e1,Q4e1 Do you personally know any individuals/families who have been evicted* since 2006?  Yes  No Q4e2 Have you been evicted* from a home you were renting?  Yes  No *Eviction is the process by which renters are forced to leave their home by their landlord.
housing,q4e2,Q4e2 Have you been evicted* from a home you were renting?  Yes  No *Eviction is the process by which renters are forced to leave their home by their landlord. Q4e3 [If Q4e2 = “Yes”] What year did this happen? ___________ (enter year)
housing,q4e3,Q4e3 [If Q4e2 = “Yes”] What year did this happen? ___________ (enter year) Q4e4 [If Q4e2 = “Yes”] Which of the following were factors in your being evicted? (Select all that apply)  Health issues/medical bills  A disability  Job loss/unemployment
housing,q4e4,Q4e4 [If Q4e2 = “Yes”] Which of the following were factors in your being evicted? (Select all that apply)  Health issues/medical bills  A disability  Job loss/unemployment  Reduction in income  Death of a spouse  Separation or divorce  Increase in monthly rent or utility costs due  Damage to unit  Living arrangements deemed unacceptable by landlord  Building sold to a new owner
housing,q10e,"Q10e Were you or anybody you know personally affected by severe weather events or natural disasters over the last three years (hurricanes/storms, flooding, wildfires, landslides, earthquakes, etc.)? 21  Yes  No Q10f1 What do you think is the percent chance that some homes in your local area will be severely damaged or destroyed by a natural disaster or severe weather events over the next three years?"
housing,21,21  Yes  No Q10f1 What do you think is the percent chance that some homes in your local area will be severely damaged or destroyed by a natural disaster or severe weather events over the next three years? ______________________________ % Q14
housing,q10f1,Q10f1 What do you think is the percent chance that some homes in your local area will be severely damaged or destroyed by a natural disaster or severe weather events over the next three years? ______________________________ % Q14 What would you say is your credit score?  Below 620  620-679  680-719  720-760
housing,q14,Q14 What would you say is your credit score?  Below 620  620-679  680-719  720-760  above 760  Don’t know Feedback Do you have any comments about the survey or the survey experience?
job_search,1,"1 SCE JOB SEARCH SUPPLEMENT DATASET CODEBOOK MAY 2023 Note: As of 2023, we are posting a newly formatted data file, replacing the ones we had posted previously. Please note that some of the variable names may have changed. Going forward, we will be updating and adding new data to this file. SUMMARY This document lists the survey details as well as survey questions and their possible responses for the Survey of Consumer Expectations (SCE) Job Search Supplement."
job_search,2013,"2013 1,333 2017 1,120 2014 1,225 2018 1,172 2015 1,065 2019 1,102 2016 1,174 2020 965 Micro Data and Codebook Details Within the public Job Search Supplement dataset, variables are named based on their survey question number, which corresponds to the question number listed in this Codebook. Next to each question, the Codebook also lists the skip logic that defines the scope of respondents who are asked the question. Some questions allow the respondent to “check all that apply.” These questions have a separate variable (roughly named after the response option) equal to one if the respondent checked the option and zero otherwise. These"
job_search,2014,"2014 1,225 2018 1,172 2015 1,065 2019 1,102 2016 1,174 2020 965 Micro Data and Codebook Details Within the public Job Search Supplement dataset, variables are named based on their survey question number, which corresponds to the question number listed in this Codebook. Next to each question, the Codebook also lists the skip logic that defines the scope of respondents who are asked the question. Some questions allow the respondent to “check all that apply.” These questions have a separate variable (roughly named after the response option) equal to one if the respondent checked the option and zero otherwise. These questions are tagged with a “[CA]” label in the Codebook."
job_search,2015,"2015 1,065 2019 1,102 2016 1,174 2020 965 Micro Data and Codebook Details Within the public Job Search Supplement dataset, variables are named based on their survey question number, which corresponds to the question number listed in this Codebook. Next to each question, the Codebook also lists the skip logic that defines the scope of respondents who are asked the question. Some questions allow the respondent to “check all that apply.” These questions have a separate variable (roughly named after the response option) equal to one if the respondent checked the option and zero otherwise. These questions are tagged with a “[CA]” label in the Codebook."
job_search,2016,"2016 1,174 2020 965 Micro Data and Codebook Details Within the public Job Search Supplement dataset, variables are named based on their survey question number, which corresponds to the question number listed in this Codebook. Next to each question, the Codebook also lists the skip logic that defines the scope of respondents who are asked the question. Some questions allow the respondent to “check all that apply.” These questions have a separate variable (roughly named after the response option) equal to one if the respondent checked the option and zero otherwise. These questions are tagged with a “[CA]” label in the Codebook. Some questions allowed respondents to provide an open-ended “Other"
job_search,2,"2 Faberman, R. Jason, Andreas Mueller, Ayşegül Şahin, and Giorgio Topa, 2017. “Job Search Behavior among the Employed and Non-Employed,” Econometrica, July 2022, Vol 90(4): 1743-79. 2 notes these changes with note in brackets that briefly describe the change. In some cases, the survey added new options for question responses or revised existing responses. In these cases, the revision is also noted next to the relevant response. One notable change was the revision of how the survey asked about labor force status after 2013. In 2013, the survey asked a single question about employment or nonemployment status (Question L1). From 2014 forward, the survey first asks about employment status (Quest"
job_search,3,"3 L. GENERAL LABOR MARKET QUESTIONS L1a. [All respondents] [Introduced in 2014; options originally in Question L1 in 2013] Are you currently working for pay, either for yourself or for someone else? ❑ Yes, working for pay full-time (1) ❑ Yes, working for pay part-time (2) ❑ No (3) L1. [If L1a = 3] [RC] [Revised in 2014 and 2020; split into Questions L1a, L1 in 2014] You said that you are not currently working for pay. Which of the following BEST describes your current employment situation? ❑ Yes, working for pay full-time [(Option (1) in 2013, moved to L1a afterward]"
job_search,l1a,"L1a. [All respondents] [Introduced in 2014; options originally in Question L1 in 2013] Are you currently working for pay, either for yourself or for someone else? ❑ Yes, working for pay full-time (1) ❑ Yes, working for pay part-time (2) ❑ No (3) L1. [If L1a = 3] [RC] [Revised in 2014 and 2020; split into Questions L1a, L1 in 2014] You said that you are not currently working for pay. Which of the following BEST describes your current employment situation? ❑ Yes, working for pay full-time [(Option (1) in 2013, moved to L1a afterward] ❑ Yes, working for pay part-time [Option (2) in 2013, moved to L1a afterward] ❑ Not working, but would like to work (1) [Option (3) in 2013] ❑ Temporarily laid of"
job_search,l1,"L1. [If L1a = 3] [RC] [Revised in 2014 and 2020; split into Questions L1a, L1 in 2014] You said that you are not currently working for pay. Which of the following BEST describes your current employment situation? ❑ Yes, working for pay full-time [(Option (1) in 2013, moved to L1a afterward] ❑ Yes, working for pay part-time [Option (2) in 2013, moved to L1a afterward] ❑ Not working, but would like to work (1) [Option (3) in 2013] ❑ Temporarily laid off or on furlough (2) [Option (4) in 2013; “or on furlough” added in 2020] ❑ On sick leave or other temporary personal leave (3) [Option (5) in 2013; “personal” added in 2020] ❑ Permanently disabled or unable to work (4) [Option (6) in 2013] ❑ Ret"
job_search,l2a,"L2a. [All employed, including temporary layoffs] Altogether, how many jobs do you have (including the job from which you were temporarily laid off, but) excluding volunteer or other unpaid work)? (1) ______________________________ job(s) L4 [Employed only, including on layoff] In your main/current job, do you work for someone else or are you self-employed?  Self-employed (1)  Work for someone else (0) L5 [Non-employed only, but including those on layoff] Have you done anything in the LAST 4 WEEKS to look for work?  Yes (1)  No (0)"
job_search,l4,"L4 [Employed only, including on layoff] In your main/current job, do you work for someone else or are you self-employed?  Self-employed (1)  Work for someone else (0) L5 [Non-employed only, but including those on layoff] Have you done anything in the LAST 4 WEEKS to look for work?  Yes (1)  No (0) L5b [Follow up, if L5 = 2 (no search in last 4 weeks)] Would you want a job, either full-time or part-time, if one was offered to you?  Yes (1)  Maybe, depending on the job and circumstances (2)"
job_search,l5,"L5 [Non-employed only, but including those on layoff] Have you done anything in the LAST 4 WEEKS to look for work?  Yes (1)  No (0) L5b [Follow up, if L5 = 2 (no search in last 4 weeks)] Would you want a job, either full-time or part-time, if one was offered to you?  Yes (1)  Maybe, depending on the job and circumstances (2)  No (3) L6 [Employed only, excluding layoffs] Have you done anything in the LAST 4 WEEKS to look for new work?  Yes, looking to leave my current job for a new job (1)"
job_search,l5b,"L5b [Follow up, if L5 = 2 (no search in last 4 weeks)] Would you want a job, either full-time or part-time, if one was offered to you?  Yes (1)  Maybe, depending on the job and circumstances (2)  No (3) L6 [Employed only, excluding layoffs] Have you done anything in the LAST 4 WEEKS to look for new work?  Yes, looking to leave my current job for a new job (1)  Yes, looking for an additional job without leaving my current job (2)  No (3)"
job_search,l6,"L6 [Employed only, excluding layoffs] Have you done anything in the LAST 4 WEEKS to look for new work?  Yes, looking to leave my current job for a new job (1)  Yes, looking for an additional job without leaving my current job (2)  No (3) 4 L6c [Follow up, if L6 = 2 (no search in last 4 weeks)] Would you want a job in addition to your main/current job, if one was offered to you?  Yes (1)"
job_search,4,"4 L6c [Follow up, if L6 = 2 (no search in last 4 weeks)] Would you want a job in addition to your main/current job, if one was offered to you?  Yes (1)  Maybe, depending on the job and circumstances (2)  No (3) L6b [Follow up, if L6 = 2 (no search in last 4 weeks] Would you want a new job, either full-time or part-time, if one was offered to you?  Yes (1)  Maybe, depending on the job and circumstances (2)  No (3)"
job_search,l6c,"L6c [Follow up, if L6 = 2 (no search in last 4 weeks)] Would you want a job in addition to your main/current job, if one was offered to you?  Yes (1)  Maybe, depending on the job and circumstances (2)  No (3) L6b [Follow up, if L6 = 2 (no search in last 4 weeks] Would you want a new job, either full-time or part-time, if one was offered to you?  Yes (1)  Maybe, depending on the job and circumstances (2)  No (3) L7b [All respondents that did not search in the last 4 weeks] [Introduced in 2017]"
job_search,l6b,"L6b [Follow up, if L6 = 2 (no search in last 4 weeks] Would you want a new job, either full-time or part-time, if one was offered to you?  Yes (1)  Maybe, depending on the job and circumstances (2)  No (3) L7b [All respondents that did not search in the last 4 weeks] [Introduced in 2017] And did you do anything to look for work within the LAST 8 WEEKS?  Yes (1)  No (0) L7 [All respondents, searched within last 4 weeks] (all responses converted to days) How long have you been looking for a job?"
job_search,l7b,"L7b [All respondents that did not search in the last 4 weeks] [Introduced in 2017] And did you do anything to look for work within the LAST 8 WEEKS?  Yes (1)  No (0) L7 [All respondents, searched within last 4 weeks] (all responses converted to days) How long have you been looking for a job? (1) ______________________________ day(s) L8a. [All respondents with L1 = {2 or 3} (all those on temp layoff or leave).] [Introduced in 2020] Are you out of work directly because of the coronavirus pandemic or related restrictions on activity or business operations?  Yes (1)  No (2)"
job_search,l7,"L7 [All respondents, searched within last 4 weeks] (all responses converted to days) How long have you been looking for a job? (1) ______________________________ day(s) L8a. [All respondents with L1 = {2 or 3} (all those on temp layoff or leave).] [Introduced in 2020] Are you out of work directly because of the coronavirus pandemic or related restrictions on activity or business operations?  Yes (1)  No (2) L8b. [All respondents with L1 = {2 or 3} (all those on temp layoff or leave).] [Introduced in 2020] Are you currently receiving pay while out of work?  Yes, my employer is currently paying me without my having to use any paid leave of my own (1)  Yes, but I am using my own paid leave "
job_search,l8a,"L8a. [All respondents with L1 = {2 or 3} (all those on temp layoff or leave).] [Introduced in 2020] Are you out of work directly because of the coronavirus pandemic or related restrictions on activity or business operations?  Yes (1)  No (2) L8b. [All respondents with L1 = {2 or 3} (all those on temp layoff or leave).] [Introduced in 2020] Are you currently receiving pay while out of work?  Yes, my employer is currently paying me without my having to use any paid leave of my own (1)  Yes, but I am using my own paid leave (2)  No, I am currently unpaid (3) L8 [Non-employed only, but including those on layoff] How long has it been since you have done any paid work, either full-time or par"
job_search,l8b,"L8b. [All respondents with L1 = {2 or 3} (all those on temp layoff or leave).] [Introduced in 2020] Are you currently receiving pay while out of work?  Yes, my employer is currently paying me without my having to use any paid leave of my own (1)  Yes, but I am using my own paid leave (2)  No, I am currently unpaid (3) L8 [Non-employed only, but including those on layoff] How long has it been since you have done any paid work, either full-time or part-time? Please round up to the nearest number of months. I have been out of work for (1) ______________________________ month(s) ❑ 999995 = I have never had a paid job L9 [Employed only, including on layoff] What was the month and year that you"
job_search,l8,"L8 [Non-employed only, but including those on layoff] How long has it been since you have done any paid work, either full-time or part-time? Please round up to the nearest number of months. I have been out of work for (1) ______________________________ month(s) ❑ 999995 = I have never had a paid job L9 [Employed only, including on layoff] What was the month and year that you started working at your main/current job? (1) ______________________________ (reported as YYYYMM) 5 L10 [Employed only, including on layoff]"
job_search,l9,"L9 [Employed only, including on layoff] What was the month and year that you started working at your main/current job? (1) ______________________________ (reported as YYYYMM) 5 L10 [Employed only, including on layoff] How many hours per week do you USUALLY work at your main/current job? I usually work (1) ______________________________ hours per week L10b. [All respondents with L1a = {1 or 2} (all employed, excluding those on layoff or on leave).] [Introduced in 2020] Are you currently teleworking (working from home)?"
job_search,5,"5 L10 [Employed only, including on layoff] How many hours per week do you USUALLY work at your main/current job? I usually work (1) ______________________________ hours per week L10b. [All respondents with L1a = {1 or 2} (all employed, excluding those on layoff or on leave).] [Introduced in 2020] Are you currently teleworking (working from home)?  Yes, all of my work is done while teleworking and I had the same telework schedule prior to March 13, 2020 (1)  Yes, all of my work is done while teleworking, but I only teleworked occasionally prior to March 13, 2020 (2)  Yes, all of my work is done while teleworking, and I did not telework at all prior to March 13, 2020 (3)  My work involves "
job_search,l10,"L10 [Employed only, including on layoff] How many hours per week do you USUALLY work at your main/current job? I usually work (1) ______________________________ hours per week L10b. [All respondents with L1a = {1 or 2} (all employed, excluding those on layoff or on leave).] [Introduced in 2020] Are you currently teleworking (working from home)?  Yes, all of my work is done while teleworking and I had the same telework schedule prior to March 13, 2020 (1)  Yes, all of my work is done while teleworking, but I only teleworked occasionally prior to March 13, 2020 (2)  Yes, all of my work is done while teleworking, and I did not telework at all prior to March 13, 2020 (3)  My work involves a "
job_search,l10b,"L10b. [All respondents with L1a = {1 or 2} (all employed, excluding those on layoff or on leave).] [Introduced in 2020] Are you currently teleworking (working from home)?  Yes, all of my work is done while teleworking and I had the same telework schedule prior to March 13, 2020 (1)  Yes, all of my work is done while teleworking, but I only teleworked occasionally prior to March 13, 2020 (2)  Yes, all of my work is done while teleworking, and I did not telework at all prior to March 13, 2020 (3)  My work involves a mix of teleworking and working outside of my home, but my work involved at least some telework prior since March 13, 2020 (4)  My work involves a mix of teleworking and workin"
job_search,2020,"2020] Are you currently teleworking (working from home)?  Yes, all of my work is done while teleworking and I had the same telework schedule prior to March 13, 2020 (1)  Yes, all of my work is done while teleworking, but I only teleworked occasionally prior to March 13, 2020 (2)  Yes, all of my work is done while teleworking, and I did not telework at all prior to March 13, 2020 (3)  My work involves a mix of teleworking and working outside of my home, but my work involved at least some telework prior since March 13, 2020 (4)  My work involves a mix of teleworking and working outside of my home, and I did not telework at all prior to March 13, 2020 (5)  Yes, I am doing at least some wo"
job_search,l11,"L11 [Employed only, including on layoff] [Revised in 2014 to drop biweekly, monthly reporting options, which were imputed into weekly values in 2013] How much do you make BEFORE taxes or other deductions at your main/current job? Please include any bonuses, overtime pay, tips or commissions. (1) ______________________________ (reported as hourly, weekly, or annually)  [See INCOME BRACKETS list in the Appendix, for annual salaries reported as a range] JH9 [Employed only, including on layoff] [Revised in 2014 to drop biweekly, monthly reporting options, which were imputed into weekly values in 2013] And how much did you make when you STARTED your main/current job, before taxes and other deduc"
job_search,jh9,"JH9 [Employed only, including on layoff] [Revised in 2014 to drop biweekly, monthly reporting options, which were imputed into weekly values in 2013] And how much did you make when you STARTED your main/current job, before taxes and other deductions? Please include any bonuses, overtime pay, tips or commissions (1) ______________________________ (reported as hourly, weekly, or annually) ❑ 999999 = Don’t remember (included in hourly earnings variable) L14self [Self-employed or Non-employed] [RC] [CA] Do you currently have any of the following coverage? [check all that apply] ❑ Health insurance (1) ❑ Dental or vision insurance (2) ❑ Life or disability insurance (3) ❑ None of the above (4)"
job_search,l14self,"L14self [Self-employed or Non-employed] [RC] [CA] Do you currently have any of the following coverage? [check all that apply] ❑ Health insurance (1) ❑ Dental or vision insurance (2) ❑ Life or disability insurance (3) ❑ None of the above (4) L14 [Employed, wage and salary earners only, including on layoff] [RC] [CA] [Options revised in 2014; see BENEFITS list in Appendix] Do you receive any of the following employer-provided benefits at your main/current job? ❑ [See BENEFITS list in Appendix]"
job_search,l14,"L14 [Employed, wage and salary earners only, including on layoff] [RC] [CA] [Options revised in 2014; see BENEFITS list in Appendix] Do you receive any of the following employer-provided benefits at your main/current job? ❑ [See BENEFITS list in Appendix] 6 L15. [All employed or on layoff/leave, excluding self-employed] [Introduced in 2014] Suppose 12 MONTHS FROM NOW you are working in the same [“main”] job as you do now. Do you think you will have an increase, decrease, or no change in your employer-provided benefits 12 MONTHS FROM NOW?"
job_search,6,"6 L15. [All employed or on layoff/leave, excluding self-employed] [Introduced in 2014] Suppose 12 MONTHS FROM NOW you are working in the same [“main”] job as you do now. Do you think you will have an increase, decrease, or no change in your employer-provided benefits 12 MONTHS FROM NOW? ❑ Overall, I expect my benefits to increase (1) ❑ Overall, I expect my benefits to decrease (2) ❑ I expect no change in my benefits in the next 12 months(3) L18 [Employed, wage and salary earners only, including on layoff] [RC] [CA] [Question only asked in 2013; replaced by Question L15 in 2014]"
job_search,l15,"L15. [All employed or on layoff/leave, excluding self-employed] [Introduced in 2014] Suppose 12 MONTHS FROM NOW you are working in the same [“main”] job as you do now. Do you think you will have an increase, decrease, or no change in your employer-provided benefits 12 MONTHS FROM NOW? ❑ Overall, I expect my benefits to increase (1) ❑ Overall, I expect my benefits to decrease (2) ❑ I expect no change in my benefits in the next 12 months(3) L18 [Employed, wage and salary earners only, including on layoff] [RC] [CA] [Question only asked in 2013; replaced by Question L15 in 2014] Suppose 12 MONTHS FROM NOW you are working in the same (main) job as you do now. Which of the following employer-prov"
job_search,l18,"L18 [Employed, wage and salary earners only, including on layoff] [RC] [CA] [Question only asked in 2013; replaced by Question L15 in 2014] Suppose 12 MONTHS FROM NOW you are working in the same (main) job as you do now. Which of the following employer-provided benefits do you think you will receive at your job 12 months from now? ❑ [See BENEFITS list in Appendix] L20 [Not employed or on layoff and had previous employment] What month and year did you last work at your most recent job? (1) ______________________________ (reported as YYYYMM) L21 [Not employed or on layoff and had previous employment] And what was the month and year that you STARTED working at your most recent job? (1) ________"
job_search,l20,"L20 [Not employed or on layoff and had previous employment] What month and year did you last work at your most recent job? (1) ______________________________ (reported as YYYYMM) L21 [Not employed or on layoff and had previous employment] And what was the month and year that you STARTED working at your most recent job? (1) ______________________________ (reported as YYYYMM) L22 [Not employed or on layoff and had previous employment] How many hours per week did you usually work at your most recent job? I usually worked (1) ______________________________ hours per week L24 [Not employed or on layoff and had previous employment] [Revised in 2014 to drop biweekly, monthly reporting options, whic"
job_search,l21,"L21 [Not employed or on layoff and had previous employment] And what was the month and year that you STARTED working at your most recent job? (1) ______________________________ (reported as YYYYMM) L22 [Not employed or on layoff and had previous employment] How many hours per week did you usually work at your most recent job? I usually worked (1) ______________________________ hours per week L24 [Not employed or on layoff and had previous employment] [Revised in 2014 to drop biweekly, monthly reporting options, which were imputed into weekly values in 2013] How much did you make, BEFORE taxes and other deductions, on your most recent job? Please include any bonuses, overtime pay, tips or com"
job_search,l22,"L22 [Not employed or on layoff and had previous employment] How many hours per week did you usually work at your most recent job? I usually worked (1) ______________________________ hours per week L24 [Not employed or on layoff and had previous employment] [Revised in 2014 to drop biweekly, monthly reporting options, which were imputed into weekly values in 2013] How much did you make, BEFORE taxes and other deductions, on your most recent job? Please include any bonuses, overtime pay, tips or commissions. (1) ______________________________ (reported as hourly, weekly, or annually)  [See INCOME BRACKETS list in the Appendix, for annual salaries reported as a range] L25self [Not employed or "
job_search,l24,"L24 [Not employed or on layoff and had previous employment] [Revised in 2014 to drop biweekly, monthly reporting options, which were imputed into weekly values in 2013] How much did you make, BEFORE taxes and other deductions, on your most recent job? Please include any bonuses, overtime pay, tips or commissions. (1) ______________________________ (reported as hourly, weekly, or annually)  [See INCOME BRACKETS list in the Appendix, for annual salaries reported as a range] L25self [Not employed or on layoff and had previous employment] In your most recent job, did you work for someone else or were you self-employed?  Self-employed (1)  Work for someone else (0) L25 [Follow up, if L25self ="
job_search,l25self,"L25self [Not employed or on layoff and had previous employment] In your most recent job, did you work for someone else or were you self-employed?  Self-employed (1)  Work for someone else (0) L25 [Follow up, if L25self = 1 (wage and salary employment)] [RC] [CA] [Options revised in 2014; see BENEFITS list in Appendix] Did you receive any of the following employer-provided benefits at your most recent job? ❑ [See BENEFITS list in Appendix] 7 EC. ADDITIONAL EMPLOYMENT INFORMATION"
job_search,l25,"L25 [Follow up, if L25self = 1 (wage and salary employment)] [RC] [CA] [Options revised in 2014; see BENEFITS list in Appendix] Did you receive any of the following employer-provided benefits at your most recent job? ❑ [See BENEFITS list in Appendix] 7 EC. ADDITIONAL EMPLOYMENT INFORMATION EC1a [Wage and salary earners only, including on layoff] [RC] In your main/current job, what type of employer do you work for?  Government (1)  Private-sector, for-profit company (2)"
job_search,7,"7 EC. ADDITIONAL EMPLOYMENT INFORMATION EC1a [Wage and salary earners only, including on layoff] [RC] In your main/current job, what type of employer do you work for?  Government (1)  Private-sector, for-profit company (2)  Non-profit organization (3)  Work in the family business (4) EC1b [Follow up, if EC1a = 1 (Government)] Would this be the federal, state, or local government?  Federal (1)"
job_search,ec1a,"EC1a [Wage and salary earners only, including on layoff] [RC] In your main/current job, what type of employer do you work for?  Government (1)  Private-sector, for-profit company (2)  Non-profit organization (3)  Work in the family business (4) EC1b [Follow up, if EC1a = 1 (Government)] Would this be the federal, state, or local government?  Federal (1)  State (2)  Local (3) EC1f [Follow up, if EC1a  1 (Private, non-profit, or family business)] [RC] [Options revised in 2014; see"
job_search,ec1b,"EC1b [Follow up, if EC1a = 1 (Government)] Would this be the federal, state, or local government?  Federal (1)  State (2)  Local (3) EC1f [Follow up, if EC1a  1 (Private, non-profit, or family business)] [RC] [Options revised in 2014; see INDUSTRY list in Appendix] What kind of business or INDUSTRY is this?  [See INDUSTRY list in Appendix] EC2a [Wage and salary earners only, including on layoff] [RC] (responses coded into 3-digit SOC codes) What kind of work do you do, that is, what is your OCCUPATION on your main/current job? (for example: Electrical engineer, stock clerk, typist, farmer, ...)."
job_search,ec1f,"EC1f [Follow up, if EC1a  1 (Private, non-profit, or family business)] [RC] [Options revised in 2014; see INDUSTRY list in Appendix] What kind of business or INDUSTRY is this?  [See INDUSTRY list in Appendix] EC2a [Wage and salary earners only, including on layoff] [RC] (responses coded into 3-digit SOC codes) What kind of work do you do, that is, what is your OCCUPATION on your main/current job? (for example: Electrical engineer, stock clerk, typist, farmer, ...). (1) ______________________________ (3-digit SOC code) EC3a [Wage and salary earners only, including on layoff] For your main/current job, does your employer’s business operate out of more than one LOCATION (office, store, or oth"
job_search,ec2a,"EC2a [Wage and salary earners only, including on layoff] [RC] (responses coded into 3-digit SOC codes) What kind of work do you do, that is, what is your OCCUPATION on your main/current job? (for example: Electrical engineer, stock clerk, typist, farmer, ...). (1) ______________________________ (3-digit SOC code) EC3a [Wage and salary earners only, including on layoff] For your main/current job, does your employer’s business operate out of more than one LOCATION (office, store, or other permanent place of business)?  Yes (1)  No (0) EC3b [Wage and salary earners only, including on layoff] How many paid employees does your employer’s business at your main/current job usually have AT YOUR US"
job_search,ec3a,"EC3a [Wage and salary earners only, including on layoff] For your main/current job, does your employer’s business operate out of more than one LOCATION (office, store, or other permanent place of business)?  Yes (1)  No (0) EC3b [Wage and salary earners only, including on layoff] How many paid employees does your employer’s business at your main/current job usually have AT YOUR USUAL PLACE OF WORK?  [See EMPLOYER SIZE list in the Appendix] EC3c [Follow up, if EC3a = 1 (Multi-location business)] Counting ALL LOCATIONS where your employer operates, what is your best guess for the total number of persons who work for your employer?"
job_search,ec3b,"EC3b [Wage and salary earners only, including on layoff] How many paid employees does your employer’s business at your main/current job usually have AT YOUR USUAL PLACE OF WORK?  [See EMPLOYER SIZE list in the Appendix] EC3c [Follow up, if EC3a = 1 (Multi-location business)] Counting ALL LOCATIONS where your employer operates, what is your best guess for the total number of persons who work for your employer?  [See EMPLOYER SIZE list in the Appendix] EC4 [Wage and salary earners only, including on layoff] [Introduced in 2014] At your PLACE OF WORK for your [main/current] job, are you or any other employees part of a union? ❑ Yes (1)"
job_search,ec3c,"EC3c [Follow up, if EC3a = 1 (Multi-location business)] Counting ALL LOCATIONS where your employer operates, what is your best guess for the total number of persons who work for your employer?  [See EMPLOYER SIZE list in the Appendix] EC4 [Wage and salary earners only, including on layoff] [Introduced in 2014] At your PLACE OF WORK for your [main/current] job, are you or any other employees part of a union? ❑ Yes (1) ❑ No (2) 8"
job_search,ec4,"EC4 [Wage and salary earners only, including on layoff] [Introduced in 2014] At your PLACE OF WORK for your [main/current] job, are you or any other employees part of a union? ❑ Yes (1) ❑ No (2) 8 EC4a [Wage and salary earners only, including on layoff] [Introduced in 2014; wording revised to inlcude “or one that has a specific task or end date” in 2017] Is your [main/current] job a temporary or seasonal job, or one that has a specific task or end date? ❑ Yes (1)"
job_search,8,"8 EC4a [Wage and salary earners only, including on layoff] [Introduced in 2014; wording revised to inlcude “or one that has a specific task or end date” in 2017] Is your [main/current] job a temporary or seasonal job, or one that has a specific task or end date? ❑ Yes (1) ❑ No (2) EC4b [Follow up, if job is temporary or seasonal] [Introduced in 2017] Counting from today, how many more months do you expect this job to last? (1) ______________________________ months ❑ 999992 = less than one month EC5 [Wage and salary earners only, including on layoff]"
job_search,ec4a,"EC4a [Wage and salary earners only, including on layoff] [Introduced in 2014; wording revised to inlcude “or one that has a specific task or end date” in 2017] Is your [main/current] job a temporary or seasonal job, or one that has a specific task or end date? ❑ Yes (1) ❑ No (2) EC4b [Follow up, if job is temporary or seasonal] [Introduced in 2017] Counting from today, how many more months do you expect this job to last? (1) ______________________________ months ❑ 999992 = less than one month EC5 [Wage and salary earners only, including on layoff] What is the average time you spend commuting to and from your main/current job each day? (1) ______________________________ minutes"
job_search,ec4b,"EC4b [Follow up, if job is temporary or seasonal] [Introduced in 2017] Counting from today, how many more months do you expect this job to last? (1) ______________________________ months ❑ 999992 = less than one month EC5 [Wage and salary earners only, including on layoff] What is the average time you spend commuting to and from your main/current job each day? (1) ______________________________ minutes ❑ 999996 = I mostly work from home EC6 [Wage and salary earners only, including on layoff] [RC] At your main/current job, has your employer ever reduced your hourly wage, salary or hours because of slack demand or other difficult conditions for the business?  Yes, a reduction in hours (1)"
job_search,ec5,"EC5 [Wage and salary earners only, including on layoff] What is the average time you spend commuting to and from your main/current job each day? (1) ______________________________ minutes ❑ 999996 = I mostly work from home EC6 [Wage and salary earners only, including on layoff] [RC] At your main/current job, has your employer ever reduced your hourly wage, salary or hours because of slack demand or other difficult conditions for the business?  Yes, a reduction in hours (1)  Yes, a reduction in hourly wage (2)  Yes, a reduction in overall salary for the same number of hours (3)  No reduction in salary or hourly wage (5)"
job_search,ec6,"EC6 [Wage and salary earners only, including on layoff] [RC] At your main/current job, has your employer ever reduced your hourly wage, salary or hours because of slack demand or other difficult conditions for the business?  Yes, a reduction in hours (1)  Yes, a reduction in hourly wage (2)  Yes, a reduction in overall salary for the same number of hours (3)  No reduction in salary or hourly wage (5) EC9 [Wage and salary earners only, including on layoff] [Introduced in 2014] How satisfied would you say you are with your level of compensation at your [current/main] job?  Very dissatisfied (1)"
job_search,ec9,"EC9 [Wage and salary earners only, including on layoff] [Introduced in 2014] How satisfied would you say you are with your level of compensation at your [current/main] job?  Very dissatisfied (1)  Somewhat dissatisfied (2)  Neither satisfied nor dissatisfied (3)  Somewhat satisfied (4)  Very satisfied (5) EC10 [Wage and salary earners only, including on layoff] [Introduced in 2014] And how satisfied would you say you are with other aspects of the job, such as benefits, maternity/paternity leaves, flexibility in work hours, etc?"
job_search,ec10,"EC10 [Wage and salary earners only, including on layoff] [Introduced in 2014] And how satisfied would you say you are with other aspects of the job, such as benefits, maternity/paternity leaves, flexibility in work hours, etc?  Very dissatisfied (1)  Somewhat dissatisfied (2)  Neither satisfied nor dissatisfied (3)  Somewhat satisfied (4)  Very satisfied (5)"
job_search,9,"9 EC11 [Wage and salary earners only, including on layoff] [Introduced in 2014] On a scale from 1 to 7, how well do you think this job fits your experience and skills?  Very poor fit (1)  (2)  (3)  (4)  (5)  (6)  Very good fit (7)"
job_search,ec11,"EC11 [Wage and salary earners only, including on layoff] [Introduced in 2014] On a scale from 1 to 7, how well do you think this job fits your experience and skills?  Very poor fit (1)  (2)  (3)  (4)  (5)  (6)  Very good fit (7) EC12 [Wage and salary earners only, including on layoff] [Introduced in 2014]"
job_search,ec12,"EC12 [Wage and salary earners only, including on layoff] [Introduced in 2014] On a scale from 1 to 7, how would you rate the opportunities for a promotion or other career progression with your current employer, over the next three years?  Very poor options (1)  (2)  (3)  (4)  (5)  (6)  Very good options (7)"
job_search,ec13,"EC13 [Wage and salary earners only, including on layoff] [Introduced in 2014] Taking everything into consideration, how satisfied would you say you are, overall, in your [current/main] job?  Very dissatisfied (1)  Somewhat dissatisfied (2)  Neither satisfied nor dissatisfied (3)  Somewhat satisfied (4)  Very satisfied (5) EC14 [Wage and salary earners only, including on layoff] [Introduced in 2014] What do you think is the percent chance that you might be laid off within the NEXT 6 MONTHS at your [main/current] job?"
job_search,ec14,"EC14 [Wage and salary earners only, including on layoff] [Introduced in 2014] What do you think is the percent chance that you might be laid off within the NEXT 6 MONTHS at your [main/current] job? (1) ______________________________ percent chance ES. ADDITIONAL INFORMATION FOR THE SELF EMPLOYED ES1 [Self-employed only] [RC] [Revised response options in 2014] Which of the following describe your status as a self-employed individual? ❑ I work as an independent contractor / consultant / freelancer (1) ❑ I own a business where I am the only employee (2) [Revised in 2014 to add “where I am the only employee”]"
job_search,es1,"ES1 [Self-employed only] [RC] [Revised response options in 2014] Which of the following describe your status as a self-employed individual? ❑ I work as an independent contractor / consultant / freelancer (1) ❑ I own a business where I am the only employee (2) [Revised in 2014 to add “where I am the only employee”] ❑ I own a business where I employ at least one other person (3) [Option added in 2014] ❑ I work in the family business (4) [Option (3) in 2013] 10 ES1a [Follow up, if ES1 = 2 (own a business)] [RC]"
job_search,10,"10 ES1a [Follow up, if ES1 = 2 (own a business)] [RC] What is the nature of your business?  Sole proprietorship or partnership (1)  Limited liability company (2)  Corporation (3) ES3a [Self-employed only] [RC] [Options revised in 2014; see INDUSTRY list in Appendix] What kind of business or INDUSTRY do you work in?  [See list in Appendix] ES3b [Self-employed only] [RC] (responses coded into 3-digit SOC codes) What kind of work do you do, that is, what is your OCCUPATION? (for example: Electrical engineer, stock clerk,"
job_search,es1a,"ES1a [Follow up, if ES1 = 2 (own a business)] [RC] What is the nature of your business?  Sole proprietorship or partnership (1)  Limited liability company (2)  Corporation (3) ES3a [Self-employed only] [RC] [Options revised in 2014; see INDUSTRY list in Appendix] What kind of business or INDUSTRY do you work in?  [See list in Appendix] ES3b [Self-employed only] [RC] (responses coded into 3-digit SOC codes) What kind of work do you do, that is, what is your OCCUPATION? (for example: Electrical engineer, stock clerk, typist, farmer, ...) (1) ______________________________ (3-digit SOC code)"
job_search,es3a,"ES3a [Self-employed only] [RC] [Options revised in 2014; see INDUSTRY list in Appendix] What kind of business or INDUSTRY do you work in?  [See list in Appendix] ES3b [Self-employed only] [RC] (responses coded into 3-digit SOC codes) What kind of work do you do, that is, what is your OCCUPATION? (for example: Electrical engineer, stock clerk, typist, farmer, ...) (1) ______________________________ (3-digit SOC code) ES4 [Follow up, if ES1 = 2 (own a business)] Excluding yourself, how many paid employees does your business usually have? (1) ______________________________ employees ES5new [Follow up, if ES1 = 2 (own a business)] What do you think is the percent chance that your business will "
job_search,es3b,"ES3b [Self-employed only] [RC] (responses coded into 3-digit SOC codes) What kind of work do you do, that is, what is your OCCUPATION? (for example: Electrical engineer, stock clerk, typist, farmer, ...) (1) ______________________________ (3-digit SOC code) ES4 [Follow up, if ES1 = 2 (own a business)] Excluding yourself, how many paid employees does your business usually have? (1) ______________________________ employees ES5new [Follow up, if ES1 = 2 (own a business)] What do you think is the percent chance that your business will have more workers than it currently has 12 MONTHS FROM NOW? (1) ________________ percent chance ES6 [Follow up, if ES4 > 0 (has paid employees)]"
job_search,es4,"ES4 [Follow up, if ES1 = 2 (own a business)] Excluding yourself, how many paid employees does your business usually have? (1) ______________________________ employees ES5new [Follow up, if ES1 = 2 (own a business)] What do you think is the percent chance that your business will have more workers than it currently has 12 MONTHS FROM NOW? (1) ________________ percent chance ES6 [Follow up, if ES4 > 0 (has paid employees)] Does your business operate out of more than one LOCATION (office, store, or other permanent place of business)?  Yes (1)  No (0) ES7 [Follow up, if ES1 = 2 (own a business)] [RC] [CA] [Options revised in 2014; see BENEFITS list in"
job_search,es5new,"ES5new [Follow up, if ES1 = 2 (own a business)] What do you think is the percent chance that your business will have more workers than it currently has 12 MONTHS FROM NOW? (1) ________________ percent chance ES6 [Follow up, if ES4 > 0 (has paid employees)] Does your business operate out of more than one LOCATION (office, store, or other permanent place of business)?  Yes (1)  No (0) ES7 [Follow up, if ES1 = 2 (own a business)] [RC] [CA] [Options revised in 2014; see BENEFITS list in Appendix] Does your business provide any of the following benefits to any of your employees? [check all that apply] ❑ [See BENEFITS list in Appendix]"
job_search,es6,"ES6 [Follow up, if ES4 > 0 (has paid employees)] Does your business operate out of more than one LOCATION (office, store, or other permanent place of business)?  Yes (1)  No (0) ES7 [Follow up, if ES1 = 2 (own a business)] [RC] [CA] [Options revised in 2014; see BENEFITS list in Appendix] Does your business provide any of the following benefits to any of your employees? [check all that apply] ❑ [See BENEFITS list in Appendix] ES9 [Self-employed only] What is the average time you spend commuting to and from work each day? (1) ______________________________ minutes ❑ 999996 = I mostly work from home"
job_search,es7,"ES7 [Follow up, if ES1 = 2 (own a business)] [RC] [CA] [Options revised in 2014; see BENEFITS list in Appendix] Does your business provide any of the following benefits to any of your employees? [check all that apply] ❑ [See BENEFITS list in Appendix] ES9 [Self-employed only] What is the average time you spend commuting to and from work each day? (1) ______________________________ minutes ❑ 999996 = I mostly work from home ES11 [Self-employed only] How many hours per week have you worked [in your independent contractor job, in your business, in your family business, as a self-employed individual], on average, over the LAST FOUR WEEKS? (1) ______________________________ hours per week"
job_search,es9,"ES9 [Self-employed only] What is the average time you spend commuting to and from work each day? (1) ______________________________ minutes ❑ 999996 = I mostly work from home ES11 [Self-employed only] How many hours per week have you worked [in your independent contractor job, in your business, in your family business, as a self-employed individual], on average, over the LAST FOUR WEEKS? (1) ______________________________ hours per week 11 ES12 [Self-employed only] [Introduced in 2014]"
job_search,es11,"ES11 [Self-employed only] How many hours per week have you worked [in your independent contractor job, in your business, in your family business, as a self-employed individual], on average, over the LAST FOUR WEEKS? (1) ______________________________ hours per week 11 ES12 [Self-employed only] [Introduced in 2014] Taking everything into consideration, how satisfied would you say you are, overall, in your [independent contractor job, business, family business, as self-employed?  Very dissatisfied (1)  Somewhat dissatisfied (2)"
job_search,11,"11 ES12 [Self-employed only] [Introduced in 2014] Taking everything into consideration, how satisfied would you say you are, overall, in your [independent contractor job, business, family business, as self-employed?  Very dissatisfied (1)  Somewhat dissatisfied (2)  Neither satisfied nor dissatisfied (3)  Somewhat satisfied (4)  Very satisfied (5) EO. ADDITIONAL INFORMATION FOR THE NON-EMPLOYED"
job_search,es12,"ES12 [Self-employed only] [Introduced in 2014] Taking everything into consideration, how satisfied would you say you are, overall, in your [independent contractor job, business, family business, as self-employed?  Very dissatisfied (1)  Somewhat dissatisfied (2)  Neither satisfied nor dissatisfied (3)  Somewhat satisfied (4)  Very satisfied (5) EO. ADDITIONAL INFORMATION FOR THE NON-EMPLOYED EO1 [Temporary layoffs only] [Wording revised in 2020] As of last week, how many weeks have you been on layoff or on furlough? [Added “or on furlough” in 2020]"
job_search,eo1,"EO1 [Temporary layoffs only] [Wording revised in 2020] As of last week, how many weeks have you been on layoff or on furlough? [Added “or on furlough” in 2020] (1) ______________________________ week(s) EO2 [Temporary layoffs only] Has your employer given you a date to return to work?  Yes (1)  No (0) EO3 [Temporary layoffs, plus non-employed up to 6 months that would like to work] (Earlier you mentioned that you have been out of work for the past [L8 answer] months.) Have you been given any indication that you will be recalled to work by your previous employer within the next 6 months?  Yes (1)  No (0)"
job_search,eo2,"EO2 [Temporary layoffs only] Has your employer given you a date to return to work?  Yes (1)  No (0) EO3 [Temporary layoffs, plus non-employed up to 6 months that would like to work] (Earlier you mentioned that you have been out of work for the past [L8 answer] months.) Have you been given any indication that you will be recalled to work by your previous employer within the next 6 months?  Yes (1)  No (0) EO3a [Temporary layoffs only] Regardless of whether you have been given any indication, what do you think is the percent chance that you will be recalled by your previous employer within the next 6 months?"
job_search,eo3,"EO3 [Temporary layoffs, plus non-employed up to 6 months that would like to work] (Earlier you mentioned that you have been out of work for the past [L8 answer] months.) Have you been given any indication that you will be recalled to work by your previous employer within the next 6 months?  Yes (1)  No (0) EO3a [Temporary layoffs only] Regardless of whether you have been given any indication, what do you think is the percent chance that you will be recalled by your previous employer within the next 6 months? (1) ________________ percent chance EO4 [Students only] [RC] You indicated that you were currently attending school or receiving training. What type of training are you currently enrol"
job_search,eo3a,"EO3a [Temporary layoffs only] Regardless of whether you have been given any indication, what do you think is the percent chance that you will be recalled by your previous employer within the next 6 months? (1) ________________ percent chance EO4 [Students only] [RC] You indicated that you were currently attending school or receiving training. What type of training are you currently enrolled in?  High School or equivalent program (1)  Vocational training or certification program (2)  A two-year college (3)  An undergraduate program at a four-year college or university (4)  A graduate or professional degree program (5)"
job_search,eo4,EO4 [Students only] [RC] You indicated that you were currently attending school or receiving training. What type of training are you currently enrolled in?  High School or equivalent program (1)  Vocational training or certification program (2)  A two-year college (3)  An undergraduate program at a four-year college or university (4)  A graduate or professional degree program (5) EO5 [Students only] Are you currently enrolled in your program on a full-time or part-time basis?  Full-time (1)  Part-time (2)
job_search,eo5,"EO5 [Students only] Are you currently enrolled in your program on a full-time or part-time basis?  Full-time (1)  Part-time (2) 12 EO6 [If L2a or L2b > 1 (multiple-jobholders)] You indicated that you currently have more than one job. Outside of your main job, how many hours per week do you USUALLY work in your other job(s)? (1) ______________________________ hours per week EO7 [All but self-employed and wage and salary owners with current employer for at least 5 years]"
job_search,12,"12 EO6 [If L2a or L2b > 1 (multiple-jobholders)] You indicated that you currently have more than one job. Outside of your main job, how many hours per week do you USUALLY work in your other job(s)? (1) ______________________________ hours per week EO7 [All but self-employed and wage and salary owners with current employer for at least 5 years] How many different employers have you worked for during the LAST 5 YEARS? Please include all current employers in the total. (1) ______________________________ employers EO7b [Follow up to EO7] Of the jobs you just listed, think about the one that you worked at the LONGEST during the last 5 years. How many"
job_search,eo6,"EO6 [If L2a or L2b > 1 (multiple-jobholders)] You indicated that you currently have more than one job. Outside of your main job, how many hours per week do you USUALLY work in your other job(s)? (1) ______________________________ hours per week EO7 [All but self-employed and wage and salary owners with current employer for at least 5 years] How many different employers have you worked for during the LAST 5 YEARS? Please include all current employers in the total. (1) ______________________________ employers EO7b [Follow up to EO7] Of the jobs you just listed, think about the one that you worked at the LONGEST during the last 5 years. How many MONTHS did you work at this job? (1) ____________"
job_search,eo7,"EO7 [All but self-employed and wage and salary owners with current employer for at least 5 years] How many different employers have you worked for during the LAST 5 YEARS? Please include all current employers in the total. (1) ______________________________ employers EO7b [Follow up to EO7] Of the jobs you just listed, think about the one that you worked at the LONGEST during the last 5 years. How many MONTHS did you work at this job? (1) ______________________________ month(s) EO10 [Follow up, if EO7 > 0] You mentioned you worked at [EO7 answer] total jobs in the LAST 5 YEARS. How many of these jobs... Did you work at for at least 2 weeks? (1) ______________________________ Were full-time j"
job_search,eo7b,"EO7b [Follow up to EO7] Of the jobs you just listed, think about the one that you worked at the LONGEST during the last 5 years. How many MONTHS did you work at this job? (1) ______________________________ month(s) EO10 [Follow up, if EO7 > 0] You mentioned you worked at [EO7 answer] total jobs in the LAST 5 YEARS. How many of these jobs... Did you work at for at least 2 weeks? (1) ______________________________ Were full-time jobs of at least 35 hours per week? (2) ______________________________ Were temporary or seasonal jobs? (3) ______________________________ Ended because of slow or poor business conditions? (4) ______________________________ Ended because of performance-related reasons"
job_search,eo10,"EO10 [Follow up, if EO7 > 0] You mentioned you worked at [EO7 answer] total jobs in the LAST 5 YEARS. How many of these jobs... Did you work at for at least 2 weeks? (1) ______________________________ Were full-time jobs of at least 35 hours per week? (2) ______________________________ Were temporary or seasonal jobs? (3) ______________________________ Ended because of slow or poor business conditions? (4) ______________________________ Ended because of performance-related reasons? (5) ______________________________ Ended because of an internal reorganization? (6) ______________________________ Did you voluntarily separate from? (7) ______________________________ EO11 [All but self-employed "
job_search,eo11,"EO11 [All but self-employed and wage and salary owners with current employer for at least 5 years] During the LAST 5 YEARS, how many months IN TOTAL did you spend without a job? (1) ______________________________ month(s) EO12 [Follow up to EO11] You just mentioned that during the LAST 5 YEARS you spent [EO11 answer] months without a job. How many of these months were spent primarily... Looking for work: (1) ______________________________ months (1) Enrolled in school: (2) ______________________________ months (2) Not looking for work because no work was available: (3) ______________________________ months (3) Not looking for work because of disability or retirement: (4) ____________________"
job_search,eo12,EO12 [Follow up to EO11] You just mentioned that during the LAST 5 YEARS you spent [EO11 answer] months without a job. How many of these months were spent primarily... Looking for work: (1) ______________________________ months (1) Enrolled in school: (2) ______________________________ months (2) Not looking for work because no work was available: (3) ______________________________ months (3) Not looking for work because of disability or retirement: (4) ______________________________ months (4) Not looking for work for family/personal reasons: (5) ______________________________ months (5) Not looking for work for other reasons: (6) ______________________________ months (6)
job_search,13,"13 EL. ADDITIONAL INFORMATION ON THE MOST RECENT JOB EL1 [Not employed or on layoff, with a previous paid job, excluding the previously self-employed] [RC] Now we would like to ask you some more questions about your most recent job. What was the MAIN REASON that you separated from this job? [Options revised in 2014]  Layoff due to slow business conditions or employer going out of business (1) [Revised in 2014 to add “or employer going out of business”]  Internal reorganization or position eliminated (2)  Office or store closing (3) [Removed after 2013, merged with Option (1)]  Employer went out of business (4) [Removed after 2013, merged with Option (1)]  End of temporary or seasonal wo"
job_search,el1,"EL1 [Not employed or on layoff, with a previous paid job, excluding the previously self-employed] [RC] Now we would like to ask you some more questions about your most recent job. What was the MAIN REASON that you separated from this job? [Options revised in 2014]  Layoff due to slow business conditions or employer going out of business (1) [Revised in 2014 to add “or employer going out of business”]  Internal reorganization or position eliminated (2)  Office or store closing (3) [Removed after 2013, merged with Option (1)]  Employer went out of business (4) [Removed after 2013, merged with Option (1)]  End of temporary or seasonal work (3) [Option (5) in 2013]  Firing or termination ("
job_search,el2a,"EL2a [Not employed or on layoff, with a previous paid job, excluding the previously self-employed] [RC] In your most recent job, what type of employer did you work for?  Government (1)  Private-sector, for-profit company (2)  Non-profit organization (3)  Self-employed (4)  Working in the family business (5) EL2b [Follow up, if EL2a = 1 (Government)] Would this be the federal, state, or local government?  Federal (1)  State (2)  Local (3)"
job_search,el2b,"EL2b [Follow up, if EL2a = 1 (Government)] Would this be the federal, state, or local government?  Federal (1)  State (2)  Local (3) EL3a [Not employed or on layoff, with a previous paid job, excluding the previously self-employed] Did this employer’s business operate out of more than one LOCATION (office, store, or other permanent place of business)?  Yes (1)  No (0) EL3b [Not employed or on layoff, with a previous paid job, excluding the previously self-employed] How many paid employees did this business usually have AT YOUR USUAL PLACE OF WORK?"
job_search,el3a,"EL3a [Not employed or on layoff, with a previous paid job, excluding the previously self-employed] Did this employer’s business operate out of more than one LOCATION (office, store, or other permanent place of business)?  Yes (1)  No (0) EL3b [Not employed or on layoff, with a previous paid job, excluding the previously self-employed] How many paid employees did this business usually have AT YOUR USUAL PLACE OF WORK?  [See EMPLOYER SIZE list in the Appendix] EL3c [Follow-up, if EL3a = 1 (multiple-location business)] Counting ALL LOCATIONS where your employer operated, what is your best guess for the total number of persons who worked for this employer?  [See EMPLOYER SIZE list in the App"
job_search,el3b,"EL3b [Not employed or on layoff, with a previous paid job, excluding the previously self-employed] How many paid employees did this business usually have AT YOUR USUAL PLACE OF WORK?  [See EMPLOYER SIZE list in the Appendix] EL3c [Follow-up, if EL3a = 1 (multiple-location business)] Counting ALL LOCATIONS where your employer operated, what is your best guess for the total number of persons who worked for this employer?  [See EMPLOYER SIZE list in the Appendix] 14 EL3d [Not employed or on layoff, with a previous paid job, excluding the previously self-employed] Did this employer shut down your usual place of work, or go out of business entirely, at the time or shortly after you"
job_search,el3c,"EL3c [Follow-up, if EL3a = 1 (multiple-location business)] Counting ALL LOCATIONS where your employer operated, what is your best guess for the total number of persons who worked for this employer?  [See EMPLOYER SIZE list in the Appendix] 14 EL3d [Not employed or on layoff, with a previous paid job, excluding the previously self-employed] Did this employer shut down your usual place of work, or go out of business entirely, at the time or shortly after you left your job?  Yes, shut down my usual place of work (1)  Yes, went out of business entirely (2)"
job_search,14,"14 EL3d [Not employed or on layoff, with a previous paid job, excluding the previously self-employed] Did this employer shut down your usual place of work, or go out of business entirely, at the time or shortly after you left your job?  Yes, shut down my usual place of work (1)  Yes, went out of business entirely (2)  No (3)  Don’t know (4) EL4a [Follow up, if EL2a = {2, 3, or 4} (reported non-government previous employment)] [RC] [Options revised in 2014; see INDUSTRY list in Appendix] What kind of business or INDUSTRY was this?"
job_search,el3d,"EL3d [Not employed or on layoff, with a previous paid job, excluding the previously self-employed] Did this employer shut down your usual place of work, or go out of business entirely, at the time or shortly after you left your job?  Yes, shut down my usual place of work (1)  Yes, went out of business entirely (2)  No (3)  Don’t know (4) EL4a [Follow up, if EL2a = {2, 3, or 4} (reported non-government previous employment)] [RC] [Options revised in 2014; see INDUSTRY list in Appendix] What kind of business or INDUSTRY was this?  [See INDUSTRY list in Appendix] EL4b [Not employed or on layoff, with a previous paid job, excluding the previously self-employed] [RC]"
job_search,el4a,"EL4a [Follow up, if EL2a = {2, 3, or 4} (reported non-government previous employment)] [RC] [Options revised in 2014; see INDUSTRY list in Appendix] What kind of business or INDUSTRY was this?  [See INDUSTRY list in Appendix] EL4b [Not employed or on layoff, with a previous paid job, excluding the previously self-employed] [RC] (responses coded into 3-digit SOC codes) What kind of work did you do, that is, what was your OCCUPATION on your most recent job? (for example: Electrical engineer, stock clerk, typist, farmer, ...) (1) ______________________________ (3-digit SOC code) EL5a. [Not employed or on layoff, with a previous paid job, excluding the previously self-employed] [Introduced in 2"
job_search,el4b,"EL4b [Not employed or on layoff, with a previous paid job, excluding the previously self-employed] [RC] (responses coded into 3-digit SOC codes) What kind of work did you do, that is, what was your OCCUPATION on your most recent job? (for example: Electrical engineer, stock clerk, typist, farmer, ...) (1) ______________________________ (3-digit SOC code) EL5a. [Not employed or on layoff, with a previous paid job, excluding the previously self-employed] [Introduced in 2014] Were any employees at this business part of a union? ❑ Yes (1) ❑ No (2)"
job_search,el5a,"EL5a. [Not employed or on layoff, with a previous paid job, excluding the previously self-employed] [Introduced in 2014] Were any employees at this business part of a union? ❑ Yes (1) ❑ No (2) EL5b. [Not employed or on layoff, with a previous paid job, excluding the previously self-employed] [Introduced in 2014; wording revised to inlcude “or one that has a specific task or end date” in 2017] Was this job a temporary or seasonal job, or one that has a specific task or end date? ❑ Yes (1) ❑ No (2)"
job_search,el5b,"EL5b. [Not employed or on layoff, with a previous paid job, excluding the previously self-employed] [Introduced in 2014; wording revised to inlcude “or one that has a specific task or end date” in 2017] Was this job a temporary or seasonal job, or one that has a specific task or end date? ❑ Yes (1) ❑ No (2) EL5c. [Not employed or on layoff, with a previous paid job, excluding the previously self-employed] [Introduced in 2014] At the time of your separation, how many hours per week did you USUALLY work at your most recent job? (1) ________________ hours per week. EL6 [Not employed or on layoff, with a previous paid job, excluding the previously self-employed]"
job_search,el5c,"EL5c. [Not employed or on layoff, with a previous paid job, excluding the previously self-employed] [Introduced in 2014] At the time of your separation, how many hours per week did you USUALLY work at your most recent job? (1) ________________ hours per week. EL6 [Not employed or on layoff, with a previous paid job, excluding the previously self-employed] At the time of your separation, what was the average time you spent commuting to and from your most recent job each day? (1) ______________________________ minutes ❑ 999996 = I mostly worked from home EL7 [Not employed or on layoff, with a previous paid job, excluding the previously self-employed] Since you separated from your most recent j"
job_search,el6,"EL6 [Not employed or on layoff, with a previous paid job, excluding the previously self-employed] At the time of your separation, what was the average time you spent commuting to and from your most recent job each day? (1) ______________________________ minutes ❑ 999996 = I mostly worked from home EL7 [Not employed or on layoff, with a previous paid job, excluding the previously self-employed] Since you separated from your most recent job, have you COMPLETED any additional schooling or training?  Yes (1)  No (2)  Currently enrolled in a school or training program (3) 15"
job_search,el7,"EL7 [Not employed or on layoff, with a previous paid job, excluding the previously self-employed] Since you separated from your most recent job, have you COMPLETED any additional schooling or training?  Yes (1)  No (2)  Currently enrolled in a school or training program (3) 15 EL8 [Follow up, if EL7 = 1 (additional schooling or training)] [RC] What type of degree or training did you complete?  High School or equivalent degree (1)  Vocational training or certification program (2)"
job_search,15,"15 EL8 [Follow up, if EL7 = 1 (additional schooling or training)] [RC] What type of degree or training did you complete?  High School or equivalent degree (1)  Vocational training or certification program (2)  An associate degree at a two-year college (3)  A bachelors degree at a four-year college or university (4)  A graduate or professional degree (5) JS. JOB SEARCH BEHAVIOR"
job_search,el8,"EL8 [Follow up, if EL7 = 1 (additional schooling or training)] [RC] What type of degree or training did you complete?  High School or equivalent degree (1)  Vocational training or certification program (2)  An associate degree at a two-year college (3)  A bachelors degree at a four-year college or university (4)  A graduate or professional degree (5) JS. JOB SEARCH BEHAVIOR JS1 [All who looked for new/additional work in last 4 weeks, or want or might want a new/additional job, excluding the self-employed]"
job_search,js1,"JS1 [All who looked for new/additional work in last 4 weeks, or want or might want a new/additional job, excluding the self-employed] You indicated that you have looked for work in the last four weeks (you currently would want a job). Are you interested in full-time work of at least 35 hours per week, part-time work, or would you take the best available job regardless of the hours offered?  Full-time of at least 35 hours (1)  Part-time (2)  Either full-time or part-time (3) JS1b [Follow up, if JS1 = 2 (part-time)] [RC] [Options revised in 2014; wording revised in 2020] What is the main reason why you are interested in part-time and not full-time work?  Child care problems (including at-h"
job_search,js1b,"JS1b [Follow up, if JS1 = 2 (part-time)] [RC] [Options revised in 2014; wording revised in 2020] What is the main reason why you are interested in part-time and not full-time work?  Child care problems (including at-home schooling) or other family obligations, including caring for an ill family member (1) [Added “(including at-home schooling)” and “including caring for an ill family member” in 2020]  My own illness, poor health, or medical limitations (2) [Added “My own illness, poor health, or” in 2020]  School/training (3)  Retired/Social Security limit on earnings (4)  Current full-time work week is less than 35 hours (5)  I have a job and am looking for an additional part-time job "
job_search,js1c,"JS1c. [All respondents with JS1b = {1, 2, 7, 8, 9} (all those looking for PT work because of child care, health, flexibility, income, or other).] [Introduced in 2020] Are your reasons for only looking for part-time work related to the coronavirus pandemic or related restrictions on activity or business operations?  Yes, I am/have been ill with coronavirus symptoms (1)  Yes, I am/have been caring for someone with coronavirus symptoms (2)  Yes, I have added child care or other family obligations (3)  No (4) 16"
job_search,16,"16 JS2a [Wage and salary earners, seeking a new job only] [RC] [CA] Why are you a looking for a new job? ❑ I have been given notice that I will lose my job (1) ❑ Not satisfied with pay or benefits on current job (2) ❑ Not satisfied with duties on current job (3) ❑ Unsuitable work hours on current job (4) ❑ Commuting distance is too long (5) ❑ I was denied a promotion/pay increase / I am unlikely to receive a promotion/pay increase in the near future (6) ❑ I am not making good use of my experience or skills on this job (7) ❑ The job has a low quality of work life, such as inflexibility with child care and family responsibilities (8)"
job_search,js2a,"JS2a [Wage and salary earners, seeking a new job only] [RC] [CA] Why are you a looking for a new job? ❑ I have been given notice that I will lose my job (1) ❑ Not satisfied with pay or benefits on current job (2) ❑ Not satisfied with duties on current job (3) ❑ Unsuitable work hours on current job (4) ❑ Commuting distance is too long (5) ❑ I was denied a promotion/pay increase / I am unlikely to receive a promotion/pay increase in the near future (6) ❑ I am not making good use of my experience or skills on this job (7) ❑ The job has a low quality of work life, such as inflexibility with child care and family responsibilities (8) ❑ Conflict with co-workers or boss (9) ❑ I am relocating for no"
job_search,js3,"JS3 [All that did not search within the last 4 weeks, excluding the self-employed] [RC] You indicated that you were not looking for a job over the last 4 weeks. Why didn’t you look for work? Please select the answer that best describes why you did not look for work. ❑ I currently have a job (1) ❑ No work available in my line of work or area (2) ❑ I tried to find work, but could not find any (3) ❑ I lack the necessary schooling, training or experience (4) ❑ Employers think I have been out of work for too long (5) ❑ Lack of child care, or other family responsibilities (6) ❑ In school or other training (7) ❑ Ill health or physical disability (8) ❑ Retired (9)"
job_search,js3b,"JS3b. [All respondents with JS3 = {2, 3, 6, 8, 10, 11, 12} (all those not looking because of work availability, child care, health, transportation, work desire, or other).] [Introduced in 2020] Are your reasons for not looking for work related to the coronavirus pandemic or related restrictions on activity or business operations?  Yes, I am/have been ill with coronavirus symptoms (1)  Yes, I am/have been caring for someone with coronavirus symptoms (2)  Yes, I have added child care or other family obligations (3)  Yes, the coronavirus pandemic has left no work available in my work or area (4)  Yes, I am afraid of contracting the coronavirus if I work (5)  No (6)"
job_search,17,"17 JS4 [All that did not search within the last 4 weeks, excluding the self-employed] Did you look for work at any time during the LAST 12 MONTHS?  Yes (1)  No (0) JS6 [All that reported searching within the last 4 weeks] [RC] [CA] [Options revised in 2014] What were ALL the things you have done to look for work during the LAST 4 WEEKS? ❑ Had at least one job interview (1) [Option removed in 2014, superseded by new Question JS18a] ❑ Contacted an employer directly online or through e-mail (1) [Option (2) in 2013] ❑ Contacted an employer directly through other means, including in-person (2) [Option (3) in 2013] ❑ Contacted an employment agency or career center, including a career center at a"
job_search,js4,"JS4 [All that did not search within the last 4 weeks, excluding the self-employed] Did you look for work at any time during the LAST 12 MONTHS?  Yes (1)  No (0) JS6 [All that reported searching within the last 4 weeks] [RC] [CA] [Options revised in 2014] What were ALL the things you have done to look for work during the LAST 4 WEEKS? ❑ Had at least one job interview (1) [Option removed in 2014, superseded by new Question JS18a] ❑ Contacted an employer directly online or through e-mail (1) [Option (2) in 2013] ❑ Contacted an employer directly through other means, including in-person (2) [Option (3) in 2013] ❑ Contacted an employment agency or career center, including a career center at a sc"
job_search,js6,"JS6 [All that reported searching within the last 4 weeks] [RC] [CA] [Options revised in 2014] What were ALL the things you have done to look for work during the LAST 4 WEEKS? ❑ Had at least one job interview (1) [Option removed in 2014, superseded by new Question JS18a] ❑ Contacted an employer directly online or through e-mail (1) [Option (2) in 2013] ❑ Contacted an employer directly through other means, including in-person (2) [Option (3) in 2013] ❑ Contacted an employment agency or career center, including a career center at a school or university (3) [Option (4) in 2013] ❑ Contacted friends or relatives (4) [Option (5) in 2013] ❑ Contacted former co-workers, supervisors, teachers, busines"
job_search,js7,"JS7 [All that reported searching within the last 4 weeks] And within the LAST 7 DAYS, about how many TOTAL hours did you spend on job search activities? Please round up to the nearest total number of hours. (1) ______________________________ hours JS11 [All who looked for new/additional work in last 4 weeks, or want or might want a new/additional job, excluding the self-employed] If someone offered you a job today, could you begin work within the next 7 days?  Yes (1)  No (0) JS11b [Follow up, if JS11 = 2 (No)] [RC] Why is that?  Already waiting for a new job to begin (1)"
job_search,js11,"JS11 [All who looked for new/additional work in last 4 weeks, or want or might want a new/additional job, excluding the self-employed] If someone offered you a job today, could you begin work within the next 7 days?  Yes (1)  No (0) JS11b [Follow up, if JS11 = 2 (No)] [RC] Why is that?  Already waiting for a new job to begin (1)  My own temporary illness (2)  Going to school (3)  Lack of child care, or other family responsibilities (4)  Disabled (5) [Added as response option in 2014, recoded as (7) in 2013]"
job_search,js11b,"JS11b [Follow up, if JS11 = 2 (No)] [RC] Why is that?  Already waiting for a new job to begin (1)  My own temporary illness (2)  Going to school (3)  Lack of child care, or other family responsibilities (4)  Disabled (5) [Added as response option in 2014, recoded as (7) in 2013]  Retired (6) [Added as response option in 2014, recoded as (8) in 2013]  Need to give advance notice to my current employer (7) [Option (5) in 2013]  I am currently content with and/or committed to my current job (8) [Added as response option in 2014, recoded as (9) in 2013]"
job_search,18,"18 JS11c. [All respondents with JS11b = {2, 4, 9} (all those not available because of health, child care, or other).] [Introduced in 2020] Is the reason you are not available for work related to the coronavirus pandemic or related restrictions on activity or business operations?  Yes, I am/have been ill with coronavirus symptoms (1)  Yes, I am/have been caring for someone with coronavirus symptoms (2)  Yes, I have added child care or other family obligations (3)  No (4) JS12 [All that reported searching within the last 4 weeks] Are you looking for work similar to your current/most recent job?"
job_search,js11c,"JS11c. [All respondents with JS11b = {2, 4, 9} (all those not available because of health, child care, or other).] [Introduced in 2020] Is the reason you are not available for work related to the coronavirus pandemic or related restrictions on activity or business operations?  Yes, I am/have been ill with coronavirus symptoms (1)  Yes, I am/have been caring for someone with coronavirus symptoms (2)  Yes, I have added child care or other family obligations (3)  No (4) JS12 [All that reported searching within the last 4 weeks] Are you looking for work similar to your current/most recent job?  Yes, only searching for work similar to my most recent job (1)  Yes, but also searching across a"
job_search,js12,"JS12 [All that reported searching within the last 4 weeks] Are you looking for work similar to your current/most recent job?  Yes, only searching for work similar to my most recent job (1)  Yes, but also searching across a range of jobs (2)  No (3) JS13a [All that reported searching within the last 4 weeks] [RC] (responses coded into 3-digit SOC codes) What OCCUPATION would best describe the kind of work that you are looking for? (For example: Electrical engineer, stock clerk, typist, farmer, ...) (1) ______________________________ (3-digit SOC code) JS14 [All but self-employed] How many potential employers, if any, did you apply to for employment within the LAST 4 WEEKS? Please include a"
job_search,js13a,"JS13a [All that reported searching within the last 4 weeks] [RC] (responses coded into 3-digit SOC codes) What OCCUPATION would best describe the kind of work that you are looking for? (For example: Electrical engineer, stock clerk, typist, farmer, ...) (1) ______________________________ (3-digit SOC code) JS14 [All but self-employed] How many potential employers, if any, did you apply to for employment within the LAST 4 WEEKS? Please include all applications made in person, online, or through other direct methods. Do not include inquiries that did not lead to a job application. I applied to (1) ______________________________ employers JS15 [All but self-employed] In the LAST 4 WEEKS, how ma"
job_search,js14,"JS14 [All but self-employed] How many potential employers, if any, did you apply to for employment within the LAST 4 WEEKS? Please include all applications made in person, online, or through other direct methods. Do not include inquiries that did not lead to a job application. I applied to (1) ______________________________ employers JS15 [All but self-employed] In the LAST 4 WEEKS, how many potential employers contacted you about a job opening? Please include all contacts, even those that were not solicited by you. (1) ______________________________ Employers JS16 [Follow up, if JS15 > 0 (at least one employer contact)] How many of these contacts were unsolicited? In other words, how many p"
job_search,js15,"JS15 [All but self-employed] In the LAST 4 WEEKS, how many potential employers contacted you about a job opening? Please include all contacts, even those that were not solicited by you. (1) ______________________________ Employers JS16 [Follow up, if JS15 > 0 (at least one employer contact)] How many of these contacts were unsolicited? In other words, how many potential employers contacted you without a direct application by you? (1) ______________________________ employers JS17a [Follow up, if JS15 > 0 (at least one employer contact)] You just mentioned that [ANSWER FROM JS15] potential employers contacted you in the last 4 weeks. How many of these contacts were the direct result of a refer"
job_search,js16,"JS16 [Follow up, if JS15 > 0 (at least one employer contact)] How many of these contacts were unsolicited? In other words, how many potential employers contacted you without a direct application by you? (1) ______________________________ employers JS17a [Follow up, if JS15 > 0 (at least one employer contact)] You just mentioned that [ANSWER FROM JS15] potential employers contacted you in the last 4 weeks. How many of these contacts were the direct result of a referral? (1) _____________________________ contacts JS17 [Follow up, if JS17a > 0 (at least one referral)] [Introduced in 2014] You just mentioned that [JS15 answer] potential employers contacted you in the last 4 weeks. How many of th"
job_search,js17a,"JS17a [Follow up, if JS15 > 0 (at least one employer contact)] You just mentioned that [ANSWER FROM JS15] potential employers contacted you in the last 4 weeks. How many of these contacts were the direct result of a referral? (1) _____________________________ contacts JS17 [Follow up, if JS17a > 0 (at least one referral)] [Introduced in 2014] You just mentioned that [JS15 answer] potential employers contacted you in the last 4 weeks. How many of these contacts were the direct result of a referral from... A friend or relative (1) ______________________________ A former co-worker, supervisor, teacher, or business associate (2) ______________________________ A current employee at that company ("
job_search,js17,"JS17 [Follow up, if JS17a > 0 (at least one referral)] [Introduced in 2014] You just mentioned that [JS15 answer] potential employers contacted you in the last 4 weeks. How many of these contacts were the direct result of a referral from... A friend or relative (1) ______________________________ A former co-worker, supervisor, teacher, or business associate (2) ______________________________ A current employee at that company (3) ______________________________ 19 JS18a [All except self-employed] [Introduced in 2014] Did you have any job interviews, including any informal interviews, in the LAST 4 WEEKS?"
job_search,19,"19 JS18a [All except self-employed] [Introduced in 2014] Did you have any job interviews, including any informal interviews, in the LAST 4 WEEKS? ❑ Yes (1) ❑ No (2) JS18b [if JS18a = 1 (at least one interview)] ] [Introduced in 2014] How many job interviews did you have in the LAST 4 WEEKS? (1) __________________ job interviews JS18 [Follow up, if JS15 > 0 (at least one employer contact)] Did ANY of the contacts from potential employers result in a job offer?"
job_search,js18a,"JS18a [All except self-employed] [Introduced in 2014] Did you have any job interviews, including any informal interviews, in the LAST 4 WEEKS? ❑ Yes (1) ❑ No (2) JS18b [if JS18a = 1 (at least one interview)] ] [Introduced in 2014] How many job interviews did you have in the LAST 4 WEEKS? (1) __________________ job interviews JS18 [Follow up, if JS15 > 0 (at least one employer contact)] Did ANY of the contacts from potential employers result in a job offer?  Yes (1)  Not yet, but an offer is pending (2)"
job_search,js18b,"JS18b [if JS18a = 1 (at least one interview)] ] [Introduced in 2014] How many job interviews did you have in the LAST 4 WEEKS? (1) __________________ job interviews JS18 [Follow up, if JS15 > 0 (at least one employer contact)] Did ANY of the contacts from potential employers result in a job offer?  Yes (1)  Not yet, but an offer is pending (2)  No (3) JS19 [All but self-employed] How many job offers have you received in the LAST 4 WEEKS? Please include all offers, including those made informally and those made by contacts not solicited by you. (1) ______________________________ job offers"
job_search,js18,"JS18 [Follow up, if JS15 > 0 (at least one employer contact)] Did ANY of the contacts from potential employers result in a job offer?  Yes (1)  Not yet, but an offer is pending (2)  No (3) JS19 [All but self-employed] How many job offers have you received in the LAST 4 WEEKS? Please include all offers, including those made informally and those made by contacts not solicited by you. (1) ______________________________ job offers JS19b [Follow up, if JS19 = 0 (no job offers in last 4 weeks)] And looking further back, how many job offers have you received in the LAST 6 MONTHS? Please include all offers, including those made informally and those made by contacts not solicited by you."
job_search,js19,"JS19 [All but self-employed] How many job offers have you received in the LAST 4 WEEKS? Please include all offers, including those made informally and those made by contacts not solicited by you. (1) ______________________________ job offers JS19b [Follow up, if JS19 = 0 (no job offers in last 4 weeks)] And looking further back, how many job offers have you received in the LAST 6 MONTHS? Please include all offers, including those made informally and those made by contacts not solicited by you. (1) ______________________________ job offers JS19c [Follow up, if JS19b > 0 (job offers within last 6 months) and most recent job started less than 6 months ago] Was this offer (one of these offers) t"
job_search,js19b,"JS19b [Follow up, if JS19 = 0 (no job offers in last 4 weeks)] And looking further back, how many job offers have you received in the LAST 6 MONTHS? Please include all offers, including those made informally and those made by contacts not solicited by you. (1) ______________________________ job offers JS19c [Follow up, if JS19b > 0 (job offers within last 6 months) and most recent job started less than 6 months ago] Was this offer (one of these offers) the one you received for your most recent job?  Yes (1)  No (0) JS19d [Follow up, if JS19 > 0 and respondent did not search] [RC] [Introduced in 2014] You indicated that you received “a job offer”/“several job offers” in the last 4 weeks. Ea"
job_search,js19c,"JS19c [Follow up, if JS19b > 0 (job offers within last 6 months) and most recent job started less than 6 months ago] Was this offer (one of these offers) the one you received for your most recent job?  Yes (1)  No (0) JS19d [Follow up, if JS19 > 0 and respondent did not search] [RC] [Introduced in 2014] You indicated that you received “a job offer”/“several job offers” in the last 4 weeks. Earlier you indicated that you were not actively looking for work in the last 4 weeks. How did the “job offer”/“job offers” come about? ❑ The job “offer was”/“offers were” the result of me looking for work, but more than 4 weeks ago (1) ❑ The job “offer”/“offers” came up without me looking for work (for "
job_search,js19d,"JS19d [Follow up, if JS19 > 0 and respondent did not search] [RC] [Introduced in 2014] You indicated that you received “a job offer”/“several job offers” in the last 4 weeks. Earlier you indicated that you were not actively looking for work in the last 4 weeks. How did the “job offer”/“job offers” come about? ❑ The job “offer was”/“offers were” the result of me looking for work, but more than 4 weeks ago (1) ❑ The job “offer”/“offers” came up without me looking for work (for example, through “networking, a referral or other unsolicited contact by the employer”/“networking, referrals or other unsolicited contacts by the employer” (2) ❑ Actually, I did look for work in the last 4 weeks (3) JS2"
job_search,js20,"JS20 [Follow up, if JS19 = 1 or JS19b = 1 (one job offer in last 4 weeks or 6 months)] [RC] (responses coded into 3-digit SOC codes) (Out of the [JS19 or JS19b answer] job offers you received over the last 4 weeks (6 months), please consider the BEST job offer.) What OCCUPATION would best describe the kind of work that the job would entail? (For example: Electrical engineer, stock clerk, typist, farmer, ...) (1) ______________________________ (3-digit SOC code) 20 JS22 [Follow up, if JS19 = 1 or JS19b = 1 (one job offer in last 4 weeks or 6 months)] [Introduced in 2014]"
job_search,20,"20 JS22 [Follow up, if JS19 = 1 or JS19b = 1 (one job offer in last 4 weeks or 6 months)] [Introduced in 2014] What was the month and year that you received “this”/”your best” job offer? (1) ______________________________ (reported as YYYYMM) JSemp [Follow up, if JS19 >0 1 or JS19b > 1 (at least one job offer in last 4 weeks or 6 months)] Were you employed, either full-time or part-time, at the time you received this (your best) job offer?  Yes, full-time (1)  Yes, part-time (2)  No (3) JS22a [If JSemp=3 (not employed at time of offer)] [Introduced in 2014]"
job_search,js22,"JS22 [Follow up, if JS19 = 1 or JS19b = 1 (one job offer in last 4 weeks or 6 months)] [Introduced in 2014] What was the month and year that you received “this”/”your best” job offer? (1) ______________________________ (reported as YYYYMM) JSemp [Follow up, if JS19 >0 1 or JS19b > 1 (at least one job offer in last 4 weeks or 6 months)] Were you employed, either full-time or part-time, at the time you received this (your best) job offer?  Yes, full-time (1)  Yes, part-time (2)  No (3) JS22a [If JSemp=3 (not employed at time of offer)] [Introduced in 2014] Did you do anything to look for work in the months prior to receiving “this”/”your best” job offer? ❑ Yes, I was looking for work (1)"
job_search,js22a,"JS22a [If JSemp=3 (not employed at time of offer)] [Introduced in 2014] Did you do anything to look for work in the months prior to receiving “this”/”your best” job offer? ❑ Yes, I was looking for work (1) ❑ No, the job offer came up without me looking for work (for example, through networking, a referral or other unsolicited contact by the employer) (0) JS22g [Follow up, if JS19 >0 1 or JS19b > 1 (at least one job offer in last 4 weeks or 6 months)] [Asked as Question JS22 in 2013; revised in 2014 to drop biweekly, monthly reporting options, which were imputed into weekly values in 2013] What was the wage or salary offered (before taxes and other deductions) for this (your best) job offer? "
job_search,js22g,"JS22g [Follow up, if JS19 >0 1 or JS19b > 1 (at least one job offer in last 4 weeks or 6 months)] [Asked as Question JS22 in 2013; revised in 2014 to drop biweekly, monthly reporting options, which were imputed into weekly values in 2013] What was the wage or salary offered (before taxes and other deductions) for this (your best) job offer? Please include any bonuses, overtime pay, tips or commissions. (1) ______________________________ (reported as hourly, weekly, or annually) JS22b [Follow up, if JS19 >0 1 or JS19b > 1 (at least one job offer in last 4 weeks or 6 months)] And about how many hours a week would/do you have to work on this job? (1) ______________________________ hours per wee"
job_search,js22b,"JS22b [Follow up, if JS19 >0 1 or JS19b > 1 (at least one job offer in last 4 weeks or 6 months)] And about how many hours a week would/do you have to work on this job? (1) ______________________________ hours per week JS23 [Follow up, if JS19 >0 1 or JS19b > 1 (at least one job offer in last 4 weeks or 6 months)] Have you accepted, or do you plan to accept, this (your best) job offer?  Accepted or will accept (1)  Rejected or will reject (2)  Don’t know yet (3) 21"
job_search,js23,"JS23 [Follow up, if JS19 >0 1 or JS19b > 1 (at least one job offer in last 4 weeks or 6 months)] Have you accepted, or do you plan to accept, this (your best) job offer?  Accepted or will accept (1)  Rejected or will reject (2)  Don’t know yet (3) 21 JS24a [Follow up, if JS19 >0 1 or JS19b > 1 (at least one job offer in last 4 weeks or 6 months)] [CA] [Options revised in 2014] Please select the employer-provided benefits, if any, included in this (your best) offer. [check all that apply]"
job_search,21,"21 JS24a [Follow up, if JS19 >0 1 or JS19b > 1 (at least one job offer in last 4 weeks or 6 months)] [CA] [Options revised in 2014] Please select the employer-provided benefits, if any, included in this (your best) offer. [check all that apply] ❑ Traditional pension plan (1) ❑ Employer contribution to a retirement account (2) ❑ Health insurance (3) ❑ Dental or vision insurance (4) ❑ Health or Dependent Care Flexible Spending Account (5) ❑ Housing or housing subsidy (6) ❑ Life or disability insurance (7)"
job_search,js24a,"JS24a [Follow up, if JS19 >0 1 or JS19b > 1 (at least one job offer in last 4 weeks or 6 months)] [CA] [Options revised in 2014] Please select the employer-provided benefits, if any, included in this (your best) offer. [check all that apply] ❑ Traditional pension plan (1) ❑ Employer contribution to a retirement account (2) ❑ Health insurance (3) ❑ Dental or vision insurance (4) ❑ Health or Dependent Care Flexible Spending Account (5) ❑ Housing or housing subsidy (6) ❑ Life or disability insurance (7) ❑ Commuter benefits (8) ❑ Childcare assistance (9)"
job_search,js25,"JS25 [Follow up, if JS19 >0 1 or JS19b > 1 (at least one job offer in last 4 weeks or 6 months)] [RC] [CA] [Options revised in 2016] For this (your best) job offer, how did you learn about this job? [check all that apply] I learned about this job from: ❑ Found through the employer’s website (1) ❑ Inquired with the employer directly through other means, including in-person (2) ❑ Found through an employment agency or career center (3) ❑ A temporary job was converted to permanent job (4) ❑ Referred by a friend or relative (5) ❑ Referred by a former co-worker, supervisor, business associate (6) ❑ Referred by a current employee at the company (7)"
job_search,js25b,"JS25b [Follow up, if JS25 = {5, 6, or 7} (referral)] [RC] [Options revised in 2014] You just mentioned you learned about this job through a referral. What is the relationship between the person who provided the referral and this employer? ❑ The referrer is a manager or supervisor at this employer (1) ❑ The referrer is a non-supervisory worker at this employer (2) ❑ The referrer works at this employer in a similar level or position to mine (3) [Option removed after 2013] ❑ The referrer does not work at this employer but knows someone at this employer personally (3) [Option (4) in 2013] ❑ The referrer does not work at this employer and does not know anyone at this employer personally, but knew"
job_search,22,"22 JS25c [Follow up, if JS25 = {5, 6, or 7} (referral)] [RC] (responses coded into 3-digit SOC codes) What is the OCCUPATION of the person who provided the referral? (for example: Electrical engineer, stock clerk, typist, farmer, ...) (1) ______________________________ (3-digit SOC code) ❑ 999999 = Don’t remember JS25d [Follow up, if JS25 = {5, 6, or 7} (referral)] [Introduced in 2017] What is the gender of the person who provided the referral?  Male (1)  Female (2) JS26 [Follow up, if JS19 >0 1 or JS19b > 1 (at least one job offer in last 4 weeks or 6 months)]"
job_search,js25c,"JS25c [Follow up, if JS25 = {5, 6, or 7} (referral)] [RC] (responses coded into 3-digit SOC codes) What is the OCCUPATION of the person who provided the referral? (for example: Electrical engineer, stock clerk, typist, farmer, ...) (1) ______________________________ (3-digit SOC code) ❑ 999999 = Don’t remember JS25d [Follow up, if JS25 = {5, 6, or 7} (referral)] [Introduced in 2017] What is the gender of the person who provided the referral?  Male (1)  Female (2) JS26 [Follow up, if JS19 >0 1 or JS19b > 1 (at least one job offer in last 4 weeks or 6 months)] For this (your best) job offer, roughly how many people work for this employer? Please include all locations where this employer oper"
job_search,js25d,"JS25d [Follow up, if JS25 = {5, 6, or 7} (referral)] [Introduced in 2017] What is the gender of the person who provided the referral?  Male (1)  Female (2) JS26 [Follow up, if JS19 >0 1 or JS19b > 1 (at least one job offer in last 4 weeks or 6 months)] For this (your best) job offer, roughly how many people work for this employer? Please include all locations where this employer operates.  [See EMPLOYER SIZE list in the Appendix] JS26a[Follow up, if JS19 >0 1 or JS19b > 1 (at least one job offer in last 4 weeks or 6 months)] [RC] [Introduced in 2014] For “this”/”your best” job offer, what type of employer made you this offer?"
job_search,js26,"JS26 [Follow up, if JS19 >0 1 or JS19b > 1 (at least one job offer in last 4 weeks or 6 months)] For this (your best) job offer, roughly how many people work for this employer? Please include all locations where this employer operates.  [See EMPLOYER SIZE list in the Appendix] JS26a[Follow up, if JS19 >0 1 or JS19b > 1 (at least one job offer in last 4 weeks or 6 months)] [RC] [Introduced in 2014] For “this”/”your best” job offer, what type of employer made you this offer? Please select only one. ❑ Government (including state or local government; a public school, university or hospital) (1) ❑ Private-sector, for-profit company (2) ❑ Non-profit organization (3)"
job_search,js26a,"JS26a[Follow up, if JS19 >0 1 or JS19b > 1 (at least one job offer in last 4 weeks or 6 months)] [RC] [Introduced in 2014] For “this”/”your best” job offer, what type of employer made you this offer? Please select only one. ❑ Government (including state or local government; a public school, university or hospital) (1) ❑ Private-sector, for-profit company (2) ❑ Non-profit organization (3) JS26b [If JS27a = 1 (government)] [RC] [Introduced in 2014] Would this be the federal, state, or local government? ❑ Federal (1) ❑ State (2)"
job_search,js26b,"JS26b [If JS27a = 1 (government)] [RC] [Introduced in 2014] Would this be the federal, state, or local government? ❑ Federal (1) ❑ State (2) ❑ Local (3) JS26c [If JS26a = {2,3} (non-government)] [RC] [Introduced in 2014] What kind of business or INDUSTRY does this employer operate in?  [See INDUSTRY list in Appendix] JS26d. [Follow up, if JS19 >0 1 or JS19b > 1 (at least one job offer in last 4 weeks or 6 months)] [Introduced in 2014]"
job_search,js26c,"JS26c [If JS26a = {2,3} (non-government)] [RC] [Introduced in 2014] What kind of business or INDUSTRY does this employer operate in?  [See INDUSTRY list in Appendix] JS26d. [Follow up, if JS19 >0 1 or JS19b > 1 (at least one job offer in last 4 weeks or 6 months)] [Introduced in 2014] Do you know if any employees at the business of “this”/”your best” job offer are part of a union? ❑ Yes (1) ❑ No (2) ❑ Don’t know (3) JS26e. [Follow up, if JS19 >0 1 or JS19b > 1 (at least one job offer in last 4 weeks or 6 months)] [Introduced in"
job_search,js26d,"JS26d. [Follow up, if JS19 >0 1 or JS19b > 1 (at least one job offer in last 4 weeks or 6 months)] [Introduced in 2014] Do you know if any employees at the business of “this”/”your best” job offer are part of a union? ❑ Yes (1) ❑ No (2) ❑ Don’t know (3) JS26e. [Follow up, if JS19 >0 1 or JS19b > 1 (at least one job offer in last 4 weeks or 6 months)] [Introduced in 2014; wording revised to inlcude “or one that has a specific task or end date” in 2017] Is “this”/”your best” job offer for a temporary or seasonal job, or one that has a specific task or end date? ❑ Yes (1) ❑ No (0)"
job_search,js26e,"JS26e. [Follow up, if JS19 >0 1 or JS19b > 1 (at least one job offer in last 4 weeks or 6 months)] [Introduced in 2014; wording revised to inlcude “or one that has a specific task or end date” in 2017] Is “this”/”your best” job offer for a temporary or seasonal job, or one that has a specific task or end date? ❑ Yes (1) ❑ No (0) 23 JS26f [Follow up, if job offer is temporary or seasonal] [Introduced in 2017] For how many months ‘do you expect’/’would you have expected’ this job to last? (1) ______________________________ months ❑ 999992 = less than one month"
job_search,23,"23 JS26f [Follow up, if job offer is temporary or seasonal] [Introduced in 2017] For how many months ‘do you expect’/’would you have expected’ this job to last? (1) ______________________________ months ❑ 999992 = less than one month JS26g. [Follow up, if received at least one job offer in last 4 weeks or 6 months and employed at time of offer)] [Introduced in 2017] Is/Was this offer for a job at the SAME EMPLOYER that you had at the time of the job offer, or is/was it for a job at a DIFFERENT EMPLOYER?  It is/was for a job at the SAME EMPLOYER that I had at the time of the job offer (1)  For a job at a DIFFERENT EMPLOYER (0)"
job_search,js26f,"JS26f [Follow up, if job offer is temporary or seasonal] [Introduced in 2017] For how many months ‘do you expect’/’would you have expected’ this job to last? (1) ______________________________ months ❑ 999992 = less than one month JS26g. [Follow up, if received at least one job offer in last 4 weeks or 6 months and employed at time of offer)] [Introduced in 2017] Is/Was this offer for a job at the SAME EMPLOYER that you had at the time of the job offer, or is/was it for a job at a DIFFERENT EMPLOYER?  It is/was for a job at the SAME EMPLOYER that I had at the time of the job offer (1)  For a job at a DIFFERENT EMPLOYER (0) JS26h. [Follow up, if job offer is by same employer at time of offe"
job_search,js26g,"JS26g. [Follow up, if received at least one job offer in last 4 weeks or 6 months and employed at time of offer)] [Introduced in 2017] Is/Was this offer for a job at the SAME EMPLOYER that you had at the time of the job offer, or is/was it for a job at a DIFFERENT EMPLOYER?  It is/was for a job at the SAME EMPLOYER that I had at the time of the job offer (1)  For a job at a DIFFERENT EMPLOYER (0) JS26h. [Follow up, if job offer is by same employer at time of offer] [Introduced in 2017] ‘Does this job offer require’/’Would this job offer have required’ a change in your typical activities and job duties?  Yes, my typical activities and job duties would ‘change’/’have changed’ (1)  No, my t"
job_search,js26h,"JS26h. [Follow up, if job offer is by same employer at time of offer] [Introduced in 2017] ‘Does this job offer require’/’Would this job offer have required’ a change in your typical activities and job duties?  Yes, my typical activities and job duties would ‘change’/’have changed’ (1)  No, my typical activities and job duties would ‘be’/’have been’ similar to before (2) JS26i. [Follow up, if job offer is by same employer at time of offer] [Introduced in 2017] Is/Was this job offer for a promotion?  Yes (1)  No (2) JS27 [Follow up, if JS23 = 1 (accepted or will accept (best) offer)] [RC] [CA] [Options revised in 2014, 2016, and 2020] Think about the job that you have accepted or will acc"
job_search,js26i,"JS26i. [Follow up, if job offer is by same employer at time of offer] [Introduced in 2017] Is/Was this job offer for a promotion?  Yes (1)  No (2) JS27 [Follow up, if JS23 = 1 (accepted or will accept (best) offer)] [RC] [CA] [Options revised in 2014, 2016, and 2020] Think about the job that you have accepted or will accept. What characteristics of this job made it worth accepting? ❑ Pay is as good or better than expected (1) ❑ Benefits are as good or better than expected (2) ❑ Preferred work hours were offered (either full-time or flexible full or part time hours) (3) ❑ The commute time to work seems manageable (4) ❑ The job appears to have a high quality of work life, including flexibili"
job_search,js27,"JS27 [Follow up, if JS23 = 1 (accepted or will accept (best) offer)] [RC] [CA] [Options revised in 2014, 2016, and 2020] Think about the job that you have accepted or will accept. What characteristics of this job made it worth accepting? ❑ Pay is as good or better than expected (1) ❑ Benefits are as good or better than expected (2) ❑ Preferred work hours were offered (either full-time or flexible full or part time hours) (3) ❑ The commute time to work seems manageable (4) ❑ The job appears to have a high quality of work life, including flexibility with child care and family responsibilities (5) ❑ The job appears to have a safe work environment (13) [Added as a response in 2020] ❑ The job sat"
job_search,js28,"JS28 [Follow up, if JS23 = 1 (accepted or will accept (best) offer)] In how many weeks, counting from today, will you start working on your new job? I will start in (1) ______________________________ week(s) ❑ 999997 = Already started this new job 24 JS28b [Follow up, if JS28 = “already started this new job”] Is this the same job that you reported as your main/current job above?  Yes (1)  No (0) JS28c. [Follow up, if at least one job offer in last 4 weeks or 6 months and employed at time of offer] [Introduced"
job_search,24,"24 JS28b [Follow up, if JS28 = “already started this new job”] Is this the same job that you reported as your main/current job above?  Yes (1)  No (0) JS28c. [Follow up, if at least one job offer in last 4 weeks or 6 months and employed at time of offer] [Introduced in 2017] Is/Was this offer for a NEW job, that is, replacing the job or jobs you held at the time of the offer, or is/was it for a job IN ADDITION to the one(s) you held at the time of the offer?  The offer is/was for a new job that ‘would replace’/’would have replaced’ the job(s) I held at the time of the offer (1)"
job_search,js28b,"JS28b [Follow up, if JS28 = “already started this new job”] Is this the same job that you reported as your main/current job above?  Yes (1)  No (0) JS28c. [Follow up, if at least one job offer in last 4 weeks or 6 months and employed at time of offer] [Introduced in 2017] Is/Was this offer for a NEW job, that is, replacing the job or jobs you held at the time of the offer, or is/was it for a job IN ADDITION to the one(s) you held at the time of the offer?  The offer is/was for a new job that ‘would replace’/’would have replaced’ the job(s) I held at the time of the offer (1)  The offer is/was for a job in addition to the one(s) I held at the time of the offer (0) JS29 [Follow up, if JS23"
job_search,js28c,"JS28c. [Follow up, if at least one job offer in last 4 weeks or 6 months and employed at time of offer] [Introduced in 2017] Is/Was this offer for a NEW job, that is, replacing the job or jobs you held at the time of the offer, or is/was it for a job IN ADDITION to the one(s) you held at the time of the offer?  The offer is/was for a new job that ‘would replace’/’would have replaced’ the job(s) I held at the time of the offer (1)  The offer is/was for a job in addition to the one(s) I held at the time of the offer (0) JS29 [Follow up, if JS23 = 2 (rejected or will reject (best) offer)] [RC] [CA] [Options revised in 2014 and 2020] You indicated that you rejected or will reject the (best) jo"
job_search,js29,"JS29 [Follow up, if JS23 = 2 (rejected or will reject (best) offer)] [RC] [CA] [Options revised in 2014 and 2020] You indicated that you rejected or will reject the (best) job offer that you listed above. What characteristics of this job offer caused/will cause you to reject it? ❑ Pay was inadequate (1) ❑ Benefits were inadequate (2) ❑ Unsuitable work hours (3) ❑ Commute time would be too long (4) ❑ Job would require me to relocate (5) ❑ The job appears to have a low quality of work life, with little flexibility with child care and family responsibilities (6) ❑ The job appears to have an unsafe work environment (13) [Added as a response in 2020] ❑ The job does not satisfactorily address heal"
job_search,js30,"JS30 [Follow up, if JS27 = 2 or JS29 = 2 (benefits were better than expected (inadequate))] [RC] [CA] [Options revised in 2014; see BENEFITS list in Appendix] You indicated above that the benefits offered are/were important in the decision to accept (reject) the job offer. Which of the following employer-provided benefits are/were important in your decision? ❑ [See BENEFITS list in Appendix] 25 JS31b [Follow up, if JS19 >0 1 or JS19b > 1 (at least one job offer in last 4 weeks or 6 months)] Consider again your (best) job offer. At the time that you were first interviewed for this job, did you already know exactly how much it would pay, had a pretty good idea of how much it would pay, or had "
job_search,25,"25 JS31b [Follow up, if JS19 >0 1 or JS19b > 1 (at least one job offer in last 4 weeks or 6 months)] Consider again your (best) job offer. At the time that you were first interviewed for this job, did you already know exactly how much it would pay, had a pretty good idea of how much it would pay, or had very little idea of how much it would pay if you got it?  Knew exactly what it would pay (1)  Had a good idea (2)  Had very little idea (3)  Did not have an interview for this job (4) JS31c [Follow up, if JS19 >0 1 or JS19b > 1 (at least one job offer in last 4 weeks or 6 months)] Consider again your (best) job offer. Did the employer learn how much you are (were) making on your current"
job_search,js31b,"JS31b [Follow up, if JS19 >0 1 or JS19b > 1 (at least one job offer in last 4 weeks or 6 months)] Consider again your (best) job offer. At the time that you were first interviewed for this job, did you already know exactly how much it would pay, had a pretty good idea of how much it would pay, or had very little idea of how much it would pay if you got it?  Knew exactly what it would pay (1)  Had a good idea (2)  Had very little idea (3)  Did not have an interview for this job (4) JS31c [Follow up, if JS19 >0 1 or JS19b > 1 (at least one job offer in last 4 weeks or 6 months)] Consider again your (best) job offer. Did the employer learn how much you are (were) making on your current (pre"
job_search,js31c,"JS31c [Follow up, if JS19 >0 1 or JS19b > 1 (at least one job offer in last 4 weeks or 6 months)] Consider again your (best) job offer. Did the employer learn how much you are (were) making on your current (previous) job before making you the job offer?  Yes (1)  No (0) JS31d [Follow up, if JS19 >0 1 or JS19b > 1 (at least one job offer in last 4 weeks or 6 months)] Consider again your (best) job offer. When you were offered this job, did the employer make a ‘take-it-or leave-it’ offer or was there some bargaining that took place over the pay?  Some bargaining over pay (1)  ‘Take-it-or leave-it’ offer (0) JS32a [Follow up, if JS28 = “already started this new job”] Did your PREVIOUS emplo"
job_search,js31d,"JS31d [Follow up, if JS19 >0 1 or JS19b > 1 (at least one job offer in last 4 weeks or 6 months)] Consider again your (best) job offer. When you were offered this job, did the employer make a ‘take-it-or leave-it’ offer or was there some bargaining that took place over the pay?  Some bargaining over pay (1)  ‘Take-it-or leave-it’ offer (0) JS32a [Follow up, if JS28 = “already started this new job”] Did your PREVIOUS employer match the wage that was offered on your new job, or do you think they would have if you asked?  Yes, my previous employer matched the wage offered (1)  Yes, I think my previous employer would have matched the wage offered (2)  No (3) JS32b [Follow up, if JS23  1 (h"
job_search,js32a,"JS32a [Follow up, if JS28 = “already started this new job”] Did your PREVIOUS employer match the wage that was offered on your new job, or do you think they would have if you asked?  Yes, my previous employer matched the wage offered (1)  Yes, I think my previous employer would have matched the wage offered (2)  No (3) JS32b [Follow up, if JS23  1 (have not accepted decided to accept)] Do you think your current employer would match the wage that was offered (on your best job offer)?  Yes (1)  No (2) JS32c/JS32d [Follow up, if JS28 = “already started this new job”] [CA] (Were you able to secure any promotion, pay increase, or increase in benefits on your main/current job as a result of"
job_search,js32b,"JS32b [Follow up, if JS23  1 (have not accepted decided to accept)] Do you think your current employer would match the wage that was offered (on your best job offer)?  Yes (1)  No (2) JS32c/JS32d [Follow up, if JS28 = “already started this new job”] [CA] (Were you able to secure any promotion, pay increase, or increase in benefits on your main/current job as a result of this outside job offer?)/Before you accepted the offer for your new job, were you offered any promotion, pay increase, or increase in benefits by your previous employer as a counter-offer to this outside job offer? [check all that apply] ❑ Yes, a promotion was offered (1) ❑ Yes, a pay increase was offered (2) ❑ Yes, an inc"
job_search,js32c,"JS32c/JS32d [Follow up, if JS28 = “already started this new job”] [CA] (Were you able to secure any promotion, pay increase, or increase in benefits on your main/current job as a result of this outside job offer?)/Before you accepted the offer for your new job, were you offered any promotion, pay increase, or increase in benefits by your previous employer as a counter-offer to this outside job offer? [check all that apply] ❑ Yes, a promotion was offered (1) ❑ Yes, a pay increase was offered (2) ❑ Yes, an increase in benefits was offered (3)  No promotion, pay increase, or increase in benefits were offered (4) 26"
job_search,26,"26 JS32e [Follow up, if JS32c or JS32d = 2 (a pay increase was offered by current/previous employer)] [Revised in 2014 to drop biweekly, monthly reporting options, which were imputed into weekly values in 2013] By how much did your pay increase as a result (if at all)? (1) ______________________________ (reported as hourly, weekly, or annually) JS34a [All except self-employed] In the LAST 4 WEEKS, have any employers indicated that they would be willing to make you a job offer, but you indicated that you were not interested?  Yes (1)  No (0) JS34b [Follow up, if JS34a = 1 (yes)]"
job_search,js32e,"JS32e [Follow up, if JS32c or JS32d = 2 (a pay increase was offered by current/previous employer)] [Revised in 2014 to drop biweekly, monthly reporting options, which were imputed into weekly values in 2013] By how much did your pay increase as a result (if at all)? (1) ______________________________ (reported as hourly, weekly, or annually) JS34a [All except self-employed] In the LAST 4 WEEKS, have any employers indicated that they would be willing to make you a job offer, but you indicated that you were not interested?  Yes (1)  No (0) JS34b [Follow up, if JS34a = 1 (yes)] How many employers indicated that they would be willing to make you a job offer, but you were not interested? (1) __"
job_search,js34a,"JS34a [All except self-employed] In the LAST 4 WEEKS, have any employers indicated that they would be willing to make you a job offer, but you indicated that you were not interested?  Yes (1)  No (0) JS34b [Follow up, if JS34a = 1 (yes)] How many employers indicated that they would be willing to make you a job offer, but you were not interested? (1) ______________________________ employers (1) JS35a [All wage and salary earners, including on layoff] Suppose you were offered a job in the same line of work and location and with the same benefits as your current job. If the job offered a 10% higher salary than your current job, would you ask your current employer for a promotion or pay increa"
job_search,js34b,"JS34b [Follow up, if JS34a = 1 (yes)] How many employers indicated that they would be willing to make you a job offer, but you were not interested? (1) ______________________________ employers (1) JS35a [All wage and salary earners, including on layoff] Suppose you were offered a job in the same line of work and location and with the same benefits as your current job. If the job offered a 10% higher salary than your current job, would you ask your current employer for a promotion or pay increase?  Yes (1)  No (0) JS35bnew [Follow up, if JS35a = 1 (yes)] What do you think is the percent chance that your current employer would match the outside offer in terms of the pay increase?"
job_search,js35a,"JS35a [All wage and salary earners, including on layoff] Suppose you were offered a job in the same line of work and location and with the same benefits as your current job. If the job offered a 10% higher salary than your current job, would you ask your current employer for a promotion or pay increase?  Yes (1)  No (0) JS35bnew [Follow up, if JS35a = 1 (yes)] What do you think is the percent chance that your current employer would match the outside offer in terms of the pay increase? (1) ________________ percent chance"
job_search,js35bnew,"JS35bnew [Follow up, if JS35a = 1 (yes)] What do you think is the percent chance that your current employer would match the outside offer in terms of the pay increase? (1) ________________ percent chance RW. RESERVATION WAGE ELICITATION RW1a [All who looked for new work in last 4 weeks, or want or might want a new, excluding the self-employed] Assuming you could find suitable/additional work, how many hours PER WEEK would you prefer to work on this new job? (1) ______________________________ hours per week (1)"
job_search,rw1a,"RW1a [All who looked for new work in last 4 weeks, or want or might want a new, excluding the self-employed] Assuming you could find suitable/additional work, how many hours PER WEEK would you prefer to work on this new job? (1) ______________________________ hours per week (1) 27 RW2 [All who looked for new/additional work in last 4 weeks, or want or might want a new/additional job, excluding the self-employed] [Revised in 2014 to drop biweekly, monthly reporting options, which were imputed into weekly values in 2013]"
job_search,27,"27 RW2 [All who looked for new/additional work in last 4 weeks, or want or might want a new/additional job, excluding the self-employed] [Revised in 2014 to drop biweekly, monthly reporting options, which were imputed into weekly values in 2013] Suppose someone offered you a job today. What is the lowest wage or salary you would accept (BEFORE taxes and deductions) for the type of work you are looking for? (1) ______________________________ (reported as hourly, weekly, or annually) [NOTE: RW2h = reservation wage, calculated for non-hourly responses as weekly earnings/usual hours or annual earnings/(52  usual hours)] RW3 [All who looked for new/additional work in last 4 weeks, or want or mig"
job_search,rw2,"RW2 [All who looked for new/additional work in last 4 weeks, or want or might want a new/additional job, excluding the self-employed] [Revised in 2014 to drop biweekly, monthly reporting options, which were imputed into weekly values in 2013] Suppose someone offered you a job today. What is the lowest wage or salary you would accept (BEFORE taxes and deductions) for the type of work you are looking for? (1) ______________________________ (reported as hourly, weekly, or annually) [NOTE: RW2h = reservation wage, calculated for non-hourly responses as weekly earnings/usual hours or annual earnings/(52  usual hours)] RW3 [All who looked for new/additional work in last 4 weeks, or want or might "
job_search,rw3,"RW3 [All who looked for new/additional work in last 4 weeks, or want or might want a new/additional job, excluding the self-employed] Suppose you were offered a job today that paid $[RW2h answer]. Would you accept this job if it required you to relocate to another city or state?  Yes (1)  No (0) RW3b [Follow up, if RW3 = 2 (no)] By what PERCENTAGE would the wage have to be higher, if at all, for you to relocate? The wage would have to be (1) ______________________________ percent higher ❑ 999998 = I would not accept such a job RW4 [All who looked for new/additional work in last 4 weeks, or want or might want a new/additional job, excluding the self-employed]"
job_search,rw3b,"RW3b [Follow up, if RW3 = 2 (no)] By what PERCENTAGE would the wage have to be higher, if at all, for you to relocate? The wage would have to be (1) ______________________________ percent higher ❑ 999998 = I would not accept such a job RW4 [All who looked for new/additional work in last 4 weeks, or want or might want a new/additional job, excluding the self-employed] Suppose you were offered a job today that paid $[RW2h answer]. Would you accept this job if it required your daily commute to double (compared to your main/current or most recent job)?  Yes (1)  No (0) RW4b [Follow up, if RW4 = 2 (no)] By what PERCENTAGE would the wage have to be higher, if at all, for you to double your daily"
job_search,rw4,"RW4 [All who looked for new/additional work in last 4 weeks, or want or might want a new/additional job, excluding the self-employed] Suppose you were offered a job today that paid $[RW2h answer]. Would you accept this job if it required your daily commute to double (compared to your main/current or most recent job)?  Yes (1)  No (0) RW4b [Follow up, if RW4 = 2 (no)] By what PERCENTAGE would the wage have to be higher, if at all, for you to double your daily commute? The wage would have to be (1) ______________________________ percent higher ❑ 999998 = I would not accept such a job RW6 [All who looked for new/additional work in last 4 weeks, or want or might want a new/additional job, excl"
job_search,rw4b,"RW4b [Follow up, if RW4 = 2 (no)] By what PERCENTAGE would the wage have to be higher, if at all, for you to double your daily commute? The wage would have to be (1) ______________________________ percent higher ❑ 999998 = I would not accept such a job RW6 [All who looked for new/additional work in last 4 weeks, or want or might want a new/additional job, excluding the self-employed, and RW2b = “hourly”] Suppose you were offered a job today that paid an hourly wage of $[RW2h answer] at your preferred work hours. Would you accept this job if it required 10% more hours than your preferred weekly work hours?  Yes (1)  No (0)"
job_search,rw6,"RW6 [All who looked for new/additional work in last 4 weeks, or want or might want a new/additional job, excluding the self-employed, and RW2b = “hourly”] Suppose you were offered a job today that paid an hourly wage of $[RW2h answer] at your preferred work hours. Would you accept this job if it required 10% more hours than your preferred weekly work hours?  Yes (1)  No (0) 28 RW6a [All who looked for new/additional work in last 4 weeks, or want or might want a new/additional job, excluding the self-employed, and RW2b  “hourly”]"
job_search,28,"28 RW6a [All who looked for new/additional work in last 4 weeks, or want or might want a new/additional job, excluding the self-employed, and RW2b  “hourly”] You indicated above that you would accept a job that paid $[RW2a answer] per [RW2b answer]. According to our calculations this corresponds to an HOURLY wage of $[answer]. Suppose you were offered a job today that paid an hourly wage of $[answer]. Would you accept this job if it required 10% more hours than your preferred weekly work hours?  Yes (1)  No (0) RW6b [Follow up, if RW6 or RW6a = 2 (no)] By what PERCENTAGE would the HOURLY wage have to be higher, if at all, for you to accept a job that required"
job_search,rw6a,"RW6a [All who looked for new/additional work in last 4 weeks, or want or might want a new/additional job, excluding the self-employed, and RW2b  “hourly”] You indicated above that you would accept a job that paid $[RW2a answer] per [RW2b answer]. According to our calculations this corresponds to an HOURLY wage of $[answer]. Suppose you were offered a job today that paid an hourly wage of $[answer]. Would you accept this job if it required 10% more hours than your preferred weekly work hours?  Yes (1)  No (0) RW6b [Follow up, if RW6 or RW6a = 2 (no)] By what PERCENTAGE would the HOURLY wage have to be higher, if at all, for you to accept a job that required you to work 10% more hours than "
job_search,rw6b,"RW6b [Follow up, if RW6 or RW6a = 2 (no)] By what PERCENTAGE would the HOURLY wage have to be higher, if at all, for you to accept a job that required you to work 10% more hours than what you prefer? The wage would have to be (1) ______________________________ percent higher ❑ 999998 = I would not accept such a job RW7 [All who looked for new/additional work in last 4 weeks, or want or might want a new/additional job, excluding the self-employed] Suppose you were offered a job today that paid $[RW2h answer]. Would you accept this job if it did not provide health insurance?  Yes (1)  No (0) RW7b [Follow up, if RW6 = 2 (no)]"
job_search,rw7,"RW7 [All who looked for new/additional work in last 4 weeks, or want or might want a new/additional job, excluding the self-employed] Suppose you were offered a job today that paid $[RW2h answer]. Would you accept this job if it did not provide health insurance?  Yes (1)  No (0) RW7b [Follow up, if RW6 = 2 (no)] By what PERCENTAGE would the wage have to be higher, if at all, for you to accept a job that did not provide health insurance? The wage would have to be (1) ______________________________ percent higher ❑ 999998 = I would not accept such a job"
job_search,rw7b,"RW7b [Follow up, if RW6 = 2 (no)] By what PERCENTAGE would the wage have to be higher, if at all, for you to accept a job that did not provide health insurance? The wage would have to be (1) ______________________________ percent higher ❑ 999998 = I would not accept such a job 29 JH. JOB SEARCH FOR MOST RECENT JOB JH1 [All wage and salary earners, including those on layoff but excluding the self-employed] [RC] [CA] [Options revised in 2014 and 2016]"
job_search,29,"29 JH. JOB SEARCH FOR MOST RECENT JOB JH1 [All wage and salary earners, including those on layoff but excluding the self-employed] [RC] [CA] [Options revised in 2014 and 2016] How did you learn about your current job? [check all that apply] ❑ Found through the employer’s website (1) ❑ Inquired with the employer directly through other means, including in-person (2) ❑ Found through an employment agency (including the conversion from temporary to permanent work) (3) ❑ Referred by a friend or relative (4) ❑ Referred by a former co-worker, supervisor, teacher, business associate (5) ❑ Referred by a current employee at the company (6)"
job_search,jh1,"JH1 [All wage and salary earners, including those on layoff but excluding the self-employed] [RC] [CA] [Options revised in 2014 and 2016] How did you learn about your current job? [check all that apply] ❑ Found through the employer’s website (1) ❑ Inquired with the employer directly through other means, including in-person (2) ❑ Found through an employment agency (including the conversion from temporary to permanent work) (3) ❑ Referred by a friend or relative (4) ❑ Referred by a former co-worker, supervisor, teacher, business associate (5) ❑ Referred by a current employee at the company (6) ❑ Found through a school/university/government employment or career center (7) ❑ Found through an onl"
job_search,jh1b,"JH1b [Follow up, if JH1 = {4, 5, or 6} (referral)] [RC] [CA] [Options revised in 2014] You just mentioned you learned about your current job through a referral. What was the relationship between the person who provided the referral and this employer? [check all that apply] ❑ The referrer was a manager or supervisor at this employer (1) ❑ The referrer was a non-supervisory worker at this employer (2) ❑ The referrer works at this employer in a similar level or position to mine (3) [Option removed after 2013] ❑ The referrer does not work at this employer but knows someone at this employer personally (3) [Option (4) in 2013] ❑ The referrer does not work at this employer and does not know anyone "
job_search,jh1c,"JH1c [Follow up, if JH1 = {4, 5, or 6} (referral)] [RC] (responses coded into 3-digit SOC codes) What was the OCCUPATION of the person who provided the referral? (for example: Electrical engineer, stock clerk, typist, farmer, ...) (1) ______________________________ (3-digit SOC code) ❑ 999999 = Don’t remember JH1d [Follow up, if JH1 = {4, 5, or 6} (referral)] [Introduced in 2017] What is the gender of the person who provided the referral?  Male (1)  Female (2) 30"
job_search,jh1d,"JH1d [Follow up, if JH1 = {4, 5, or 6} (referral)] [Introduced in 2017] What is the gender of the person who provided the referral?  Male (1)  Female (2) 30 JH2 [All wage and salary earners, including those on layoff but excluding the self-employed] [RC] [Options revised in 2014 and 2016; wording revised in 2017] Were you hired to your current employer while still employed somewhere else? [Asked “Were you employed immediately prior to accepting your current job?” prior to 2017]"
job_search,30,"30 JH2 [All wage and salary earners, including those on layoff but excluding the self-employed] [RC] [Options revised in 2014 and 2016; wording revised in 2017] Were you hired to your current employer while still employed somewhere else? [Asked “Were you employed immediately prior to accepting your current job?” prior to 2017] ❑ Yes, I was employed when I got hired but was about to lose my previous job (1) [Option was “Yes, I was employed but lost my previous job” prior to 2017] ❑ Yes, I was employed when I got hired and quit my previous job (2) [Option was “Yes, I was employed but quit my previous job” prior to 2017] ❑ Yes, I was employed when I got hired but a temporary or seasonal job end"
job_search,jh2,"JH2 [All wage and salary earners, including those on layoff but excluding the self-employed] [RC] [Options revised in 2014 and 2016; wording revised in 2017] Were you hired to your current employer while still employed somewhere else? [Asked “Were you employed immediately prior to accepting your current job?” prior to 2017] ❑ Yes, I was employed when I got hired but was about to lose my previous job (1) [Option was “Yes, I was employed but lost my previous job” prior to 2017] ❑ Yes, I was employed when I got hired and quit my previous job (2) [Option was “Yes, I was employed but quit my previous job” prior to 2017] ❑ Yes, I was employed when I got hired but a temporary or seasonal job ended "
job_search,jh2a,"JH2a. [All wage and salary earners, including those on layoff but excluding the self-employed] [Introduced in 2017] Were you actively looking for work in the months prior to accepting your current job? ❑ Yes (1) ❑ No (2) ❑ Don’t remember (3) JH2b [Follow up, if JH2 = {1, 2, 3, or 5} (reported prior work history)] How many weeks passed between the time when your previous job ended and the time when your current job started? Please enter 0 if you started your current job right after your previous job ended. (1) ______________________________ week(s)"
job_search,2017,"2017] Were you actively looking for work in the months prior to accepting your current job? ❑ Yes (1) ❑ No (2) ❑ Don’t remember (3) JH2b [Follow up, if JH2 = {1, 2, 3, or 5} (reported prior work history)] How many weeks passed between the time when your previous job ended and the time when your current job started? Please enter 0 if you started your current job right after your previous job ended. (1) ______________________________ week(s) ❑ 999999 = Don’t remember"
job_search,jh2b,"JH2b [Follow up, if JH2 = {1, 2, 3, or 5} (reported prior work history)] How many weeks passed between the time when your previous job ended and the time when your current job started? Please enter 0 if you started your current job right after your previous job ended. (1) ______________________________ week(s) ❑ 999999 = Don’t remember JH2c [Follow up, if JH2 = {1, 2, 3, or 5} (reported prior work history)] Regardless of how you separated from your PREVIOUS job, had you been given advance notice that you would lose your PREVIOUS job?  Yes (1)  No (2)  Don’t remember (3)"
job_search,jh2c,"JH2c [Follow up, if JH2 = {1, 2, 3, or 5} (reported prior work history)] Regardless of how you separated from your PREVIOUS job, had you been given advance notice that you would lose your PREVIOUS job?  Yes (1)  No (2)  Don’t remember (3) 31 JH2d [Follow up, if JH2c = 1 (advance notice of separation)] How many months before you were to have lost your job did you receive that notice?"
job_search,31,"31 JH2d [Follow up, if JH2c = 1 (advance notice of separation)] How many months before you were to have lost your job did you receive that notice? (1) ______________________________ month(s) ❑ 999999 = Don’t remember JH2e - JH2e [Follow up, if JH2 = 2 (quit previous job)] [Introduced in 2015] Why did you quit your previous job? Check all that apply  My current job offered higher earnings and/or better benefits than my previous job (1)  My current job offered better hours than my previous job (2)  My current job is a better fit for my skills than my previous job (3)"
job_search,jh2d,"JH2d [Follow up, if JH2c = 1 (advance notice of separation)] How many months before you were to have lost your job did you receive that notice? (1) ______________________________ month(s) ❑ 999999 = Don’t remember JH2e - JH2e [Follow up, if JH2 = 2 (quit previous job)] [Introduced in 2015] Why did you quit your previous job? Check all that apply  My current job offered higher earnings and/or better benefits than my previous job (1)  My current job offered better hours than my previous job (2)  My current job is a better fit for my skills than my previous job (3)  My current job requires a shorter commute to work (4)  My current job has a better work environment and/or a higher quality o"
job_search,jh2e,"JH2e - JH2e [Follow up, if JH2 = 2 (quit previous job)] [Introduced in 2015] Why did you quit your previous job? Check all that apply  My current job offered higher earnings and/or better benefits than my previous job (1)  My current job offered better hours than my previous job (2)  My current job is a better fit for my skills than my previous job (3)  My current job requires a shorter commute to work (4)  My current job has a better work environment and/or a higher quality of work life than my previous job (5)  I needed to switch jobs for family or personal reasons, including moving to a new location (6)  I anticipated being laid off from my previous job in the near future (7)  My "
job_search,jh3,"JH3 [Follow up, if JH2 = {1, 2, 3, or 5} (reported prior work history)] Did accepting your main/current job cause you to relocate to another city or state?  Yes (1)  No (0) JH4 [Follow up, if JH2 = {1, 2, 3, or 5} (reported prior work history)] Did accepting your main/current job cause your daily commute to at least double, compared to your previous job?  Yes (1)  No (0) JH5 [Follow up, if JH2 = {1, 2, 3, or 4} (reported prior work history)] [Only asked in 2013; replaced by a revised question JH5b in 2014] Did accepting your main/current job reflect an increase, no change, or a decrease in your USUAL hours worked per week, compared to your previous job?"
job_search,jh4,"JH4 [Follow up, if JH2 = {1, 2, 3, or 5} (reported prior work history)] Did accepting your main/current job cause your daily commute to at least double, compared to your previous job?  Yes (1)  No (0) JH5 [Follow up, if JH2 = {1, 2, 3, or 4} (reported prior work history)] [Only asked in 2013; replaced by a revised question JH5b in 2014] Did accepting your main/current job reflect an increase, no change, or a decrease in your USUAL hours worked per week, compared to your previous job?  Increase (1)  No change (2)  Decrease (3) JH5b [Follow up, if JH2 = {1, 2, 3, 4, or 5} (reported prior or existing work history)] [Question revised in 2014]"
job_search,jh5,"JH5 [Follow up, if JH2 = {1, 2, 3, or 4} (reported prior work history)] [Only asked in 2013; replaced by a revised question JH5b in 2014] Did accepting your main/current job reflect an increase, no change, or a decrease in your USUAL hours worked per week, compared to your previous job?  Increase (1)  No change (2)  Decrease (3) JH5b [Follow up, if JH2 = {1, 2, 3, 4, or 5} (reported prior or existing work history)] [Question revised in 2014] How many hours per week did you USUALLY work at your PREVIOUS job? That is, the job you had immediately before your current job? [Was “By how much did your weekly hours increase (decrease)? Please give your best guess.” In 2013; followed up JH5 if (fo"
job_search,jh5b,"JH5b [Follow up, if JH2 = {1, 2, 3, 4, or 5} (reported prior or existing work history)] [Question revised in 2014] How many hours per week did you USUALLY work at your PREVIOUS job? That is, the job you had immediately before your current job? [Was “By how much did your weekly hours increase (decrease)? Please give your best guess.” In 2013; followed up JH5 if (follow up if JH5 = {1,3} (increase or decrease in hours)] (1) ______________________________ hours per week 32 JH6 [Follow up, if JH2 = {1, 2, 3, or 5} (reported prior work history)] Did accepting your main/current job reflect an increase, no change, or a decrease in your overall quality of work life, compared to your previous job?  "
job_search,32,"32 JH6 [Follow up, if JH2 = {1, 2, 3, or 5} (reported prior work history)] Did accepting your main/current job reflect an increase, no change, or a decrease in your overall quality of work life, compared to your previous job?  Increase (1)  No change (2)  Decrease (3) JH7 [Follow up, if JH2 = {1, 2, 3, or 5} (reported prior work history)] Did accepting your main/current job reflect an increase, no change, or a decrease in your benefits received, compared to your previous job?  Increase (1)"
job_search,jh6,"JH6 [Follow up, if JH2 = {1, 2, 3, or 5} (reported prior work history)] Did accepting your main/current job reflect an increase, no change, or a decrease in your overall quality of work life, compared to your previous job?  Increase (1)  No change (2)  Decrease (3) JH7 [Follow up, if JH2 = {1, 2, 3, or 5} (reported prior work history)] Did accepting your main/current job reflect an increase, no change, or a decrease in your benefits received, compared to your previous job?  Increase (1)  No change (2)  Decrease (3)"
job_search,jh7,"JH7 [Follow up, if JH2 = {1, 2, 3, or 5} (reported prior work history)] Did accepting your main/current job reflect an increase, no change, or a decrease in your benefits received, compared to your previous job?  Increase (1)  No change (2)  Decrease (3) JH8 [Follow up, if JH2 = {1, 2, 3, 4, or 5} (reported prior or existing work history)] [RC] [CA] [Options revised in 2014] Did you receive any of the following employer-provided benefits at your PREVIOUS job? That is, the job you held before starting to work on your current job. ❑ Traditional pension plan (1) ❑ Employer contribution to a retirement account (for instance, a 401(k), 403(b) or IRA account) (2)"
job_search,jh8,"JH8 [Follow up, if JH2 = {1, 2, 3, 4, or 5} (reported prior or existing work history)] [RC] [CA] [Options revised in 2014] Did you receive any of the following employer-provided benefits at your PREVIOUS job? That is, the job you held before starting to work on your current job. ❑ Traditional pension plan (1) ❑ Employer contribution to a retirement account (for instance, a 401(k), 403(b) or IRA account) (2) ❑ Health insurance (3) ❑ Dental or vision insurance (4) ❑ Health Care or Dependent Care Flexible Spending Account (5) ❑ Housing or housing subsidy (6) ❑ Life or disability insurance (7) ❑ Commuter benefits (8)"
job_search,jh10,"JH10 [Follow up, if JH2 = {1, 2, 3, 4, 5, or 6} (reported prior or existing work history)] [Revised in 2014 to drop biweekly, monthly reporting options, which were imputed into weekly values in 2013] Please give your best estimate of how much you made, before taxes and other deductions, AT THE TIME YOU LEFT your previous job / at your previous job JUST PRIOR TO STARTING YOUR CURRENT JOB. Please include any bonuses, overtime pay, tips or commissions. (1) ______________________________ (reported as hourly, weekly, or annually) ❑ 999999 = Don’t remember (reported in hourly earnings variable) JH11a [Follow up, if JH2 = {1, 2, 3, 4, 5, or 6} (reported prior or existing work history)] [RC] (respon"
job_search,jh11a,"JH11a [Follow up, if JH2 = {1, 2, 3, 4, 5, or 6} (reported prior or existing work history)] [RC] (responses coded into 3-digit SOC codes) What kind of work did you do, that is, what was your OCCUPATION on your previous job? (for example: Electrical engineer, stock clerk, typist, farmer, ...) (1) ______________________________ (3-digit SOC code) 33 JH12 [Follow up, if JH2 = {1, 2, 3, 4, 5, or 6} (reported prior or existing work history)] [RC] [Introduced in 2017] What type of employer did you work for in your previous job? Please select only one."
job_search,33,"33 JH12 [Follow up, if JH2 = {1, 2, 3, 4, 5, or 6} (reported prior or existing work history)] [RC] [Introduced in 2017] What type of employer did you work for in your previous job? Please select only one. ❑ Government (including state or local government; a public school, university or hospital) (1) ❑ Private-sector, for-profit company (2) ❑ Non-profit organization (3) ❑ Worked in the family business (4) JH12a. [Follow up, if JH12 = 1 (government)] [RC] [Introduced in 2014] Would this be the federal, state, or local government?"
job_search,jh12,"JH12 [Follow up, if JH2 = {1, 2, 3, 4, 5, or 6} (reported prior or existing work history)] [RC] [Introduced in 2017] What type of employer did you work for in your previous job? Please select only one. ❑ Government (including state or local government; a public school, university or hospital) (1) ❑ Private-sector, for-profit company (2) ❑ Non-profit organization (3) ❑ Worked in the family business (4) JH12a. [Follow up, if JH12 = 1 (government)] [RC] [Introduced in 2014] Would this be the federal, state, or local government? ❑ Federal (1) ❑ State (2)"
job_search,jh12a,"JH12a. [Follow up, if JH12 = 1 (government)] [RC] [Introduced in 2014] Would this be the federal, state, or local government? ❑ Federal (1) ❑ State (2) ❑ Local (3) JH12b [Follow up, if JH12 = = {2, 3, 4} (non-government)] [RC] [Introduced in 2014] What kind of business or INDUSTRY was your previous employer in?  [See INDUSTRY list in Appendix] JH12c [Follow up, if JH2 = {1, 2, 3, 4, or 5} (reported prior or existing work history)] Did your previous employer’s business operate out of more than one LOCATION (office, store, or other permanent"
job_search,jh12b,"JH12b [Follow up, if JH12 = = {2, 3, 4} (non-government)] [RC] [Introduced in 2014] What kind of business or INDUSTRY was your previous employer in?  [See INDUSTRY list in Appendix] JH12c [Follow up, if JH2 = {1, 2, 3, 4, or 5} (reported prior or existing work history)] Did your previous employer’s business operate out of more than one LOCATION (office, store, or other permanent place of business)? ❑ Yes (1) ❑ No (0) JH12d [Follow up, if JH2 = {1, 2, 3, 4, or 5} (reported prior or existing work history)] [Introduced in 2014] How many paid employees did your previous employer’s business have AT YOUR USUAL PLACE OF WORK?"
job_search,jh12c,"JH12c [Follow up, if JH2 = {1, 2, 3, 4, or 5} (reported prior or existing work history)] Did your previous employer’s business operate out of more than one LOCATION (office, store, or other permanent place of business)? ❑ Yes (1) ❑ No (0) JH12d [Follow up, if JH2 = {1, 2, 3, 4, or 5} (reported prior or existing work history)] [Introduced in 2014] How many paid employees did your previous employer’s business have AT YOUR USUAL PLACE OF WORK?  [See EMPLOYER SIZE list in the Appendix] JH12e [Follow up, if JH12c = 1 (Multi-location business)] [Introduced in 2014] Counting ALL LOCATIONS where your previous employer operated, what is your best guess for the total number"
job_search,jh12d,"JH12d [Follow up, if JH2 = {1, 2, 3, 4, or 5} (reported prior or existing work history)] [Introduced in 2014] How many paid employees did your previous employer’s business have AT YOUR USUAL PLACE OF WORK?  [See EMPLOYER SIZE list in the Appendix] JH12e [Follow up, if JH12c = 1 (Multi-location business)] [Introduced in 2014] Counting ALL LOCATIONS where your previous employer operated, what is your best guess for the total number of persons who worked for your employer?  [See EMPLOYER SIZE list in the Appendix] JH12f [Follow up, if JH2 = {1, 2, 3, 4, or 5} (reported prior or existing work history)] [Introduced in 2014] At your PLACE OF WORK for your previous job, were you or any other empl"
job_search,jh12e,"JH12e [Follow up, if JH12c = 1 (Multi-location business)] [Introduced in 2014] Counting ALL LOCATIONS where your previous employer operated, what is your best guess for the total number of persons who worked for your employer?  [See EMPLOYER SIZE list in the Appendix] JH12f [Follow up, if JH2 = {1, 2, 3, 4, or 5} (reported prior or existing work history)] [Introduced in 2014] At your PLACE OF WORK for your previous job, were you or any other employees part of a union? ❑ Yes (1) ❑ No (0) JH12g [Follow up, if JH2 = {1, 2, 3, 4, or 5} (reported prior or existing work history)] [Introduced in 2014; wording revised to inlcude “or one that has a specific task or end date” in 2017]"
job_search,jh12f,"JH12f [Follow up, if JH2 = {1, 2, 3, 4, or 5} (reported prior or existing work history)] [Introduced in 2014] At your PLACE OF WORK for your previous job, were you or any other employees part of a union? ❑ Yes (1) ❑ No (0) JH12g [Follow up, if JH2 = {1, 2, 3, 4, or 5} (reported prior or existing work history)] [Introduced in 2014; wording revised to inlcude “or one that has a specific task or end date” in 2017] Was your previous job a temporary or seasonal job, or one that has a specific task or end date? ❑ Yes (1) ❑ No (0) JH12h [Follow up, if JH2 = {1, 2, 3, 4, or 5} (reported prior or existing work history)] [Asked as question JH12 in 2013]"
job_search,jh12g,"JH12g [Follow up, if JH2 = {1, 2, 3, 4, or 5} (reported prior or existing work history)] [Introduced in 2014; wording revised to inlcude “or one that has a specific task or end date” in 2017] Was your previous job a temporary or seasonal job, or one that has a specific task or end date? ❑ Yes (1) ❑ No (0) JH12h [Follow up, if JH2 = {1, 2, 3, 4, or 5} (reported prior or existing work history)] [Asked as question JH12 in 2013] Have your job duties changed between your previous job and your main/current job?  Yes, to a limited extent (1)  Yes, to a significant extent (2)  No (3)  My main/current job is a completely different job (4)"
job_search,jh12h,"JH12h [Follow up, if JH2 = {1, 2, 3, 4, or 5} (reported prior or existing work history)] [Asked as question JH12 in 2013] Have your job duties changed between your previous job and your main/current job?  Yes, to a limited extent (1)  Yes, to a significant extent (2)  No (3)  My main/current job is a completely different job (4) 34 JH13 [All wage and salary earners, including those on layoff but excluding the self-employed] [Options revised in 2014]"
job_search,34,"34 JH13 [All wage and salary earners, including those on layoff but excluding the self-employed] [Options revised in 2014] As best as you can remember, how many weeks did you look for work before accepting the offer of your current job? (1) ______________________________ weeks (1) ❑ 999993 = An opportunity came up without me looking for work [Option added in 2014] ❑ 999999 = Don’t remember JH13b. [All wage and salary earners, including those on layoff but excluding the self-employed] [Introduced in 2014]"
job_search,jh13,"JH13 [All wage and salary earners, including those on layoff but excluding the self-employed] [Options revised in 2014] As best as you can remember, how many weeks did you look for work before accepting the offer of your current job? (1) ______________________________ weeks (1) ❑ 999993 = An opportunity came up without me looking for work [Option added in 2014] ❑ 999999 = Don’t remember JH13b. [All wage and salary earners, including those on layoff but excluding the self-employed] [Introduced in 2014] As best as you can remember, how many weeks passed between the time when you accepted the offer of your current job and the time when you started work?"
job_search,jh13b,"JH13b. [All wage and salary earners, including those on layoff but excluding the self-employed] [Introduced in 2014] As best as you can remember, how many weeks passed between the time when you accepted the offer of your current job and the time when you started work? (1) __________________ weeks ❑ 999994 = I started my new job immediately that week ❑ 999999 = Don’t remember JH14 [All wage and salary earners, including those on layoff but excluding the self-employed] As best as you can remember, how many potential employers did you apply to before accepting your current job? Please include all applications made in person, online, or through other direct methods. I applied to (1) ____________"
job_search,jh14,"JH14 [All wage and salary earners, including those on layoff but excluding the self-employed] As best as you can remember, how many potential employers did you apply to before accepting your current job? Please include all applications made in person, online, or through other direct methods. I applied to (1) ______________________________ employers (1) ❑ 999999 = Don’t remember JH15 [All wage and salary earners, including those on layoff but excluding the self-employed] As best as you can remember, how many potential employers contacted you before you accepted your current job? Please include all contacts, even those that were not solicited by you. (1) ______________________________ employer"
job_search,jh15,"JH15 [All wage and salary earners, including those on layoff but excluding the self-employed] As best as you can remember, how many potential employers contacted you before you accepted your current job? Please include all contacts, even those that were not solicited by you. (1) ______________________________ employers (1) ❑ 999999 = Don’t remember JH15b [Follow up, if JH15 > 0 (at least one contact)] How many of these contacts were unsolicited? In other words, how many potential employers contacted you without a direct application by you? (1) ______________________________ employers (1) ❑ 999999 = Don’t remember JH15c [Follow up, if JH15 > 0 (at least one contact)] [Introduced in 2014; refl"
job_search,jh15b,"JH15b [Follow up, if JH15 > 0 (at least one contact)] How many of these contacts were unsolicited? In other words, how many potential employers contacted you without a direct application by you? (1) ______________________________ employers (1) ❑ 999999 = Don’t remember JH15c [Follow up, if JH15 > 0 (at least one contact)] [Introduced in 2014; reflects split of original question JH15c in 2013 (see next question below)] You just mentioned that [JH15 answer] potential employers contacted you for your current job. How many of these contacts were the direct result of a referral? (1) ______________________________ job offers (1) ❑ 999999 = Don’t remember"
job_search,jh15c,"JH15c [Follow up, if JH15 > 0 (at least one contact)] [Introduced in 2014; reflects split of original question JH15c in 2013 (see next question below)] You just mentioned that [JH15 answer] potential employers contacted you for your current job. How many of these contacts were the direct result of a referral? (1) ______________________________ job offers (1) ❑ 999999 = Don’t remember 35 JH15d [Follow up, if JH15c > 0] [Asked as question JH15c in 2013]"
job_search,35,"35 JH15d [Follow up, if JH15c > 0] [Asked as question JH15c in 2013] How many of these were a referral from… A friend or relative _________ A former co-worker, supervisor, teacher, or business associate _________ A current employee at that company _________ ❑ 999999 = Don’t remember JH16 [All wage and salary earners, including those on layoff but excluding the self-employed] As best as you can remember, how many job offers, including the one from your current employer, did you receive during the search that led to your current job? Please include all informal offers and offers from contacts that were"
job_search,jh15d,"JH15d [Follow up, if JH15c > 0] [Asked as question JH15c in 2013] How many of these were a referral from… A friend or relative _________ A former co-worker, supervisor, teacher, or business associate _________ A current employee at that company _________ ❑ 999999 = Don’t remember JH16 [All wage and salary earners, including those on layoff but excluding the self-employed] As best as you can remember, how many job offers, including the one from your current employer, did you receive during the search that led to your current job? Please include all informal offers and offers from contacts that were not solicited by you. (1) ______________________________ job offers (1)"
job_search,jh16,"JH16 [All wage and salary earners, including those on layoff but excluding the self-employed] As best as you can remember, how many job offers, including the one from your current employer, did you receive during the search that led to your current job? Please include all informal offers and offers from contacts that were not solicited by you. (1) ______________________________ job offers (1) ❑ 999999 = Don’t remember JH-SELF. JOB SEARCH FOR MOST RECENT JOB – SELF-EMPLOYED JH1self [Self-employed only] [RC] [CA] [Options revised in 2014 and 2017] How did you choose your current job? ❑ I wanted to be my own boss (1)"
job_search,jh1self,"JH1self [Self-employed only] [RC] [CA] [Options revised in 2014 and 2017] How did you choose your current job? ❑ I wanted to be my own boss (1) ❑ A former employer/client suggested that I work as an independent contractor / consultant / freelancer (2) ❑ I created a start-up (3) ❑ Most in my profession are self-employed (11) [Added as response option in 2017] ❑ I sold a business that I previous owned and wanted to start a new activity (4) ❑ I retired but wanted to continue a work activity (5) ❑ I took over an existing business (6) ❑ I am self-employed for economic reasons (e.g., hardship, need the additional income, etc.) (7) [Added as response option in 2014, recoded as (9) in 2013] ❑ I am s"
job_search,jh2self,"JH2self [Self-employed only] [RC] [Options revised in 2014 and 2017; wording revised in 2017] Did you start your current job as a self-employed individual while still employed somewhere else? [Revised from “Were you employed immediately prior to starting your current job as a self-employed individual?” in 2017]  Yes, I was employed but lost my previous job (1)  Yes, I was employed but quit my previous job (2)  Yes, I was employed but a temporary job ended (3)  Yes, I was employed but I just retired (4)  Yes, I was self-employed but closed or sold my previous business (5)  Yes, I was employed but am now self-employed as a contractor at my former employer (6) [Added as response option in"
job_search,36,"36 JH2bself [Follow up, if JH2self = {1, 2, 3, 4, 5, or 6} (reported prior work history)] How many weeks passed between the time when your previous job ended and the time when your current job started? Please enter 0 if you started your current job right after your previous job ended. (1) ______________________________ week(s) ❑ 999999 = Don’t remember JH2cself [Follow up, if JH2self = {1, or 3} (reported layoff or end of temporary job)] Regardless of how you separated from your PREVIOUS job, had you been given advance notice that you would lose your PREVIOUS job?  Yes (1)  No (2)"
job_search,jh2bself,"JH2bself [Follow up, if JH2self = {1, 2, 3, 4, 5, or 6} (reported prior work history)] How many weeks passed between the time when your previous job ended and the time when your current job started? Please enter 0 if you started your current job right after your previous job ended. (1) ______________________________ week(s) ❑ 999999 = Don’t remember JH2cself [Follow up, if JH2self = {1, or 3} (reported layoff or end of temporary job)] Regardless of how you separated from your PREVIOUS job, had you been given advance notice that you would lose your PREVIOUS job?  Yes (1)  No (2)  Don’t remember (3) JH2dself [Follow up, if JH2cself = 1 (yes)]"
job_search,jh2cself,"JH2cself [Follow up, if JH2self = {1, or 3} (reported layoff or end of temporary job)] Regardless of how you separated from your PREVIOUS job, had you been given advance notice that you would lose your PREVIOUS job?  Yes (1)  No (2)  Don’t remember (3) JH2dself [Follow up, if JH2cself = 1 (yes)] How many months before you were to have lost your job did you receive that notice? (1) ______________________________ month(s) ❑ 999999 = Don’t remember JH5self [Follow up, if JH2self = {1, 2, 3, 4, 5, or 10} (reported prior work history)] [Only asked in 2013; replaced by a revised question JH5bself in 2014]"
job_search,jh2dself,"JH2dself [Follow up, if JH2cself = 1 (yes)] How many months before you were to have lost your job did you receive that notice? (1) ______________________________ month(s) ❑ 999999 = Don’t remember JH5self [Follow up, if JH2self = {1, 2, 3, 4, 5, or 10} (reported prior work history)] [Only asked in 2013; replaced by a revised question JH5bself in 2014] Did starting your current job as a self-employed person reflect an increase, no change, or a decrease in your USUAL hours worked per week, compared to your previous job?  Increase (1)  No change (2)  Decrease (3) JH5bself [Follow up, if JH5self = {1, or 3} (increase or decrease in usual hours)] [Question revised in 2014]"
job_search,jh5self,"JH5self [Follow up, if JH2self = {1, 2, 3, 4, 5, or 10} (reported prior work history)] [Only asked in 2013; replaced by a revised question JH5bself in 2014] Did starting your current job as a self-employed person reflect an increase, no change, or a decrease in your USUAL hours worked per week, compared to your previous job?  Increase (1)  No change (2)  Decrease (3) JH5bself [Follow up, if JH5self = {1, or 3} (increase or decrease in usual hours)] [Question revised in 2014] How many hours per week did you USUALLY work at your PREVIOUS job? That is, the job you had immediately before you became self-employed. [Was “By how much did your weekly hours increase (decrease)? Please give your be"
job_search,jh5bself,"JH5bself [Follow up, if JH5self = {1, or 3} (increase or decrease in usual hours)] [Question revised in 2014] How many hours per week did you USUALLY work at your PREVIOUS job? That is, the job you had immediately before you became self-employed. [Was “By how much did your weekly hours increase (decrease)? Please give your best guess.” In 2013; followed up JH5self if (follow up if JH5 = {1,3} (increase or decrease in hours)] (1) ______________________________ hours per week ❑ 999999 = Don’t remember JH6self [Follow up, if JH2self = {1, 2, 3, 4, 5, or 6} (reported prior work history)] Did starting your current job as a self-employed person reflect an increase, no change, or a decrease in your"
job_search,jh6self,"JH6self [Follow up, if JH2self = {1, 2, 3, 4, 5, or 6} (reported prior work history)] Did starting your current job as a self-employed person reflect an increase, no change, or a decrease in your overall quality of work life, compared to your previous job?  Increase (1)  No change (2)  Decrease (3) 37 JH7self [Follow up, if JH2self = {1, 2, 3, 4, 5, or 6} (reported prior work history)] Did starting your current job as a self-employed person reflect an increase, no change, or a decrease in your benefits"
job_search,37,"37 JH7self [Follow up, if JH2self = {1, 2, 3, 4, 5, or 6} (reported prior work history)] Did starting your current job as a self-employed person reflect an increase, no change, or a decrease in your benefits received, compared to your previous job?  Increase (1)  No change (2)  Decrease (3) JH8self [Follow up, if JH2self = {1, 2, 3, 4, 5, or 6} (reported prior work history)] [RC] [CA] [Options revised in 2014 and 2016] Did you receive any of the following employer-provided benefits at your PREVIOUS job, that is the job you held before starting to work on your current job? [check all that apply]"
job_search,jh7self,"JH7self [Follow up, if JH2self = {1, 2, 3, 4, 5, or 6} (reported prior work history)] Did starting your current job as a self-employed person reflect an increase, no change, or a decrease in your benefits received, compared to your previous job?  Increase (1)  No change (2)  Decrease (3) JH8self [Follow up, if JH2self = {1, 2, 3, 4, 5, or 6} (reported prior work history)] [RC] [CA] [Options revised in 2014 and 2016] Did you receive any of the following employer-provided benefits at your PREVIOUS job, that is the job you held before starting to work on your current job? [check all that apply] ❑ Traditional pension plan (1) ❑ Employer contribution to a retirement account (for instance, a 40"
job_search,jh8self,"JH8self [Follow up, if JH2self = {1, 2, 3, 4, 5, or 6} (reported prior work history)] [RC] [CA] [Options revised in 2014 and 2016] Did you receive any of the following employer-provided benefits at your PREVIOUS job, that is the job you held before starting to work on your current job? [check all that apply] ❑ Traditional pension plan (1) ❑ Employer contribution to a retirement account (for instance, a 401(k), 403(b) or IRA account) (2) ❑ Health insurance (3) ❑ Dental or vision insurance (4) ❑ Health Care or Dependent Care Flexible Spending Account (5) ❑ Housing or housing subsidy (6) ❑ Life or disability insurance (7) ❑ Commuter benefits (8)"
job_search,jh10self,"JH10self [Follow up, if JH2self = {1, 2, 3, 4, 5, or 6} (reported prior work history)] [Revised in 2014 to drop biweekly, monthly reporting options, which were imputed into weekly values in 2013] Please give your best estimate of how much you made, before taxes and other deductions, AT THE TIME YOU LEFT your previous job. Please include any bonuses, overtime pay, tips or commissions. (1) ______________________________ (reported as hourly, weekly, or annually) ❑ 999999 = Don’t remember (reported in hourly earnings variable) JH11aself [Follow up, if JH2self = {1, 2, 3, 4, 5, or 6} (reported prior work history)] [RC] (responses coded into 3- digit SOC codes) What kind of work did you do, that i"
job_search,jh11aself,"JH11aself [Follow up, if JH2self = {1, 2, 3, 4, 5, or 6} (reported prior work history)] [RC] (responses coded into 3- digit SOC codes) What kind of work did you do, that is, what was your OCCUPATION on your previous job? (for example: Electrical engineer, stock clerk, typist, farmer, ...) (1) ______________________________ (3-digit SOC code) JH12self [Follow up, if JH2self = {1, 2, 3, 4, 5, or 6} (reported prior work history)] [RC] [Introduced in 2014] What type of employer did you work for in your previous job? Please select only one. ❑ Government (including state or local government; a public school, university or hospital) (1) ❑ Private-sector, for-profit company (2) ❑ Non-profit organiza"
job_search,jh12self,"JH12self [Follow up, if JH2self = {1, 2, 3, 4, 5, or 6} (reported prior work history)] [RC] [Introduced in 2014] What type of employer did you work for in your previous job? Please select only one. ❑ Government (including state or local government; a public school, university or hospital) (1) ❑ Private-sector, for-profit company (2) ❑ Non-profit organization (3) ❑ Worked in the family business (4) 38"
job_search,38,"38 JH12aself [Follow up, if JH12self = 1 (government)] [RC] [Introduced in 2014] Would this be the federal, state, or local government? ❑ Federal (1) ❑ State (2) ❑ Local (3) JH12bself [Follow up, if JH12self = {2, 3, 4} (non-government)] [RC] [Introduced in 2014] What kind of business or INDUSTRY was your previous employer in?  [See INDUSTRY list in Appendix]"
job_search,jh12aself,"JH12aself [Follow up, if JH12self = 1 (government)] [RC] [Introduced in 2014] Would this be the federal, state, or local government? ❑ Federal (1) ❑ State (2) ❑ Local (3) JH12bself [Follow up, if JH12self = {2, 3, 4} (non-government)] [RC] [Introduced in 2014] What kind of business or INDUSTRY was your previous employer in?  [See INDUSTRY list in Appendix] JH12cself [Follow up, if JH2self = {1, 2, 3, 4, 5, or 6} (reported prior work history)] [Introduced in 2014] Did your previous employer’s business operate out of more than one LOCATION (office, store, or other permanent"
job_search,jh12bself,"JH12bself [Follow up, if JH12self = {2, 3, 4} (non-government)] [RC] [Introduced in 2014] What kind of business or INDUSTRY was your previous employer in?  [See INDUSTRY list in Appendix] JH12cself [Follow up, if JH2self = {1, 2, 3, 4, 5, or 6} (reported prior work history)] [Introduced in 2014] Did your previous employer’s business operate out of more than one LOCATION (office, store, or other permanent place of business)? ❑ Yes (1) ❑ No (0) JH12dself [Follow up, if JH2self = {1, 2, 3, 4, 5, or 6} (reported prior work history)] [Introduced in 2014] How many paid employees did your previous employer’s business have AT YOUR USUAL PLACE OF WORK?"
job_search,jh12cself,"JH12cself [Follow up, if JH2self = {1, 2, 3, 4, 5, or 6} (reported prior work history)] [Introduced in 2014] Did your previous employer’s business operate out of more than one LOCATION (office, store, or other permanent place of business)? ❑ Yes (1) ❑ No (0) JH12dself [Follow up, if JH2self = {1, 2, 3, 4, 5, or 6} (reported prior work history)] [Introduced in 2014] How many paid employees did your previous employer’s business have AT YOUR USUAL PLACE OF WORK?  [See EMPLOYER SIZE list in the Appendix] JH12eself [Follow up, if JH12dself = 1] [Introduced in 2014] Counting ALL LOCATIONS where your previous employer operated, what is your best guess for the total number"
job_search,jh12dself,"JH12dself [Follow up, if JH2self = {1, 2, 3, 4, 5, or 6} (reported prior work history)] [Introduced in 2014] How many paid employees did your previous employer’s business have AT YOUR USUAL PLACE OF WORK?  [See EMPLOYER SIZE list in the Appendix] JH12eself [Follow up, if JH12dself = 1] [Introduced in 2014] Counting ALL LOCATIONS where your previous employer operated, what is your best guess for the total number of persons who worked for your employer?  [See EMPLOYER SIZE list in the Appendix] JH12fself [Follow up, if JH2self = {1, 2, 3, 4, 5, or 6} (reported prior work history)] [Introduced in 2014] At your PLACE OF WORK for your previous job, were you or any other employees part of a unio"
job_search,jh12eself,"JH12eself [Follow up, if JH12dself = 1] [Introduced in 2014] Counting ALL LOCATIONS where your previous employer operated, what is your best guess for the total number of persons who worked for your employer?  [See EMPLOYER SIZE list in the Appendix] JH12fself [Follow up, if JH2self = {1, 2, 3, 4, 5, or 6} (reported prior work history)] [Introduced in 2014] At your PLACE OF WORK for your previous job, were you or any other employees part of a union? ❑ Yes (1) ❑ No (0) JH12gself [Follow up, if JH2self = {1, 2, 3, 4, 5, or 6} (reported prior work history)] [Introduced in 2014] Was your previous job a temporary or seasonal job?"
job_search,jh12fself,"JH12fself [Follow up, if JH2self = {1, 2, 3, 4, 5, or 6} (reported prior work history)] [Introduced in 2014] At your PLACE OF WORK for your previous job, were you or any other employees part of a union? ❑ Yes (1) ❑ No (0) JH12gself [Follow up, if JH2self = {1, 2, 3, 4, 5, or 6} (reported prior work history)] [Introduced in 2014] Was your previous job a temporary or seasonal job? ❑ Yes (1) ❑ No (0) JH13self [Follow up, if JH2self = {1, 2, 3, 4, 5, or 6} (reported prior work history)] [Asked as question JH12self in 2013] Have your job duties changed between your previous job and your current job as a self-employed person?"
job_search,jh12gself,"JH12gself [Follow up, if JH2self = {1, 2, 3, 4, 5, or 6} (reported prior work history)] [Introduced in 2014] Was your previous job a temporary or seasonal job? ❑ Yes (1) ❑ No (0) JH13self [Follow up, if JH2self = {1, 2, 3, 4, 5, or 6} (reported prior work history)] [Asked as question JH12self in 2013] Have your job duties changed between your previous job and your current job as a self-employed person?  Yes, to a limited extent (1)  Yes, to a significant extent (2)  No (3)  My main/current job is a completely different job (4)"
job_search,jh13self,"JH13self [Follow up, if JH2self = {1, 2, 3, 4, 5, or 6} (reported prior work history)] [Asked as question JH12self in 2013] Have your job duties changed between your previous job and your current job as a self-employed person?  Yes, to a limited extent (1)  Yes, to a significant extent (2)  No (3)  My main/current job is a completely different job (4) 39"
job_search,39,"39 TP. BENEFITS AND TRANSFER PAYMENTS HISTORY TP1 [All respondents] [CA] [Options revised in 2014 and 2020] In the LAST 4 WEEKS, have you received any of the following payments? [check all that apply] ❑ Social Security, SSI, or other retirement payments (1) ❑ Temporary Aid to Needy Families (TANF) (2) ❑ Food stamps or the Supplemental Nutrition Assistance Program (SNAP) (3) ❑ Unemployment Insurance compensation, , including any Pandemic Unemployment Assistance (PUA) or similar unemployment benefits (4) [Added “, including any Pandemic Unemployment Assistance (PUA) or similar unemployment benefits” in 2020] ❑ Social Security Disability Insurance (SSDI) (5)"
job_search,tp1,"TP1 [All respondents] [CA] [Options revised in 2014 and 2020] In the LAST 4 WEEKS, have you received any of the following payments? [check all that apply] ❑ Social Security, SSI, or other retirement payments (1) ❑ Temporary Aid to Needy Families (TANF) (2) ❑ Food stamps or the Supplemental Nutrition Assistance Program (SNAP) (3) ❑ Unemployment Insurance compensation, , including any Pandemic Unemployment Assistance (PUA) or similar unemployment benefits (4) [Added “, including any Pandemic Unemployment Assistance (PUA) or similar unemployment benefits” in 2020] ❑ Social Security Disability Insurance (SSDI) (5) ❑ Other disability insurance (6) ❑ Workers compensation or sick pay (7) ❑ Court or"
job_search,tp4,"TP4 [Follow up, if TP1 = 4 (unemployment insurance compensation)] How long, in weeks, have you received Unemployment Insurance benefits? (1) ______________________________ week(s) TP5 [Follow up, if TP1 = 5 (SSDI benefits)] How long, in weeks, have you received Social Security Disability Insurance benefits? (1) ______________________________ week(s) TP6 [Follow up, if TP1  4 (no unemployment insurance compensation) and not employed at least part-time] [RC] (recoded based on responses to other questions) Have you applied for Unemployment Insurance benefits in the LAST 4 WEEKS?  Yes (1)  No (2)  I have already exhausted my UI benefits (3)"
job_search,tp5,"TP5 [Follow up, if TP1 = 5 (SSDI benefits)] How long, in weeks, have you received Social Security Disability Insurance benefits? (1) ______________________________ week(s) TP6 [Follow up, if TP1  4 (no unemployment insurance compensation) and not employed at least part-time] [RC] (recoded based on responses to other questions) Have you applied for Unemployment Insurance benefits in the LAST 4 WEEKS?  Yes (1)  No (2)  I have already exhausted my UI benefits (3) TP6b [Follow up, if TP6 = 2 (no)] [RC] [CA] [Options revised in 2014 and 2020] Why haven’t you applied? ❑ Don’t think I am eligible (1)"
job_search,tp6,"TP6 [Follow up, if TP1  4 (no unemployment insurance compensation) and not employed at least part-time] [RC] (recoded based on responses to other questions) Have you applied for Unemployment Insurance benefits in the LAST 4 WEEKS?  Yes (1)  No (2)  I have already exhausted my UI benefits (3) TP6b [Follow up, if TP6 = 2 (no)] [RC] [CA] [Options revised in 2014 and 2020] Why haven’t you applied? ❑ Don’t think I am eligible (1) ❑ Don’t need the extra assistance at this time (2) ❑ Do not know how or where to apply for benefits (3) ❑ I prefer not to receive government assistance (4)"
job_search,tp6b,"TP6b [Follow up, if TP6 = 2 (no)] [RC] [CA] [Options revised in 2014 and 2020] Why haven’t you applied? ❑ Don’t think I am eligible (1) ❑ Don’t need the extra assistance at this time (2) ❑ Do not know how or where to apply for benefits (3) ❑ I prefer not to receive government assistance (4) ❑ I am retired (5) [Added as response option in 2014, recoded as (6) in 2013] ❑ I am disabled (6) [Added as response option in 2014, recoded as (7) in 2013] ❑ I did apply for benefits, but more than 4 weeks ago (8) [Added as response option in 2020] 40"
job_search,40,"40 TP6c. [All respondents with TP6b = 8 (all those that applied more than 4 weeks ago).] [Introduced in 2020] What is the status of your application?  Still under review (1)  My application was denied (2)  Unknown/I have not heard back (3)  “I received unemployment benefits in the past, but no longer receive them now. (4)” TP7 [Follow up, if TP1  5 (no SSDI benefits) and not employed at least part-time] Have you applied for Social Security Disability Insurance benefits in the LAST 4 WEEKS?  Yes (1)  No (0)"
job_search,tp6c,"TP6c. [All respondents with TP6b = 8 (all those that applied more than 4 weeks ago).] [Introduced in 2020] What is the status of your application?  Still under review (1)  My application was denied (2)  Unknown/I have not heard back (3)  “I received unemployment benefits in the past, but no longer receive them now. (4)” TP7 [Follow up, if TP1  5 (no SSDI benefits) and not employed at least part-time] Have you applied for Social Security Disability Insurance benefits in the LAST 4 WEEKS?  Yes (1)  No (0) TP7b [Follow up, if TP7 = 1 (yes)] What is the status of your application?"
job_search,tp7,"TP7 [Follow up, if TP1  5 (no SSDI benefits) and not employed at least part-time] Have you applied for Social Security Disability Insurance benefits in the LAST 4 WEEKS?  Yes (1)  No (0) TP7b [Follow up, if TP7 = 1 (yes)] What is the status of your application?  Under review (1)  Pending appeal (2)  Denied initial application (3)  Denied appeal (4)"
job_search,tp7b,"TP7b [Follow up, if TP7 = 1 (yes)] What is the status of your application?  Under review (1)  Pending appeal (2)  Denied initial application (3)  Denied appeal (4) HH. SPOUSE/PARTNER EMPLOYMENT STATUS HH1a [Wage and salary earners, including on layoff, L14  3 (no reported health insurance)] [RC] (recoded based on responses to other questions) Earlier, you indicated that you don’t have employer-provided health insurance. Do you currently have health"
job_search,hh1a,"HH1a [Wage and salary earners, including on layoff, L14  3 (no reported health insurance)] [RC] (recoded based on responses to other questions) Earlier, you indicated that you don’t have employer-provided health insurance. Do you currently have health insurance coverage through other means?  Yes (1)  No (0) HH1b [Follow up, if HH1a = 1 (yes)] [RC] [CA] [Options revised in 2014 and 2016] What is the source of your health insurance coverage? [check all that apply] I have coverage through: ❑ a previous employer (1) ❑ my spouse/partner’s health insurance (2)"
job_search,hh1b,"HH1b [Follow up, if HH1a = 1 (yes)] [RC] [CA] [Options revised in 2014 and 2016] What is the source of your health insurance coverage? [check all that apply] I have coverage through: ❑ a previous employer (1) ❑ my spouse/partner’s health insurance (2) ❑ my parents’ health insurance (3) ❑ a government sponsored program (for instance, Medicare or Medicaid) (4) ❑ a government-run health exchange (i.e., Obamacare) (7) [Added as response option in 2014] ❑ a private health insurance plan (6) ❑ my second (or other) job, besides by main job (8) [Added as response option in 2016]"
job_search,41,"41 HH1c [Non-employed and self employed only, L14self = 1 (reported health insurance)] [RC] [CA] [Options revised in 2014] Earlier, you indicated that you currently have health insurance coverage. What is the source of your health insurance coverage? [check all that apply] I have coverage through: ❑ a previous employer (1) ❑ my spouse/partner’s health insurance (2) ❑ my parents’ health insurance (3) ❑ a government sponsored program (for instance, Medicare or Medicaid) (4)"
job_search,hh1c,"HH1c [Non-employed and self employed only, L14self = 1 (reported health insurance)] [RC] [CA] [Options revised in 2014] Earlier, you indicated that you currently have health insurance coverage. What is the source of your health insurance coverage? [check all that apply] I have coverage through: ❑ a previous employer (1) ❑ my spouse/partner’s health insurance (2) ❑ my parents’ health insurance (3) ❑ a government sponsored program (for instance, Medicare or Medicaid) (4) ❑ a private health insurance plan (5) ❑ a government-run health exchange (i.e., Obamacare) (7) [Added as response option in 2016]"
job_search,hh2,"HH2 [If Q38 = 1 (married or partner present)] Is your spouse/partner currently employed, either part-time or full-time?  Yes (1)  No (0) HH2b. [All respondents with HH2 = 2 (spouse not working).] [Introduced in 2020] Did your spouse/partner lose their job because of the coronavirus pandemic or related restrictions on activity or business operations?  Yes, my spouse/partner lost their job because of the pandemic or related restrictions (1)  My spouse/partner lost or left their job for other reasons (2)  My spouse/partner was not working prior to the coronavirus pandemic (3) HH3 [Follow up, if HH2 = 1 (yes)] How many hours per week does your spouse/partner USUALLY work at his/her current "
job_search,hh2b,"HH2b. [All respondents with HH2 = 2 (spouse not working).] [Introduced in 2020] Did your spouse/partner lose their job because of the coronavirus pandemic or related restrictions on activity or business operations?  Yes, my spouse/partner lost their job because of the pandemic or related restrictions (1)  My spouse/partner lost or left their job for other reasons (2)  My spouse/partner was not working prior to the coronavirus pandemic (3) HH3 [Follow up, if HH2 = 1 (yes)] How many hours per week does your spouse/partner USUALLY work at his/her current job? (1) ______________________________ hours per week HH4 [Follow up, if HH2 = 1 (yes)] [Revised in 2014 to drop biweekly, monthly reporti"
job_search,hh3,"HH3 [Follow up, if HH2 = 1 (yes)] How many hours per week does your spouse/partner USUALLY work at his/her current job? (1) ______________________________ hours per week HH4 [Follow up, if HH2 = 1 (yes)] [Revised in 2014 to drop biweekly, monthly reporting options, which were imputed into weekly values in 2013] Roughly speaking, how much does your spouse/partner make, BEFORE taxes and other deductions, on his/her current job? Please include any bonuses, overtime pay, tips or commissions. (1) ______________________________ (reported as hourly, weekly, or annually)  [See INCOME BRACKETS list in the Appendix, for annual salaries reported as a range] ❑ 999999 = Don’t know (reported in hourly ea"
job_search,hh4,"HH4 [Follow up, if HH2 = 1 (yes)] [Revised in 2014 to drop biweekly, monthly reporting options, which were imputed into weekly values in 2013] Roughly speaking, how much does your spouse/partner make, BEFORE taxes and other deductions, on his/her current job? Please include any bonuses, overtime pay, tips or commissions. (1) ______________________________ (reported as hourly, weekly, or annually)  [See INCOME BRACKETS list in the Appendix, for annual salaries reported as a range] ❑ 999999 = Don’t know (reported in hourly earnings variable) 42 HH5 [If Q38 = 1 (married or partner present)] [CA] [Options revised in 2014]"
job_search,42,"42 HH5 [If Q38 = 1 (married or partner present)] [CA] [Options revised in 2014] In the LAST 4 WEEKS, did your spouse/partner receive any of the following payments? ❑ Social Security, SSI, or other retirement payments (1) ❑ Temporary Aid to Needy Families (TANF) (2) ❑ Food stamps or the Supplemental Nutrition Assistance Program (SNAP) (3) ❑ Unemployment Insurance compensation (4) ❑ Severance pay (11) ❑ Social Security Disability Insurance (SSDI) (5) ❑ Other disability insurance (6) ❑ Workers compensation or sick pay (7)"
job_search,hh5,"HH5 [If Q38 = 1 (married or partner present)] [CA] [Options revised in 2014] In the LAST 4 WEEKS, did your spouse/partner receive any of the following payments? ❑ Social Security, SSI, or other retirement payments (1) ❑ Temporary Aid to Needy Families (TANF) (2) ❑ Food stamps or the Supplemental Nutrition Assistance Program (SNAP) (3) ❑ Unemployment Insurance compensation (4) ❑ Severance pay (11) ❑ Social Security Disability Insurance (SSDI) (5) ❑ Other disability insurance (6) ❑ Workers compensation or sick pay (7) ❑ Court ordered child support (8) ❑ Alimony (9)"
job_search,hh6,"HH6. [All respondents.] [Introduced in 2020] Are there any children in this household enrolled in a public school, enrolled in a private school, or educated in a homeschool setting in Kindergarten through 12th grade or grade equivalent? [check all that apply]  Yes, at least one child enrolled in a public or private school (1)  Yes, at least one child homeschooled who was also homeschooled during the previous school year (2)  Yes, at least one child homeschooled who was enrolled in a public or private school during the previous school year (3)  No (4) HH7. [All respondents with HH6 = 1 (enrolled in public or private school).] [Introduced in 2020] How has the coronavirus pandemic affected "
job_search,hh7,HH7. [All respondents with HH6 = 1 (enrolled in public or private school).] [Introduced in 2020] How has the coronavirus pandemic affected how the children in this household receive education for the 2020-2021 school year? [check all that apply]  Classes normally taught in person at their school are now cancelled (1)  Classes normally taught in person moved entirely to an online/distance-learning or similar format (2)  Classes normally taught in person moved partially to an online/distance-learning or similar format (3)  The coronavirus pandemic did not affect how children in this household receive education (4) HH8. [All respondents with HH6 = {1 or 2} (any household children in school)
job_search,hh8,HH8. [All respondents with HH6 = {1 or 2} (any household children in school).] [Introduced in 2020] About how many hours in the LAST 7 DAYS did you spend on helping children in the household with online/distance-learning or some similar out-of-classroom format? ^NumericOnly(’EO1_1’)^ (1) ______________________________ hours (1) 43
job_search,43,"43 Q. DEMOGRAPHIC AND OTHER VARIABLES TAKEN FROM THE MONTHLY SCE SURVEY [Questions asked of, or variables created for, all respondents] responseid – Survey identifier (4-digit) of respondent specific to Job Search Supplement survey year userid – unique SCE survey identifier (8-digit) of respondent survey_weight – Sample weight of respondent male – Identifier for whether or not the respondent is male.  Male (1)  Female (0) age – Respondent age at time of survey (1) ______________________________ years old"
job_search,44,"44 married – Identifier for whether or not the respondent is current married or living as a partner (not including roommates) with someone.  Married or partner present (1)  Unmarried (0) current_region – The current major Census region of the respondent [character format].  Northeast (region_northeast)  Midwest (region_midwest)  South (region_south)  West (region_west) own_rent – Whether or not the respondent own, rents, or has some other arrangement for his or her housing."
job_search,45,"45 APPENDIX. DROP-DOWN LISTS A. INCOME BRACKETS list (Please include any bonuses, overtime pay, tips or commissions)  Less than $10,000 [Value used = $5,000] (1)  $10,000 to $19,999 [Value used = $15,000] (2)  $20,000 to $29,999 [Value used = $25,000] (3)  $30,000 to $39,999 [Value used = $35,000] (4)  $40,000 to $49,999 [Value used = $45,000] (5)  $50,000 to $59,999 [Value used = $55,000] (6)  $60,000 to $74,999 [Value used = $67,500] (7)  $75,000 to $99,999 [Value used = $87,500] (8)"
job_search,46,"46 D. EMPLOYER SIZE list  Less than 10 (1)  10–99 (2)  100–499 (3)  500–999 (4)  1,000–4,999 (5)  5,000 or more (6)"
