variable,question_text,value_labels,notes
es7_selfemp_dental_rc,"ES7 [Follow up, if ES1 = 2 (own a business)] [RC] [CA] [Options revised in 2014; see BENEFITS list in Appendix] Does your business provide any of the following benefits to any of your employees? [check all that apply] ❑ [See BENEFITS list in Appendix]",,Mapped by variable-name prefix to the local public Job Search codebook question family; suffixes preserve workbook-specific recodes or repeated options.
js7a_search_empl_agency_rc,"JS7 [All that reported searching within the last 4 weeks] And within the LAST 7 DAYS, about how many TOTAL hours did you spend on job search activities? Please round up to the nearest total number of hours. (1) ______________________________ hours",,Mapped by variable-name prefix to the local public Job Search codebook question family; suffixes preserve workbook-specific recodes or repeated options.
es12_selfemp_expected_hrs,"ES12 [Self-employed only] [Introduced in 2014] Taking everything into consideration, how satisfied would you say you are, overall, in your [independent contractor job, business, family business, as self-employed?  Very dissatisfied (1)  Somewhat dissatisfied (2)  Neither satisfied nor dissatisfied (3)  Somewhat satisfied (4)",,Mapped by variable-name prefix to the local public Job Search codebook question family; suffixes preserve workbook-specific recodes or repeated options.
js24a_offer_commuting,"JS24a [Follow up, if JS19 >0 1 or JS19b > 1 (at least one job offer in last 4 weeks or 6 months)] [CA] [Options revised in 2014] Please select the employer-provided benefits, if any, included in this (your best) offer. [check all that apply] ❑ Traditional pension plan (1) ❑ Employer contribution to a retirement account (2) ❑ Health insurance (3) ❑ Dental or vision insurance (4)",,Mapped by variable-name prefix to the local public Job Search codebook question family; suffixes preserve workbook-specific recodes or repeated options.
ec10_cps_job_benefit_satified,"EC10 [Wage and salary earners only, including on layoff] [Introduced in 2014] And how satisfied would you say you are with other aspects of the job, such as benefits, maternity/paternity leaves, flexibility in work hours, etc?  Very dissatisfied (1)  Somewhat dissatisfied (2)  Neither satisfied nor dissatisfied (3)",,Mapped by variable-name prefix to the local public Job Search codebook question family; suffixes preserve workbook-specific recodes or repeated options.
jh2d_cpsj_adv_notice_mos,"JH2d [Follow up, if JH2c = 1 (advance notice of separation)] How many months before you were to have lost your job did you receive that notice? (1) ______________________________ month(s) ❑ 999999 = Don’t remember",,Mapped by variable-name prefix to the local public Job Search codebook question family; suffixes preserve workbook-specific recodes or repeated options.
l14self_hi_impute_fl,L14self [Self-employed or Non-employed] [RC] [CA] Do you currently have any of the following coverage? [check all that apply] ❑ Health insurance (1) ❑ Dental or vision insurance (2) ❑ Life or disability insurance (3) ❑ None of the above (4),,Mapped by variable-name prefix to the local public Job Search codebook question family; suffixes preserve workbook-specific recodes or repeated options.
jh16_cpsj_offers,"JH16 [All wage and salary earners, including those on layoff but excluding the self-employed] As best as you can remember, how many job offers, including the one from your current employer, did you receive during the search that led to your current job? Please include all informal offers and offers from contacts that were not solicited by you. (1) ______________________________ job offers (1) ❑ 999999 = Don’t remember",,Mapped by variable-name prefix to the local public Job Search codebook question family; suffixes preserve workbook-specific recodes or repeated options.
l1a_impute_fl,"L1a. [All respondents] [Introduced in 2014; options originally in Question L1 in 2013] Are you currently working for pay, either for yourself or for someone else? ❑ Yes, working for pay full-time (1) ❑ Yes, working for pay part-time (2) ❑ No (3)",,Mapped by variable-name prefix to the local public Job Search codebook question family; suffixes preserve workbook-specific recodes or repeated options.
l6c_emp_might_want_add_work,"L6c [Follow up, if L6 = 2 (no search in last 4 weeks)] Would you want a job in addition to your main/current job, if one was offered to you?  Yes (1)  Maybe, depending on the job and circumstances (2)  No (3)",,Mapped by variable-name prefix to the local public Job Search codebook question family; suffixes preserve workbook-specific recodes or repeated options.
jh8_prev_job_healthins_rc,"JH8 [Follow up, if JH2 = {1, 2, 3, 4, or 5} (reported prior or existing work history)] [RC] [CA] [Options revised in 2014] Did you receive any of the following employer-provided benefits at your PREVIOUS job? That is, the job you held before starting to work on your current job. ❑ Traditional pension plan (1) ❑ Employer contribution to a retirement account (for instance, a 401(k), 403(b) or IRA account) (2) ❑ Health insurance (3)",,Mapped by variable-name prefix to the local public Job Search codebook question family; suffixes preserve workbook-specific recodes or repeated options.
l24_last_job_earn_ann,"L24 [Not employed or on layoff and had previous employment] [Revised in 2014 to drop biweekly, monthly reporting options, which were imputed into weekly values in 2013] How much did you make, BEFORE taxes and other deductions, on your most recent job? Please include any bonuses, overtime pay, tips or commissions. (1) ______________________________ (reported as hourly, weekly, or annually)  [See INCOME BRACKETS list in the Appendix, for annual salaries reported as a range]",,Mapped by variable-name prefix to the local public Job Search codebook question family; suffixes preserve workbook-specific recodes or repeated options.
eo10_l5yr_slack_business,"EO10 [Follow up, if EO7 > 0] You mentioned you worked at [EO7 answer] total jobs in the LAST 5 YEARS. How many of these jobs... Did you work at for at least 2 weeks? (1) ______________________________ Were full-time jobs of at least 35 hours per week? (2) ______________________________ Were temporary or seasonal jobs? (3) ______________________________ Ended because of slow or poor business conditions? (4) ______________________________ Ended because of performance-related reasons? (5) ______________________________",,Mapped by variable-name prefix to the local public Job Search codebook question family; suffixes preserve workbook-specific recodes or repeated options.
hh1b_health_cov_govt_exchange_rc,"HH1b [Follow up, if HH1a = 1 (yes)] [RC] [CA] [Options revised in 2014 and 2016] What is the source of your health insurance coverage? [check all that apply] I have coverage through: ❑ a previous employer (1) ❑ my spouse/partner’s health insurance (2) ❑ my parents’ health insurance (3)",,Mapped by variable-name prefix to the local public Job Search codebook question family; suffixes preserve workbook-specific recodes or repeated options.
ec1f_impute_fl,"EC1f [Follow up, if EC1a  1 (Private, non-profit, or family business)] [RC] [Options revised in 2014; see INDUSTRY list in Appendix] What kind of business or INDUSTRY is this?  [See INDUSTRY list in Appendix]",,Mapped by variable-name prefix to the local public Job Search codebook question family; suffixes preserve workbook-specific recodes or repeated options.
js24a_offer_flexspend,"JS24a [Follow up, if JS19 >0 1 or JS19b > 1 (at least one job offer in last 4 weeks or 6 months)] [CA] [Options revised in 2014] Please select the employer-provided benefits, if any, included in this (your best) offer. [check all that apply] ❑ Traditional pension plan (1) ❑ Employer contribution to a retirement account (2) ❑ Health insurance (3) ❑ Dental or vision insurance (4)",,Mapped by variable-name prefix to the local public Job Search codebook question family; suffixes preserve workbook-specific recodes or repeated options.
ec5_cps_job_commute_time,"EC5 [Wage and salary earners only, including on layoff] What is the average time you spend commuting to and from your main/current job each day? (1) ______________________________ minutes ❑ 999996 = I mostly work from home",,Mapped by variable-name prefix to the local public Job Search codebook question family; suffixes preserve workbook-specific recodes or repeated options.
js7a_search_other_app_rc,"JS7 [All that reported searching within the last 4 weeks] And within the LAST 7 DAYS, about how many TOTAL hours did you spend on job search activities? Please round up to the nearest total number of hours. (1) ______________________________ hours",,Mapped by variable-name prefix to the local public Job Search codebook question family; suffixes preserve workbook-specific recodes or repeated options.
el8_impute_fl,"Job Search Supplement variable in the EL8 family; see workbook suffix for the recode, option, or repeated-field detail.",,Fallback family metadata from local Job Search codebook naming convention after public-file reformatting.
jh12bs_impute_fl,"JH12b [Follow up, if JH12 = = {2, 3, 4} (non-government)] [RC] [Introduced in 2014] What kind of business or INDUSTRY was your previous employer in?  [See INDUSTRY list in Appendix]",,Mapped by variable-name prefix to the local public Job Search codebook question family; suffixes preserve workbook-specific recodes or repeated options.
js26i_offer_promotion,"JS26i. [Follow up, if job offer is by same employer at time of offer] [Introduced in 2017] Is/Was this job offer for a promotion?  Yes (1)  No (2)",,Mapped by variable-name prefix to the local public Job Search codebook question family; suffixes preserve workbook-specific recodes or repeated options.
js29_reject_commute_rc,"JS29 [Follow up, if JS23 = 2 (rejected or will reject (best) offer)] [RC] [CA] [Options revised in 2014 and 2020] You indicated that you rejected or will reject the (best) job offer that you listed above. What characteristics of this job offer caused/will cause you to reject it? ❑ Pay was inadequate (1) ❑ Benefits were inadequate (2) ❑ Unsuitable work hours (3) ❑ Commute time would be too long (4)",,Mapped by variable-name prefix to the local public Job Search codebook question family; suffixes preserve workbook-specific recodes or repeated options.
jh8_prev_job_flexspend_rc,"JH8 [Follow up, if JH2 = {1, 2, 3, 4, or 5} (reported prior or existing work history)] [RC] [CA] [Options revised in 2014] Did you receive any of the following employer-provided benefits at your PREVIOUS job? That is, the job you held before starting to work on your current job. ❑ Traditional pension plan (1) ❑ Employer contribution to a retirement account (for instance, a 401(k), 403(b) or IRA account) (2) ❑ Health insurance (3)",,Mapped by variable-name prefix to the local public Job Search codebook question family; suffixes preserve workbook-specific recodes or repeated options.
es3a_impute_fl,ES3a [Self-employed only] [RC] [Options revised in 2014; see INDUSTRY list in Appendix] What kind of business or INDUSTRY do you work in?  [See list in Appendix],,Mapped by variable-name prefix to the local public Job Search codebook question family; suffixes preserve workbook-specific recodes or repeated options.
js29_reject_covid_issues_rc,"JS29 [Follow up, if JS23 = 2 (rejected or will reject (best) offer)] [RC] [CA] [Options revised in 2014 and 2020] You indicated that you rejected or will reject the (best) job offer that you listed above. What characteristics of this job offer caused/will cause you to reject it? ❑ Pay was inadequate (1) ❑ Benefits were inadequate (2) ❑ Unsuitable work hours (3) ❑ Commute time would be too long (4)",,Mapped by variable-name prefix to the local public Job Search codebook question family; suffixes preserve workbook-specific recodes or repeated options.
es3b_selfemp_occupation,"ES3b [Self-employed only] [RC] (responses coded into 3-digit SOC codes) What kind of work do you do, that is, what is your OCCUPATION? (for example: Electrical engineer, stock clerk, typist, farmer, ...) (1) ______________________________ (3-digit SOC code)",,Mapped by variable-name prefix to the local public Job Search codebook question family; suffixes preserve workbook-specific recodes or repeated options.
jh12s_semp_job_duties_chg,"JH12 [Follow up, if JH2 = {1, 2, 3, 4, 5, or 6} (reported prior or existing work history)] [RC] [Introduced in 2017] What type of employer did you work for in your previous job? Please select only one. ❑ Government (including state or local government; a public school, university or hospital) (1) ❑ Private-sector, for-profit company (2) ❑ Non-profit organization (3) ❑ Worked in the family business (4)",,Mapped by variable-name prefix to the local public Job Search codebook question family; suffixes preserve workbook-specific recodes or repeated options.
jh1_cpsj_offer_other_search_rc,"JH1 [All wage and salary earners, including those on layoff but excluding the self-employed] [RC] [CA] [Options revised in 2014 and 2016] How did you learn about your current job? [check all that apply] ❑ Found through the employer’s website (1) ❑ Inquired with the employer directly through other means, including in-person (2) ❑ Found through an employment agency (including the conversion from temporary to permanent work) (3) ❑ Referred by a friend or relative (4)",,Mapped by variable-name prefix to the local public Job Search codebook question family; suffixes preserve workbook-specific recodes or repeated options.
l25_last_job_dental_rc,"L25 [Follow up, if L25self = 1 (wage and salary employment)] [RC] [CA] [Options revised in 2014; see BENEFITS list in Appendix] Did you receive any of the following employer-provided benefits at your most recent job? ❑ [See BENEFITS list in Appendix] 7",,Mapped by variable-name prefix to the local public Job Search codebook question family; suffixes preserve workbook-specific recodes or repeated options.
jh2e_why_quit_prev_skillfit_rc,"JH2e - JH2e [Follow up, if JH2 = 2 (quit previous job)] [Introduced in 2015] Why did you quit your previous job? Check all that apply  My current job offered higher earnings and/or better benefits than my previous job (1)  My current job offered better hours than my previous job (2)  My current job is a better fit for my skills than my previous job (3)  My current job requires a shorter commute to work (4)",,Mapped by variable-name prefix to the local public Job Search codebook question family; suffixes preserve workbook-specific recodes or repeated options.
jh12es_prev_job_firm_size,"JH12e [Follow up, if JH12c = 1 (Multi-location business)] [Introduced in 2014] Counting ALL LOCATIONS where your previous employer operated, what is your best guess for the total number of persons who worked for your employer?  [See EMPLOYER SIZE list in the Appendix]",,Mapped by variable-name prefix to the local public Job Search codebook question family; suffixes preserve workbook-specific recodes or repeated options.
jh14_cpsj_applications,"JH14 [All wage and salary earners, including those on layoff but excluding the self-employed] As best as you can remember, how many potential employers did you apply to before accepting your current job? Please include all applications made in person, online, or through other direct methods. I applied to (1) ______________________________ employers (1) ❑ 999999 = Don’t remember",,Mapped by variable-name prefix to the local public Job Search codebook question family; suffixes preserve workbook-specific recodes or repeated options.
responseid,Job Search Supplement response identifier.,,Manual metadata from demographic section of local Job Search codebook PDF.
jh8_impute_fl,"JH8 [Follow up, if JH2 = {1, 2, 3, 4, or 5} (reported prior or existing work history)] [RC] [CA] [Options revised in 2014] Did you receive any of the following employer-provided benefits at your PREVIOUS job? That is, the job you held before starting to work on your current job. ❑ Traditional pension plan (1) ❑ Employer contribution to a retirement account (for instance, a 401(k), 403(b) or IRA account) (2) ❑ Health insurance (3)",,Mapped by variable-name prefix to the local public Job Search codebook question family; suffixes preserve workbook-specific recodes or repeated options.
tp6b_no_ui_appl_gt4wk_rc,"TP6b [Follow up, if TP6 = 2 (no)] [RC] [CA] [Options revised in 2014 and 2020] Why haven’t you applied? ❑ Don’t think I am eligible (1) ❑ Don’t need the extra assistance at this time (2) ❑ Do not know how or where to apply for benefits (3) ❑ I prefer not to receive government assistance (4) ❑ I am retired (5) [Added as response option in 2014, recoded as (6) in 2013]",,Mapped by variable-name prefix to the local public Job Search codebook question family; suffixes preserve workbook-specific recodes or repeated options.
l21_last_job_start_date,L21 [Not employed or on layoff and had previous employment] And what was the month and year that you STARTED working at your most recent job? (1) ______________________________ (reported as YYYYMM),,Mapped by variable-name prefix to the local public Job Search codebook question family; suffixes preserve workbook-specific recodes or repeated options.
es1_impute_fl,ES1 [Self-employed only] [RC] [Revised response options in 2014] Which of the following describe your status as a self-employed individual? ❑ I work as an independent contractor / consultant / freelancer (1) ❑ I own a business where I am the only employee (2) [Revised in 2014 to add “where I am the only employee”] ❑ I own a business where I employ at least one other person (3) [Option added in 2014] ❑ I work in the family business (4) [Option (3) in 2013],,Mapped by variable-name prefix to the local public Job Search codebook question family; suffixes preserve workbook-specific recodes or repeated options.
js3_search_why_no_search,"JS3 [All that did not search within the last 4 weeks, excluding the self-employed] [RC] You indicated that you were not looking for a job over the last 4 weeks. Why didn’t you look for work? Please select the answer that best describes why you did not look for work. ❑ I currently have a job (1) ❑ No work available in my line of work or area (2) ❑ I tried to find work, but could not find any (3) ❑ I lack the necessary schooling, training or experience (4)",,Mapped by variable-name prefix to the local public Job Search codebook question family; suffixes preserve workbook-specific recodes or repeated options.
jh1s_semp_choice_contractor_rc,"JH1 [All wage and salary earners, including those on layoff but excluding the self-employed] [RC] [CA] [Options revised in 2014 and 2016] How did you learn about your current job? [check all that apply] ❑ Found through the employer’s website (1) ❑ Inquired with the employer directly through other means, including in-person (2) ❑ Found through an employment agency (including the conversion from temporary to permanent work) (3) ❑ Referred by a friend or relative (4)",,Mapped by variable-name prefix to the local public Job Search codebook question family; suffixes preserve workbook-specific recodes or repeated options.
l25_last_job_pension_rc,"L25 [Follow up, if L25self = 1 (wage and salary employment)] [RC] [CA] [Options revised in 2014; see BENEFITS list in Appendix] Did you receive any of the following employer-provided benefits at your most recent job? ❑ [See BENEFITS list in Appendix] 7",,Mapped by variable-name prefix to the local public Job Search codebook question family; suffixes preserve workbook-specific recodes or repeated options.
jh2e_why_quit_prev_personal_rc,"JH2e - JH2e [Follow up, if JH2 = 2 (quit previous job)] [Introduced in 2015] Why did you quit your previous job? Check all that apply  My current job offered higher earnings and/or better benefits than my previous job (1)  My current job offered better hours than my previous job (2)  My current job is a better fit for my skills than my previous job (3)  My current job requires a shorter commute to work (4)",,Mapped by variable-name prefix to the local public Job Search codebook question family; suffixes preserve workbook-specific recodes or repeated options.
jh10s_prev_job_earn_hrly,"JH10 [Follow up, if JH2 = {1, 2, 3, 4, 5, or 6} (reported prior or existing work history)] [Revised in 2014 to drop biweekly, monthly reporting options, which were imputed into weekly values in 2013] Please give your best estimate of how much you made, before taxes and other deductions, AT THE TIME YOU LEFT your previous job / at your previous job JUST PRIOR TO STARTING YOUR CURRENT JOB. Please include any bonuses, overtime pay, tips or commissions. (1) ______________________________ (reported as hourly, weekly, or annually) ❑ 999999 = Don’t remember (reported in hourly earnings variable)",,Mapped by variable-name prefix to the local public Job Search codebook question family; suffixes preserve workbook-specific recodes or repeated options.
rw2_reserv_earn_hrly,"Job Search Supplement variable in the RW2 family; see workbook suffix for the recode, option, or repeated-field detail.",,Fallback family metadata from local Job Search codebook naming convention after public-file reformatting.
current_state,Current respondent state.,,Manual metadata from demographic section of local Job Search codebook PDF.
js27_accept_commute_rc,"JS27 [Follow up, if JS23 = 1 (accepted or will accept (best) offer)] [RC] [CA] [Options revised in 2014, 2016, and 2020] Think about the job that you have accepted or will accept. What characteristics of this job made it worth accepting? ❑ Pay is as good or better than expected (1) ❑ Benefits are as good or better than expected (2) ❑ Preferred work hours were offered (either full-time or flexible full or part time hours) (3) ❑ The commute time to work seems manageable (4)",,Mapped by variable-name prefix to the local public Job Search codebook question family; suffixes preserve workbook-specific recodes or repeated options.
jh12_cpsj_job_duties_chg,"JH12 [Follow up, if JH2 = {1, 2, 3, 4, 5, or 6} (reported prior or existing work history)] [RC] [Introduced in 2017] What type of employer did you work for in your previous job? Please select only one. ❑ Government (including state or local government; a public school, university or hospital) (1) ❑ Private-sector, for-profit company (2) ❑ Non-profit organization (3) ❑ Worked in the family business (4)",,Mapped by variable-name prefix to the local public Job Search codebook question family; suffixes preserve workbook-specific recodes or repeated options.
current_region,Current major Census region of respondent.,,Manual metadata from demographic section of local Job Search codebook PDF.
js26a_last_job_employer_type,"JS26a[Follow up, if JS19 >0 1 or JS19b > 1 (at least one job offer in last 4 weeks or 6 months)] [RC] [Introduced in 2014] For “this”/”your best” job offer, what type of employer made you this offer? Please select only one. ❑ Government (including state or local government; a public school, university or hospital) (1) ❑ Private-sector, for-profit company (2) ❑ Non-profit organization (3)",,Mapped by variable-name prefix to the local public Job Search codebook question family; suffixes preserve workbook-specific recodes or repeated options.
js19d_offer_no_search_rc,"JS19d [Follow up, if JS19 > 0 and respondent did not search] [RC] [Introduced in 2014] You indicated that you received “a job offer”/“several job offers” in the last 4 weeks. Earlier you indicated that you were not actively looking for work in the last 4 weeks. How did the “job offer”/“job offers” come about? ❑ The job “offer was”/“offers were” the result of me looking for work, but more than 4 weeks ago (1) ❑ The job “offer”/“offers” came up without me looking for work (for example, through “networking, a referral or other unsolicited contact by the employer”/“networking, referrals or other unsolicited contacts by the employer” (2)",,Mapped by variable-name prefix to the local public Job Search codebook question family; suffixes preserve workbook-specific recodes or repeated options.
ec9_cps_job_wage_satified,"EC9 [Wage and salary earners only, including on layoff] [Introduced in 2014] How satisfied would you say you are with your level of compensation at your [current/main] job?  Very dissatisfied (1)  Somewhat dissatisfied (2)  Neither satisfied nor dissatisfied (3)  Somewhat satisfied (4)",,Mapped by variable-name prefix to the local public Job Search codebook question family; suffixes preserve workbook-specific recodes or repeated options.
js30_offer_childcare_rc,"JS30 [Follow up, if JS27 = 2 or JS29 = 2 (benefits were better than expected (inadequate))] [RC] [CA] [Options revised in 2014; see BENEFITS list in Appendix] You indicated above that the benefits offered are/were important in the decision to accept (reject) the job offer. Which of the following employer-provided benefits are/were important in your decision? ❑ [See BENEFITS list in Appendix]",,Mapped by variable-name prefix to the local public Job Search codebook question family; suffixes preserve workbook-specific recodes or repeated options.
jh1d_referral_gender,"JH1d [Follow up, if JH1 = {4, 5, or 6} (referral)] [Introduced in 2017] What is the gender of the person who provided the referral?  Male (1)  Female (2) 30",,Mapped by variable-name prefix to the local public Job Search codebook question family; suffixes preserve workbook-specific recodes or repeated options.
jh5s_semp_hours_chg,"JH5 [Follow up, if JH2 = {1, 2, 3, or 4} (reported prior work history)] [Only asked in 2013; replaced by a revised question JH5b in 2014] Did accepting your main/current job reflect an increase, no change, or a decrease in your USUAL hours worked per week, compared to your previous job?  Increase (1)  No change (2)  Decrease (3)",,Mapped by variable-name prefix to the local public Job Search codebook question family; suffixes preserve workbook-specific recodes or repeated options.
js1b_impute_fl,"JS1b [Follow up, if JS1 = 2 (part-time)] [RC] [Options revised in 2014; wording revised in 2020] What is the main reason why you are interested in part-time and not full-time work?  Child care problems (including at-home schooling) or other family obligations, including caring for an ill family member (1) [Added “(including at-home schooling)” and “including caring for an ill family member” in 2020]  My own illness, poor health, or medical limitations (2) [Added “My own illness, poor health, or” in 2020]  School/training (3)  Retired/Social Security limit on earnings (4)",,Mapped by variable-name prefix to the local public Job Search codebook question family; suffixes preserve workbook-specific recodes or repeated options.
ec1a_cps_job_employer_type_rc,"EC1a [Wage and salary earners only, including on layoff] [RC] In your main/current job, what type of employer do you work for?  Government (1)  Private-sector, for-profit company (2)  Non-profit organization (3)  Work in the family business (4)",,Mapped by variable-name prefix to the local public Job Search codebook question family; suffixes preserve workbook-specific recodes or repeated options.
jh1s_semp_choice_post_retire_rc,"JH1 [All wage and salary earners, including those on layoff but excluding the self-employed] [RC] [CA] [Options revised in 2014 and 2016] How did you learn about your current job? [check all that apply] ❑ Found through the employer’s website (1) ❑ Inquired with the employer directly through other means, including in-person (2) ❑ Found through an employment agency (including the conversion from temporary to permanent work) (3) ❑ Referred by a friend or relative (4)",,Mapped by variable-name prefix to the local public Job Search codebook question family; suffixes preserve workbook-specific recodes or repeated options.
l5_ne_looked_for_work,"L5 [Non-employed only, but including those on layoff] Have you done anything in the LAST 4 WEEKS to look for work?  Yes (1)  No (0)",,Mapped by variable-name prefix to the local public Job Search codebook question family; suffixes preserve workbook-specific recodes or repeated options.
tp7b_ssdi_appl_status,"TP7b [Follow up, if TP7 = 1 (yes)] What is the status of your application?  Under review (1)  Pending appeal (2)  Denied initial application (3)  Denied appeal (4)",,Mapped by variable-name prefix to the local public Job Search codebook question family; suffixes preserve workbook-specific recodes or repeated options.
hh5_spouse_trnpmt_food_stamps,"HH5 [If Q38 = 1 (married or partner present)] [CA] [Options revised in 2014] In the LAST 4 WEEKS, did your spouse/partner receive any of the following payments? ❑ Social Security, SSI, or other retirement payments (1) ❑ Temporary Aid to Needy Families (TANF) (2) ❑ Food stamps or the Supplemental Nutrition Assistance Program (SNAP) (3) ❑ Unemployment Insurance compensation (4) ❑ Severance pay (11)",,Mapped by variable-name prefix to the local public Job Search codebook question family; suffixes preserve workbook-specific recodes or repeated options.
jh1_impute_fl,"JH1 [All wage and salary earners, including those on layoff but excluding the self-employed] [RC] [CA] [Options revised in 2014 and 2016] How did you learn about your current job? [check all that apply] ❑ Found through the employer’s website (1) ❑ Inquired with the employer directly through other means, including in-person (2) ❑ Found through an employment agency (including the conversion from temporary to permanent work) (3) ❑ Referred by a friend or relative (4)",,Mapped by variable-name prefix to the local public Job Search codebook question family; suffixes preserve workbook-specific recodes or repeated options.
hh5_spouse_trnpmt_alimony,"HH5 [If Q38 = 1 (married or partner present)] [CA] [Options revised in 2014] In the LAST 4 WEEKS, did your spouse/partner receive any of the following payments? ❑ Social Security, SSI, or other retirement payments (1) ❑ Temporary Aid to Needy Families (TANF) (2) ❑ Food stamps or the Supplemental Nutrition Assistance Program (SNAP) (3) ❑ Unemployment Insurance compensation (4) ❑ Severance pay (11)",,Mapped by variable-name prefix to the local public Job Search codebook question family; suffixes preserve workbook-specific recodes or repeated options.
l14_cps_job_flexspend_rc,"L14 [Employed, wage and salary earners only, including on layoff] [RC] [CA] [Options revised in 2014; see BENEFITS list in Appendix] Do you receive any of the following employer-provided benefits at your main/current job? ❑ [See BENEFITS list in Appendix]",,Mapped by variable-name prefix to the local public Job Search codebook question family; suffixes preserve workbook-specific recodes or repeated options.
l14self_nocoverage_rc,L14self [Self-employed or Non-employed] [RC] [CA] Do you currently have any of the following coverage? [check all that apply] ❑ Health insurance (1) ❑ Dental or vision insurance (2) ❑ Life or disability insurance (3) ❑ None of the above (4),,Mapped by variable-name prefix to the local public Job Search codebook question family; suffixes preserve workbook-specific recodes or repeated options.
es3a_selfemp_industry_rc,ES3a [Self-employed only] [RC] [Options revised in 2014; see INDUSTRY list in Appendix] What kind of business or INDUSTRY do you work in?  [See list in Appendix],,Mapped by variable-name prefix to the local public Job Search codebook question family; suffixes preserve workbook-specific recodes or repeated options.
l25_last_job_healthins_rc,"L25 [Follow up, if L25self = 1 (wage and salary employment)] [RC] [CA] [Options revised in 2014; see BENEFITS list in Appendix] Did you receive any of the following employer-provided benefits at your most recent job? ❑ [See BENEFITS list in Appendix] 7",,Mapped by variable-name prefix to the local public Job Search codebook question family; suffixes preserve workbook-specific recodes or repeated options.
jh12_prev_job_employer_type_rc,"JH12 [Follow up, if JH2 = {1, 2, 3, 4, 5, or 6} (reported prior or existing work history)] [RC] [Introduced in 2017] What type of employer did you work for in your previous job? Please select only one. ❑ Government (including state or local government; a public school, university or hospital) (1) ❑ Private-sector, for-profit company (2) ❑ Non-profit organization (3) ❑ Worked in the family business (4)",,Mapped by variable-name prefix to the local public Job Search codebook question family; suffixes preserve workbook-specific recodes or repeated options.
hh4_spouse_earn_ann,"HH4 [Follow up, if HH2 = 1 (yes)] [Revised in 2014 to drop biweekly, monthly reporting options, which were imputed into weekly values in 2013] Roughly speaking, how much does your spouse/partner make, BEFORE taxes and other deductions, on his/her current job? Please include any bonuses, overtime pay, tips or commissions. (1) ______________________________ (reported as hourly, weekly, or annually)  [See INCOME BRACKETS list in the Appendix, for annual salaries reported as a range] ❑ 999999 = Don’t know (reported in hourly earnings variable)",,Mapped by variable-name prefix to the local public Job Search codebook question family; suffixes preserve workbook-specific recodes or repeated options.
hh5_spouse_trnpmt_severance,"HH5 [If Q38 = 1 (married or partner present)] [CA] [Options revised in 2014] In the LAST 4 WEEKS, did your spouse/partner receive any of the following payments? ❑ Social Security, SSI, or other retirement payments (1) ❑ Temporary Aid to Needy Families (TANF) (2) ❑ Food stamps or the Supplemental Nutrition Assistance Program (SNAP) (3) ❑ Unemployment Insurance compensation (4) ❑ Severance pay (11)",,Mapped by variable-name prefix to the local public Job Search codebook question family; suffixes preserve workbook-specific recodes or repeated options.
jh9_cps_job_start_earn_wkly,"JH9 [Employed only, including on layoff] [Revised in 2014 to drop biweekly, monthly reporting options, which were imputed into weekly values in 2013] And how much did you make when you STARTED your main/current job, before taxes and other deductions? Please include any bonuses, overtime pay, tips or commissions (1) ______________________________ (reported as hourly, weekly, or annually) ❑ 999999 = Don’t remember (included in hourly earnings variable)",,Mapped by variable-name prefix to the local public Job Search codebook question family; suffixes preserve workbook-specific recodes or repeated options.
js29_reject_safe_workplace_rc,"JS29 [Follow up, if JS23 = 2 (rejected or will reject (best) offer)] [RC] [CA] [Options revised in 2014 and 2020] You indicated that you rejected or will reject the (best) job offer that you listed above. What characteristics of this job offer caused/will cause you to reject it? ❑ Pay was inadequate (1) ❑ Benefits were inadequate (2) ❑ Unsuitable work hours (3) ❑ Commute time would be too long (4)",,Mapped by variable-name prefix to the local public Job Search codebook question family; suffixes preserve workbook-specific recodes or repeated options.
hh6_no_kids_in_school,"HH6. [All respondents.] [Introduced in 2020] Are there any children in this household enrolled in a public school, enrolled in a private school, or educated in a homeschool setting in Kindergarten through 12th grade or grade equivalent? [check all that apply]  Yes, at least one child enrolled in a public or private school (1)  Yes, at least one child homeschooled who was also homeschooled during the previous school year (2)  Yes, at least one child homeschooled who was enrolled in a public or private school during the previous school year (3)",,Mapped by variable-name prefix to the local public Job Search codebook question family; suffixes preserve workbook-specific recodes or repeated options.
el5a_last_job_union,"Job Search Supplement variable in the EL5A family; see workbook suffix for the recode, option, or repeated-field detail.",,Fallback family metadata from local Job Search codebook naming convention after public-file reformatting.
hh7_covid_all_class_online,HH7. [All respondents with HH6 = 1 (enrolled in public or private school).] [Introduced in 2020] How has the coronavirus pandemic affected how the children in this household receive education for the 2020-2021 school year? [check all that apply]  Classes normally taught in person at their school are now cancelled (1)  Classes normally taught in person moved entirely to an online/distance-learning or similar format (2)  Classes normally taught in person moved partially to an online/distance-learning or similar format (3)  The coronavirus pandemic did not affect how children in this household receive education (4),,Mapped by variable-name prefix to the local public Job Search codebook question family; suffixes preserve workbook-specific recodes or repeated options.
ec3c_cps_job_firm_size,"EC3c [Follow up, if EC3a = 1 (Multi-location business)] Counting ALL LOCATIONS where your employer operates, what is your best guess for the total number of persons who work for your employer?  [See EMPLOYER SIZE list in the Appendix]",,Mapped by variable-name prefix to the local public Job Search codebook question family; suffixes preserve workbook-specific recodes or repeated options.
js7_search_hours_spent,"JS7 [All that reported searching within the last 4 weeks] And within the LAST 7 DAYS, about how many TOTAL hours did you spend on job search activities? Please round up to the nearest total number of hours. (1) ______________________________ hours",,Mapped by variable-name prefix to the local public Job Search codebook question family; suffixes preserve workbook-specific recodes or repeated options.
ec1f_cps_job_industry_rc,"EC1f [Follow up, if EC1a  1 (Private, non-profit, or family business)] [RC] [Options revised in 2014; see INDUSTRY list in Appendix] What kind of business or INDUSTRY is this?  [See INDUSTRY list in Appendix]",,Mapped by variable-name prefix to the local public Job Search codebook question family; suffixes preserve workbook-specific recodes or repeated options.
es7_selfemp_nocover_rc,"ES7 [Follow up, if ES1 = 2 (own a business)] [RC] [CA] [Options revised in 2014; see BENEFITS list in Appendix] Does your business provide any of the following benefits to any of your employees? [check all that apply] ❑ [See BENEFITS list in Appendix]",,Mapped by variable-name prefix to the local public Job Search codebook question family; suffixes preserve workbook-specific recodes or repeated options.
js17_contact_associate,"JS17 [Follow up, if JS17a > 0 (at least one referral)] [Introduced in 2014] You just mentioned that [JS15 answer] potential employers contacted you in the last 4 weeks. How many of these contacts were the direct result of a referral from... A friend or relative (1) ______________________________ A former co-worker, supervisor, teacher, or business associate (2) ______________________________ A current employee at that company (3) ______________________________",,Mapped by variable-name prefix to the local public Job Search codebook question family; suffixes preserve workbook-specific recodes or repeated options.
jh6_cpsj_qol_chg,"JH6 [Follow up, if JH2 = {1, 2, 3, or 5} (reported prior work history)] Did accepting your main/current job reflect an increase, no change, or a decrease in your overall quality of work life, compared to your previous job?  Increase (1)  No change (2)  Decrease (3)",,Mapped by variable-name prefix to the local public Job Search codebook question family; suffixes preserve workbook-specific recodes or repeated options.
jh8s_prev_job_dk_rc,"JH8 [Follow up, if JH2 = {1, 2, 3, 4, or 5} (reported prior or existing work history)] [RC] [CA] [Options revised in 2014] Did you receive any of the following employer-provided benefits at your PREVIOUS job? That is, the job you held before starting to work on your current job. ❑ Traditional pension plan (1) ❑ Employer contribution to a retirement account (for instance, a 401(k), 403(b) or IRA account) (2) ❑ Health insurance (3)",,Mapped by variable-name prefix to the local public Job Search codebook question family; suffixes preserve workbook-specific recodes or repeated options.
tp6_impute_fl,"TP6 [Follow up, if TP1  4 (no unemployment insurance compensation) and not employed at least part-time] [RC] (recoded based on responses to other questions) Have you applied for Unemployment Insurance benefits in the LAST 4 WEEKS?  Yes (1)  No (2)  I have already exhausted my UI benefits (3)",,Mapped by variable-name prefix to the local public Job Search codebook question family; suffixes preserve workbook-specific recodes or repeated options.
es1_selfemp_ownbusiness_rc,ES1 [Self-employed only] [RC] [Revised response options in 2014] Which of the following describe your status as a self-employed individual? ❑ I work as an independent contractor / consultant / freelancer (1) ❑ I own a business where I am the only employee (2) [Revised in 2014 to add “where I am the only employee”] ❑ I own a business where I employ at least one other person (3) [Option added in 2014] ❑ I work in the family business (4) [Option (3) in 2013],,Mapped by variable-name prefix to the local public Job Search codebook question family; suffixes preserve workbook-specific recodes or repeated options.
js16_contacts_unsolcited,"JS16 [Follow up, if JS15 > 0 (at least one employer contact)] How many of these contacts were unsolicited? In other words, how many potential employers contacted you without a direct application by you? (1) ______________________________ employers",,Mapped by variable-name prefix to the local public Job Search codebook question family; suffixes preserve workbook-specific recodes or repeated options.
el5b_last_job_temp_job,"Job Search Supplement variable in the EL5B family; see workbook suffix for the recode, option, or repeated-field detail.",,Fallback family metadata from local Job Search codebook naming convention after public-file reformatting.
js19d_impute_fl,"JS19d [Follow up, if JS19 > 0 and respondent did not search] [RC] [Introduced in 2014] You indicated that you received “a job offer”/“several job offers” in the last 4 weeks. Earlier you indicated that you were not actively looking for work in the last 4 weeks. How did the “job offer”/“job offers” come about? ❑ The job “offer was”/“offers were” the result of me looking for work, but more than 4 weeks ago (1) ❑ The job “offer”/“offers” came up without me looking for work (for example, through “networking, a referral or other unsolicited contact by the employer”/“networking, referrals or other unsolicited contacts by the employer” (2)",,Mapped by variable-name prefix to the local public Job Search codebook question family; suffixes preserve workbook-specific recodes or repeated options.
jh12ds_prev_job_estab_size,"JH12d [Follow up, if JH2 = {1, 2, 3, 4, or 5} (reported prior or existing work history)] [Introduced in 2014] How many paid employees did your previous employer’s business have AT YOUR USUAL PLACE OF WORK?  [See EMPLOYER SIZE list in the Appendix]",,Mapped by variable-name prefix to the local public Job Search codebook question family; suffixes preserve workbook-specific recodes or repeated options.
js29_reject_qol_rc,"JS29 [Follow up, if JS23 = 2 (rejected or will reject (best) offer)] [RC] [CA] [Options revised in 2014 and 2020] You indicated that you rejected or will reject the (best) job offer that you listed above. What characteristics of this job offer caused/will cause you to reject it? ❑ Pay was inadequate (1) ❑ Benefits were inadequate (2) ❑ Unsuitable work hours (3) ❑ Commute time would be too long (4)",,Mapped by variable-name prefix to the local public Job Search codebook question family; suffixes preserve workbook-specific recodes or repeated options.
hh_income,Total household income category.,,Manual metadata from demographic section of local Job Search codebook PDF.
eo12_l5yr_mos_discouraged,EO12 [Follow up to EO11] You just mentioned that during the LAST 5 YEARS you spent [EO11 answer] months without a job. How many of these months were spent primarily... Looking for work: (1) ______________________________ months (1) Enrolled in school: (2) ______________________________ months (2) Not looking for work because no work was available: (3) ______________________________ months (3) Not looking for work because of disability or retirement: (4) ______________________________ months (4),,Mapped by variable-name prefix to the local public Job Search codebook question family; suffixes preserve workbook-specific recodes or repeated options.
jh15d_cpsj_refer_associate,"JH15d [Follow up, if JH15c > 0] [Asked as question JH15c in 2013] How many of these were a referral from… A friend or relative _________ A former co-worker, supervisor, teacher, or business associate _________ A current employee at that company _________ ❑ 999999 = Don’t remember",,Mapped by variable-name prefix to the local public Job Search codebook question family; suffixes preserve workbook-specific recodes or repeated options.
tp1_trnfr_pmt_none,"TP1 [All respondents] [CA] [Options revised in 2014 and 2020] In the LAST 4 WEEKS, have you received any of the following payments? [check all that apply] ❑ Social Security, SSI, or other retirement payments (1) ❑ Temporary Aid to Needy Families (TANF) (2) ❑ Food stamps or the Supplemental Nutrition Assistance Program (SNAP) (3) ❑ Unemployment Insurance compensation, , including any Pandemic Unemployment Assistance (PUA) or similar unemployment benefits (4) [Added “, including any Pandemic Unemployment Assistance (PUA) or similar",,Mapped by variable-name prefix to the local public Job Search codebook question family; suffixes preserve workbook-specific recodes or repeated options.
l22_last_job_usual_hrs,L22 [Not employed or on layoff and had previous employment] How many hours per week did you usually work at your most recent job? I usually worked (1) ______________________________ hours per week,,Mapped by variable-name prefix to the local public Job Search codebook question family; suffixes preserve workbook-specific recodes or repeated options.
hh5_spouse_trnpmt_none,"HH5 [If Q38 = 1 (married or partner present)] [CA] [Options revised in 2014] In the LAST 4 WEEKS, did your spouse/partner receive any of the following payments? ❑ Social Security, SSI, or other retirement payments (1) ❑ Temporary Aid to Needy Families (TANF) (2) ❑ Food stamps or the Supplemental Nutrition Assistance Program (SNAP) (3) ❑ Unemployment Insurance compensation (4) ❑ Severance pay (11)",,Mapped by variable-name prefix to the local public Job Search codebook question family; suffixes preserve workbook-specific recodes or repeated options.
jh1_cpsj_offer_online_search_rc,"JH1 [All wage and salary earners, including those on layoff but excluding the self-employed] [RC] [CA] [Options revised in 2014 and 2016] How did you learn about your current job? [check all that apply] ❑ Found through the employer’s website (1) ❑ Inquired with the employer directly through other means, including in-person (2) ❑ Found through an employment agency (including the conversion from temporary to permanent work) (3) ❑ Referred by a friend or relative (4)",,Mapped by variable-name prefix to the local public Job Search codebook question family; suffixes preserve workbook-specific recodes or repeated options.
l4_cps_job_selfemp,"L4 [Employed only, including on layoff] In your main/current job, do you work for someone else or are you self-employed?  Self-employed (1)  Work for someone else (0)",,Mapped by variable-name prefix to the local public Job Search codebook question family; suffixes preserve workbook-specific recodes or repeated options.
js32e_counter_earn_wkly,"JS32e [Follow up, if JS32c or JS32d = 2 (a pay increase was offered by current/previous employer)] [Revised in 2014 to drop biweekly, monthly reporting options, which were imputed into weekly values in 2013] By how much did your pay increase as a result (if at all)? (1) ______________________________ (reported as hourly, weekly, or annually)",,Mapped by variable-name prefix to the local public Job Search codebook question family; suffixes preserve workbook-specific recodes or repeated options.
js25_offer_refer_assoc_rc,"JS25 [Follow up, if JS19 >0 1 or JS19b > 1 (at least one job offer in last 4 weeks or 6 months)] [RC] [CA] [Options revised in 2016] For this (your best) job offer, how did you learn about this job? [check all that apply] I learned about this job from: ❑ Found through the employer’s website (1) ❑ Inquired with the employer directly through other means, including in-person (2)",,Mapped by variable-name prefix to the local public Job Search codebook question family; suffixes preserve workbook-specific recodes or repeated options.
jh2c_cpsj_sep_adv_notice,"JH2c [Follow up, if JH2 = {1, 2, 3, or 5} (reported prior work history)] Regardless of how you separated from your PREVIOUS job, had you been given advance notice that you would lose your PREVIOUS job?  Yes (1)  No (2)  Don’t remember (3)",,Mapped by variable-name prefix to the local public Job Search codebook question family; suffixes preserve workbook-specific recodes or repeated options.
l25_last_job_equity_rc,"L25 [Follow up, if L25self = 1 (wage and salary employment)] [RC] [CA] [Options revised in 2014; see BENEFITS list in Appendix] Did you receive any of the following employer-provided benefits at your most recent job? ❑ [See BENEFITS list in Appendix] 7",,Mapped by variable-name prefix to the local public Job Search codebook question family; suffixes preserve workbook-specific recodes or repeated options.
jh5_cpsj_hours_chg,"JH5 [Follow up, if JH2 = {1, 2, 3, or 4} (reported prior work history)] [Only asked in 2013; replaced by a revised question JH5b in 2014] Did accepting your main/current job reflect an increase, no change, or a decrease in your USUAL hours worked per week, compared to your previous job?  Increase (1)  No change (2)  Decrease (3)",,Mapped by variable-name prefix to the local public Job Search codebook question family; suffixes preserve workbook-specific recodes or repeated options.
js6_search_online_look_rc,"JS6 [All that reported searching within the last 4 weeks] [RC] [CA] [Options revised in 2014] What were ALL the things you have done to look for work during the LAST 4 WEEKS? ❑ Had at least one job interview (1) [Option removed in 2014, superseded by new Question JS18a] ❑ Contacted an employer directly online or through e-mail (1) [Option (2) in 2013] ❑ Contacted an employer directly through other means, including in-person (2) [Option (3) in 2013] ❑ Contacted an employment agency or career center, including a career center at a school or university (3) [Option (4) in 2013]",,Mapped by variable-name prefix to the local public Job Search codebook question family; suffixes preserve workbook-specific recodes or repeated options.
eo6_impute_fl,"EO6 [If L2a or L2b > 1 (multiple-jobholders)] You indicated that you currently have more than one job. Outside of your main job, how many hours per week do you USUALLY work in your other job(s)? (1) ______________________________ hours per week",,Mapped by variable-name prefix to the local public Job Search codebook question family; suffixes preserve workbook-specific recodes or repeated options.
js11_could_start_work_7d,"JS11 [All who looked for new/additional work in last 4 weeks, or want or might want a new/additional job, excluding the self-employed] If someone offered you a job today, could you begin work within the next 7 days?  Yes (1)  No (0)",,Mapped by variable-name prefix to the local public Job Search codebook question family; suffixes preserve workbook-specific recodes or repeated options.
el4a_last_job_industry_rc,"Job Search Supplement variable in the EL4A family; see workbook suffix for the recode, option, or repeated-field detail.",,Fallback family metadata from local Job Search codebook naming convention after public-file reformatting.
el1_impute_fl,"Job Search Supplement variable in the EL1 family; see workbook suffix for the recode, option, or repeated-field detail.",,Fallback family metadata from local Job Search codebook naming convention after public-file reformatting.
l7b_looked_for_work_last8wks,L7b [All respondents that did not search in the last 4 weeks] [Introduced in 2017] And did you do anything to look for work within the LAST 8 WEEKS?  Yes (1)  No (0),,Mapped by variable-name prefix to the local public Job Search codebook question family; suffixes preserve workbook-specific recodes or repeated options.
el2a_last_job_employer_type_rc,"Job Search Supplement variable in the EL2A family; see workbook suffix for the recode, option, or repeated-field detail.",,Fallback family metadata from local Job Search codebook naming convention after public-file reformatting.
eo10_l5yr_temp_seasonal,"EO10 [Follow up, if EO7 > 0] You mentioned you worked at [EO7 answer] total jobs in the LAST 5 YEARS. How many of these jobs... Did you work at for at least 2 weeks? (1) ______________________________ Were full-time jobs of at least 35 hours per week? (2) ______________________________ Were temporary or seasonal jobs? (3) ______________________________ Ended because of slow or poor business conditions? (4) ______________________________ Ended because of performance-related reasons? (5) ______________________________",,Mapped by variable-name prefix to the local public Job Search codebook question family; suffixes preserve workbook-specific recodes or repeated options.
js7a_search_other_contact_rc,"JS7 [All that reported searching within the last 4 weeks] And within the LAST 7 DAYS, about how many TOTAL hours did you spend on job search activities? Please round up to the nearest total number of hours. (1) ______________________________ hours",,Mapped by variable-name prefix to the local public Job Search codebook question family; suffixes preserve workbook-specific recodes or repeated options.
l14self_den_impute_fl,L14self [Self-employed or Non-employed] [RC] [CA] Do you currently have any of the following coverage? [check all that apply] ❑ Health insurance (1) ❑ Dental or vision insurance (2) ❑ Life or disability insurance (3) ❑ None of the above (4),,Mapped by variable-name prefix to the local public Job Search codebook question family; suffixes preserve workbook-specific recodes or repeated options.
rw4_accept_commute,"Job Search Supplement variable in the RW4 family; see workbook suffix for the recode, option, or repeated-field detail.",,Fallback family metadata from local Job Search codebook naming convention after public-file reformatting.
js7a_search_friends_rc,"JS7 [All that reported searching within the last 4 weeks] And within the LAST 7 DAYS, about how many TOTAL hours did you spend on job search activities? Please round up to the nearest total number of hours. (1) ______________________________ hours",,Mapped by variable-name prefix to the local public Job Search codebook question family; suffixes preserve workbook-specific recodes or repeated options.
es1a_selfemp_business_type_rc,"ES1a [Follow up, if ES1 = 2 (own a business)] [RC] What is the nature of your business?  Sole proprietorship or partnership (1)  Limited liability company (2)  Corporation (3)",,Mapped by variable-name prefix to the local public Job Search codebook question family; suffixes preserve workbook-specific recodes or repeated options.
jh1self_impute_fl,JH1self [Self-employed only] [RC] [CA] [Options revised in 2014 and 2017] How did you choose your current job? ❑ I wanted to be my own boss (1) ❑ A former employer/client suggested that I work as an independent contractor / consultant / freelancer (2) ❑ I created a start-up (3) ❑ Most in my profession are self-employed (11) [Added as response option in 2017] ❑ I sold a business that I previous owned and wanted to start a new activity (4),,Mapped by variable-name prefix to the local public Job Search codebook question family; suffixes preserve workbook-specific recodes or repeated options.
jh15b_cpsj_contacts_unsolicited,"JH15b [Follow up, if JH15 > 0 (at least one contact)] How many of these contacts were unsolicited? In other words, how many potential employers contacted you without a direct application by you? (1) ______________________________ employers (1) ❑ 999999 = Don’t remember",,Mapped by variable-name prefix to the local public Job Search codebook question family; suffixes preserve workbook-specific recodes or repeated options.
hh1b_health_cov_prev_empl_rc,"HH1b [Follow up, if HH1a = 1 (yes)] [RC] [CA] [Options revised in 2014 and 2016] What is the source of your health insurance coverage? [check all that apply] I have coverage through: ❑ a previous employer (1) ❑ my spouse/partner’s health insurance (2) ❑ my parents’ health insurance (3)",,Mapped by variable-name prefix to the local public Job Search codebook question family; suffixes preserve workbook-specific recodes or repeated options.
l14_cps_job_pension_rc,"L14 [Employed, wage and salary earners only, including on layoff] [RC] [CA] [Options revised in 2014; see BENEFITS list in Appendix] Do you receive any of the following employer-provided benefits at your main/current job? ❑ [See BENEFITS list in Appendix]",,Mapped by variable-name prefix to the local public Job Search codebook question family; suffixes preserve workbook-specific recodes or repeated options.
tp6c_ui_app_status,"TP6c. [All respondents with TP6b = 8 (all those that applied more than 4 weeks ago).] [Introduced in 2020] What is the status of your application?  Still under review (1)  My application was denied (2)  Unknown/I have not heard back (3)  “I received unemployment benefits in the past, but no longer receive them now. (4)”",,Mapped by variable-name prefix to the local public Job Search codebook question family; suffixes preserve workbook-specific recodes or repeated options.
jh12fs_prev_job_union,"JH12f [Follow up, if JH2 = {1, 2, 3, 4, or 5} (reported prior or existing work history)] [Introduced in 2014] At your PLACE OF WORK for your previous job, were you or any other employees part of a union? ❑ Yes (1) ❑ No (0)",,Mapped by variable-name prefix to the local public Job Search codebook question family; suffixes preserve workbook-specific recodes or repeated options.
l11_cps_job_ann_fl,"L11 [Employed only, including on layoff] [Revised in 2014 to drop biweekly, monthly reporting options, which were imputed into weekly values in 2013] How much do you make BEFORE taxes or other deductions at your main/current job? Please include any bonuses, overtime pay, tips or commissions. (1) ______________________________ (reported as hourly, weekly, or annually)  [See INCOME BRACKETS list in the Appendix, for annual salaries reported as a range]",,Mapped by variable-name prefix to the local public Job Search codebook question family; suffixes preserve workbook-specific recodes or repeated options.
js22a_offer_any_search,"JS22a [If JSemp=3 (not employed at time of offer)] [Introduced in 2014] Did you do anything to look for work in the months prior to receiving “this”/”your best” job offer? ❑ Yes, I was looking for work (1) ❑ No, the job offer came up without me looking for work (for example, through networking, a referral or other unsolicited contact by the employer) (0)",,Mapped by variable-name prefix to the local public Job Search codebook question family; suffixes preserve workbook-specific recodes or repeated options.
js26b_last_job_govt_type,"JS26b [If JS27a = 1 (government)] [RC] [Introduced in 2014] Would this be the federal, state, or local government? ❑ Federal (1) ❑ State (2) ❑ Local (3)",,Mapped by variable-name prefix to the local public Job Search codebook question family; suffixes preserve workbook-specific recodes or repeated options.
js27_accept_benefits_rc,"JS27 [Follow up, if JS23 = 1 (accepted or will accept (best) offer)] [RC] [CA] [Options revised in 2014, 2016, and 2020] Think about the job that you have accepted or will accept. What characteristics of this job made it worth accepting? ❑ Pay is as good or better than expected (1) ❑ Benefits are as good or better than expected (2) ❑ Preferred work hours were offered (either full-time or flexible full or part time hours) (3) ❑ The commute time to work seems manageable (4)",,Mapped by variable-name prefix to the local public Job Search codebook question family; suffixes preserve workbook-specific recodes or repeated options.
jh9_cps_job_start_earn_ann,"JH9 [Employed only, including on layoff] [Revised in 2014 to drop biweekly, monthly reporting options, which were imputed into weekly values in 2013] And how much did you make when you STARTED your main/current job, before taxes and other deductions? Please include any bonuses, overtime pay, tips or commissions (1) ______________________________ (reported as hourly, weekly, or annually) ❑ 999999 = Don’t remember (included in hourly earnings variable)",,Mapped by variable-name prefix to the local public Job Search codebook question family; suffixes preserve workbook-specific recodes or repeated options.
jh2_cpsj_prev_empl_rc,"JH2 [All wage and salary earners, including those on layoff but excluding the self-employed] [RC] [Options revised in 2014 and 2016; wording revised in 2017] Were you hired to your current employer while still employed somewhere else? [Asked “Were you employed immediately prior to accepting your current job?” prior to 2017] ❑ Yes, I was employed when I got hired but was about to lose my previous job (1) [Option was “Yes, I was employed but lost my previous job” prior to 2017] ❑ Yes, I was employed when I got hired and quit my previous job (2) [Option was “Yes, I was employed but",,Mapped by variable-name prefix to the local public Job Search codebook question family; suffixes preserve workbook-specific recodes or repeated options.
hh1c_impute_fl,"HH1c [Non-employed and self employed only, L14self = 1 (reported health insurance)] [RC] [CA] [Options revised in 2014] Earlier, you indicated that you currently have health insurance coverage. What is the source of your health insurance coverage? [check all that apply] I have coverage through: ❑ a previous employer (1)",,Mapped by variable-name prefix to the local public Job Search codebook question family; suffixes preserve workbook-specific recodes or repeated options.
ec8a_10pct_earn_cut,"Job Search Supplement variable in the EC8A family; see workbook suffix for the recode, option, or repeated-field detail.",,Fallback family metadata from local Job Search codebook naming convention after public-file reformatting.
l18_cps_job_commuting_rc,"L18 [Employed, wage and salary earners only, including on layoff] [RC] [CA] [Question only asked in 2013; replaced by Question L15 in 2014] Suppose 12 MONTHS FROM NOW you are working in the same (main) job as you do now. Which of the following employer-provided benefits do you think you will receive at your job 12 months from now? ❑ [See BENEFITS list in Appendix]",,Mapped by variable-name prefix to the local public Job Search codebook question family; suffixes preserve workbook-specific recodes or repeated options.
js25b_referral_knew_empl_rc,"JS25b [Follow up, if JS25 = {5, 6, or 7} (referral)] [RC] [Options revised in 2014] You just mentioned you learned about this job through a referral. What is the relationship between the person who provided the referral and this employer? ❑ The referrer is a manager or supervisor at this employer (1) ❑ The referrer is a non-supervisory worker at this employer (2) ❑ The referrer works at this employer in a similar level or position to mine (3) [Option removed after 2013] ❑ The referrer does not work at this employer but knows someone at this employer personally (3) [Option (4) in",,Mapped by variable-name prefix to the local public Job Search codebook question family; suffixes preserve workbook-specific recodes or repeated options.
hispanic,Indicator for whether respondent is Hispanic.,,Manual metadata from demographic section of local Job Search codebook PDF.
es7_selfemp_lifeins_rc,"ES7 [Follow up, if ES1 = 2 (own a business)] [RC] [CA] [Options revised in 2014; see BENEFITS list in Appendix] Does your business provide any of the following benefits to any of your employees? [check all that apply] ❑ [See BENEFITS list in Appendix]",,Mapped by variable-name prefix to the local public Job Search codebook question family; suffixes preserve workbook-specific recodes or repeated options.
js29_reject_pay_raises_rc,"JS29 [Follow up, if JS23 = 2 (rejected or will reject (best) offer)] [RC] [CA] [Options revised in 2014 and 2020] You indicated that you rejected or will reject the (best) job offer that you listed above. What characteristics of this job offer caused/will cause you to reject it? ❑ Pay was inadequate (1) ❑ Benefits were inadequate (2) ❑ Unsuitable work hours (3) ❑ Commute time would be too long (4)",,Mapped by variable-name prefix to the local public Job Search codebook question family; suffixes preserve workbook-specific recodes or repeated options.
rw6_accept_hours,"Job Search Supplement variable in the RW6 family; see workbook suffix for the recode, option, or repeated-field detail.",,Fallback family metadata from local Job Search codebook naming convention after public-file reformatting.
jh2e_why_quit_prev_hours_rc,"JH2e - JH2e [Follow up, if JH2 = 2 (quit previous job)] [Introduced in 2015] Why did you quit your previous job? Check all that apply  My current job offered higher earnings and/or better benefits than my previous job (1)  My current job offered better hours than my previous job (2)  My current job is a better fit for my skills than my previous job (3)  My current job requires a shorter commute to work (4)",,Mapped by variable-name prefix to the local public Job Search codebook question family; suffixes preserve workbook-specific recodes or repeated options.
hh5_spouse_trnpmt_workers_comp,"HH5 [If Q38 = 1 (married or partner present)] [CA] [Options revised in 2014] In the LAST 4 WEEKS, did your spouse/partner receive any of the following payments? ❑ Social Security, SSI, or other retirement payments (1) ❑ Temporary Aid to Needy Families (TANF) (2) ❑ Food stamps or the Supplemental Nutrition Assistance Program (SNAP) (3) ❑ Unemployment Insurance compensation (4) ❑ Severance pay (11)",,Mapped by variable-name prefix to the local public Job Search codebook question family; suffixes preserve workbook-specific recodes or repeated options.
jh6s_semp_qol_chg,"JH6 [Follow up, if JH2 = {1, 2, 3, or 5} (reported prior work history)] Did accepting your main/current job reflect an increase, no change, or a decrease in your overall quality of work life, compared to your previous job?  Increase (1)  No change (2)  Decrease (3)",,Mapped by variable-name prefix to the local public Job Search codebook question family; suffixes preserve workbook-specific recodes or repeated options.
js35a_counter_10pct_raise,"JS35a [All wage and salary earners, including on layoff] Suppose you were offered a job in the same line of work and location and with the same benefits as your current job. If the job offered a 10% higher salary than your current job, would you ask your current employer for a promotion or pay increase?  Yes (1)  No (0)",,Mapped by variable-name prefix to the local public Job Search codebook question family; suffixes preserve workbook-specific recodes or repeated options.
hh6_kids_in_formal_school,"HH6. [All respondents.] [Introduced in 2020] Are there any children in this household enrolled in a public school, enrolled in a private school, or educated in a homeschool setting in Kindergarten through 12th grade or grade equivalent? [check all that apply]  Yes, at least one child enrolled in a public or private school (1)  Yes, at least one child homeschooled who was also homeschooled during the previous school year (2)  Yes, at least one child homeschooled who was enrolled in a public or private school during the previous school year (3)",,Mapped by variable-name prefix to the local public Job Search codebook question family; suffixes preserve workbook-specific recodes or repeated options.
jh15c_cpsj_contacts_referral,"JH15c [Follow up, if JH15 > 0 (at least one contact)] [Introduced in 2014; reflects split of original question",,Mapped by variable-name prefix to the local public Job Search codebook question family; suffixes preserve workbook-specific recodes or repeated options.
js6_search_resume_rc,"JS6 [All that reported searching within the last 4 weeks] [RC] [CA] [Options revised in 2014] What were ALL the things you have done to look for work during the LAST 4 WEEKS? ❑ Had at least one job interview (1) [Option removed in 2014, superseded by new Question JS18a] ❑ Contacted an employer directly online or through e-mail (1) [Option (2) in 2013] ❑ Contacted an employer directly through other means, including in-person (2) [Option (3) in 2013] ❑ Contacted an employment agency or career center, including a career center at a school or university (3) [Option (4) in 2013]",,Mapped by variable-name prefix to the local public Job Search codebook question family; suffixes preserve workbook-specific recodes or repeated options.
rw4b_pct_incr_commute,"Job Search Supplement variable in the RW4B family; see workbook suffix for the recode, option, or repeated-field detail.",,Fallback family metadata from local Job Search codebook naming convention after public-file reformatting.
hh4_spouse_ann_fl,"HH4 [Follow up, if HH2 = 1 (yes)] [Revised in 2014 to drop biweekly, monthly reporting options, which were imputed into weekly values in 2013] Roughly speaking, how much does your spouse/partner make, BEFORE taxes and other deductions, on his/her current job? Please include any bonuses, overtime pay, tips or commissions. (1) ______________________________ (reported as hourly, weekly, or annually)  [See INCOME BRACKETS list in the Appendix, for annual salaries reported as a range] ❑ 999999 = Don’t know (reported in hourly earnings variable)",,Mapped by variable-name prefix to the local public Job Search codebook question family; suffixes preserve workbook-specific recodes or repeated options.
hhsize,Household size.,,Manual metadata from demographic section of local Job Search codebook PDF.
js2a_search_low_qol_rc,"JS2a [Wage and salary earners, seeking a new job only] [RC] [CA] Why are you a looking for a new job? ❑ I have been given notice that I will lose my job (1) ❑ Not satisfied with pay or benefits on current job (2) ❑ Not satisfied with duties on current job (3) ❑ Unsuitable work hours on current job (4) ❑ Commuting distance is too long (5)",,Mapped by variable-name prefix to the local public Job Search codebook question family; suffixes preserve workbook-specific recodes or repeated options.
js2a_search_job_duties_rc,"JS2a [Wage and salary earners, seeking a new job only] [RC] [CA] Why are you a looking for a new job? ❑ I have been given notice that I will lose my job (1) ❑ Not satisfied with pay or benefits on current job (2) ❑ Not satisfied with duties on current job (3) ❑ Unsuitable work hours on current job (4) ❑ Commuting distance is too long (5)",,Mapped by variable-name prefix to the local public Job Search codebook question family; suffixes preserve workbook-specific recodes or repeated options.
jh1s_semp_choice_other_rc,"JH1 [All wage and salary earners, including those on layoff but excluding the self-employed] [RC] [CA] [Options revised in 2014 and 2016] How did you learn about your current job? [check all that apply] ❑ Found through the employer’s website (1) ❑ Inquired with the employer directly through other means, including in-person (2) ❑ Found through an employment agency (including the conversion from temporary to permanent work) (3) ❑ Referred by a friend or relative (4)",,Mapped by variable-name prefix to the local public Job Search codebook question family; suffixes preserve workbook-specific recodes or repeated options.
hh6_kids_cont_homeschool,"HH6. [All respondents.] [Introduced in 2020] Are there any children in this household enrolled in a public school, enrolled in a private school, or educated in a homeschool setting in Kindergarten through 12th grade or grade equivalent? [check all that apply]  Yes, at least one child enrolled in a public or private school (1)  Yes, at least one child homeschooled who was also homeschooled during the previous school year (2)  Yes, at least one child homeschooled who was enrolled in a public or private school during the previous school year (3)",,Mapped by variable-name prefix to the local public Job Search codebook question family; suffixes preserve workbook-specific recodes or repeated options.
es7_selfemp_pension_rc,"ES7 [Follow up, if ES1 = 2 (own a business)] [RC] [CA] [Options revised in 2014; see BENEFITS list in Appendix] Does your business provide any of the following benefits to any of your employees? [check all that apply] ❑ [See BENEFITS list in Appendix]",,Mapped by variable-name prefix to the local public Job Search codebook question family; suffixes preserve workbook-specific recodes or repeated options.
jh2e_why_quit_prev_chg_qol_rc,"JH2e - JH2e [Follow up, if JH2 = 2 (quit previous job)] [Introduced in 2015] Why did you quit your previous job? Check all that apply  My current job offered higher earnings and/or better benefits than my previous job (1)  My current job offered better hours than my previous job (2)  My current job is a better fit for my skills than my previous job (3)  My current job requires a shorter commute to work (4)",,Mapped by variable-name prefix to the local public Job Search codebook question family; suffixes preserve workbook-specific recodes or repeated options.
jh8s_prev_job_pension_rc,"JH8 [Follow up, if JH2 = {1, 2, 3, 4, or 5} (reported prior or existing work history)] [RC] [CA] [Options revised in 2014] Did you receive any of the following employer-provided benefits at your PREVIOUS job? That is, the job you held before starting to work on your current job. ❑ Traditional pension plan (1) ❑ Employer contribution to a retirement account (for instance, a 401(k), 403(b) or IRA account) (2) ❑ Health insurance (3)",,Mapped by variable-name prefix to the local public Job Search codebook question family; suffixes preserve workbook-specific recodes or repeated options.
jh8_prev_job_dental_rc,"JH8 [Follow up, if JH2 = {1, 2, 3, 4, or 5} (reported prior or existing work history)] [RC] [CA] [Options revised in 2014] Did you receive any of the following employer-provided benefits at your PREVIOUS job? That is, the job you held before starting to work on your current job. ❑ Traditional pension plan (1) ❑ Employer contribution to a retirement account (for instance, a 401(k), 403(b) or IRA account) (2) ❑ Health insurance (3)",,Mapped by variable-name prefix to the local public Job Search codebook question family; suffixes preserve workbook-specific recodes or repeated options.
jh8s_prev_job_healthins_rc,"JH8 [Follow up, if JH2 = {1, 2, 3, 4, or 5} (reported prior or existing work history)] [RC] [CA] [Options revised in 2014] Did you receive any of the following employer-provided benefits at your PREVIOUS job? That is, the job you held before starting to work on your current job. ❑ Traditional pension plan (1) ❑ Employer contribution to a retirement account (for instance, a 401(k), 403(b) or IRA account) (2) ❑ Health insurance (3)",,Mapped by variable-name prefix to the local public Job Search codebook question family; suffixes preserve workbook-specific recodes or repeated options.
js32cd_counter_pay_raise,"JS32c/JS32d [Follow up, if JS28 = “already started this new job”] [CA] (Were you able to secure any promotion, pay increase, or increase in benefits on your main/current job as a result of this outside job offer?)/Before you accepted the offer for your new job, were you offered any promotion, pay increase, or increase in benefits by your previous employer as a counter-offer to this outside job offer? [check all that apply] ❑ Yes, a promotion was offered (1) ❑ Yes, a pay increase was offered (2)",,Mapped by variable-name prefix to the local public Job Search codebook question family; suffixes preserve workbook-specific recodes or repeated options.
tp1_trnfr_pmt_workers_comp,"TP1 [All respondents] [CA] [Options revised in 2014 and 2020] In the LAST 4 WEEKS, have you received any of the following payments? [check all that apply] ❑ Social Security, SSI, or other retirement payments (1) ❑ Temporary Aid to Needy Families (TANF) (2) ❑ Food stamps or the Supplemental Nutrition Assistance Program (SNAP) (3) ❑ Unemployment Insurance compensation, , including any Pandemic Unemployment Assistance (PUA) or similar unemployment benefits (4) [Added “, including any Pandemic Unemployment Assistance (PUA) or similar",,Mapped by variable-name prefix to the local public Job Search codebook question family; suffixes preserve workbook-specific recodes or repeated options.
js26e_last_job_temp_job,"JS26e. [Follow up, if JS19 >0 1 or JS19b > 1 (at least one job offer in last 4 weeks or 6 months)] [Introduced in 2014; wording revised to inlcude “or one that has a specific task or end date” in 2017] Is “this”/”your best” job offer for a temporary or seasonal job, or one that has a specific task or end date? ❑ Yes (1) ❑ No (0) 23",,Mapped by variable-name prefix to the local public Job Search codebook question family; suffixes preserve workbook-specific recodes or repeated options.
hh4_spouse_earn_wkly,"HH4 [Follow up, if HH2 = 1 (yes)] [Revised in 2014 to drop biweekly, monthly reporting options, which were imputed into weekly values in 2013] Roughly speaking, how much does your spouse/partner make, BEFORE taxes and other deductions, on his/her current job? Please include any bonuses, overtime pay, tips or commissions. (1) ______________________________ (reported as hourly, weekly, or annually)  [See INCOME BRACKETS list in the Appendix, for annual salaries reported as a range] ❑ 999999 = Don’t know (reported in hourly earnings variable)",,Mapped by variable-name prefix to the local public Job Search codebook question family; suffixes preserve workbook-specific recodes or repeated options.
js6_search_interview_rc,"JS6 [All that reported searching within the last 4 weeks] [RC] [CA] [Options revised in 2014] What were ALL the things you have done to look for work during the LAST 4 WEEKS? ❑ Had at least one job interview (1) [Option removed in 2014, superseded by new Question JS18a] ❑ Contacted an employer directly online or through e-mail (1) [Option (2) in 2013] ❑ Contacted an employer directly through other means, including in-person (2) [Option (3) in 2013] ❑ Contacted an employment agency or career center, including a career center at a school or university (3) [Option (4) in 2013]",,Mapped by variable-name prefix to the local public Job Search codebook question family; suffixes preserve workbook-specific recodes or repeated options.
js6_search_associates_rc,"JS6 [All that reported searching within the last 4 weeks] [RC] [CA] [Options revised in 2014] What were ALL the things you have done to look for work during the LAST 4 WEEKS? ❑ Had at least one job interview (1) [Option removed in 2014, superseded by new Question JS18a] ❑ Contacted an employer directly online or through e-mail (1) [Option (2) in 2013] ❑ Contacted an employer directly through other means, including in-person (2) [Option (3) in 2013] ❑ Contacted an employment agency or career center, including a career center at a school or university (3) [Option (4) in 2013]",,Mapped by variable-name prefix to the local public Job Search codebook question family; suffixes preserve workbook-specific recodes or repeated options.
rw3b_pct_incr_relocation,"Job Search Supplement variable in the RW3B family; see workbook suffix for the recode, option, or repeated-field detail.",,Fallback family metadata from local Job Search codebook naming convention after public-file reformatting.
es7_selfemp_retirement_rc,"ES7 [Follow up, if ES1 = 2 (own a business)] [RC] [CA] [Options revised in 2014; see BENEFITS list in Appendix] Does your business provide any of the following benefits to any of your employees? [check all that apply] ❑ [See BENEFITS list in Appendix]",,Mapped by variable-name prefix to the local public Job Search codebook question family; suffixes preserve workbook-specific recodes or repeated options.
el4b_last_job_occupation,"Job Search Supplement variable in the EL4B family; see workbook suffix for the recode, option, or repeated-field detail.",,Fallback family metadata from local Job Search codebook naming convention after public-file reformatting.
el8_school_type_rc,"Job Search Supplement variable in the EL8 family; see workbook suffix for the recode, option, or repeated-field detail.",,Fallback family metadata from local Job Search codebook naming convention after public-file reformatting.
eo3_layoff_recall_next6mos,"EO3 [Temporary layoffs, plus non-employed up to 6 months that would like to work] (Earlier you mentioned that you have been out of work for the past [L8 answer] months.) Have you been given any indication that you will be recalled to work by your previous employer within the next 6 months?  Yes (1)  No (0)",,Mapped by variable-name prefix to the local public Job Search codebook question family; suffixes preserve workbook-specific recodes or repeated options.
eo12_l5yr_mos_family_oblig,EO12 [Follow up to EO11] You just mentioned that during the LAST 5 YEARS you spent [EO11 answer] months without a job. How many of these months were spent primarily... Looking for work: (1) ______________________________ months (1) Enrolled in school: (2) ______________________________ months (2) Not looking for work because no work was available: (3) ______________________________ months (3) Not looking for work because of disability or retirement: (4) ______________________________ months (4),,Mapped by variable-name prefix to the local public Job Search codebook question family; suffixes preserve workbook-specific recodes or repeated options.
rw2_reserv_earn_ann,"Job Search Supplement variable in the RW2 family; see workbook suffix for the recode, option, or repeated-field detail.",,Fallback family metadata from local Job Search codebook naming convention after public-file reformatting.
jh12bs_prev_job_industry_rc,"JH12b [Follow up, if JH12 = = {2, 3, 4} (non-government)] [RC] [Introduced in 2014] What kind of business or INDUSTRY was your previous employer in?  [See INDUSTRY list in Appendix]",,Mapped by variable-name prefix to the local public Job Search codebook question family; suffixes preserve workbook-specific recodes or repeated options.
js25b_referral_dont_know_rc,"JS25b [Follow up, if JS25 = {5, 6, or 7} (referral)] [RC] [Options revised in 2014] You just mentioned you learned about this job through a referral. What is the relationship between the person who provided the referral and this employer? ❑ The referrer is a manager or supervisor at this employer (1) ❑ The referrer is a non-supervisory worker at this employer (2) ❑ The referrer works at this employer in a similar level or position to mine (3) [Option removed after 2013] ❑ The referrer does not work at this employer but knows someone at this employer personally (3) [Option (4) in",,Mapped by variable-name prefix to the local public Job Search codebook question family; suffixes preserve workbook-specific recodes or repeated options.
l24_last_job_earn_wkly,"L24 [Not employed or on layoff and had previous employment] [Revised in 2014 to drop biweekly, monthly reporting options, which were imputed into weekly values in 2013] How much did you make, BEFORE taxes and other deductions, on your most recent job? Please include any bonuses, overtime pay, tips or commissions. (1) ______________________________ (reported as hourly, weekly, or annually)  [See INCOME BRACKETS list in the Appendix, for annual salaries reported as a range]",,Mapped by variable-name prefix to the local public Job Search codebook question family; suffixes preserve workbook-specific recodes or repeated options.
js25b_impute_fl,"JS25b [Follow up, if JS25 = {5, 6, or 7} (referral)] [RC] [Options revised in 2014] You just mentioned you learned about this job through a referral. What is the relationship between the person who provided the referral and this employer? ❑ The referrer is a manager or supervisor at this employer (1) ❑ The referrer is a non-supervisory worker at this employer (2) ❑ The referrer works at this employer in a similar level or position to mine (3) [Option removed after 2013] ❑ The referrer does not work at this employer but knows someone at this employer personally (3) [Option (4) in",,Mapped by variable-name prefix to the local public Job Search codebook question family; suffixes preserve workbook-specific recodes or repeated options.
js7a_search_interview_rc,"JS7 [All that reported searching within the last 4 weeks] And within the LAST 7 DAYS, about how many TOTAL hours did you spend on job search activities? Please round up to the nearest total number of hours. (1) ______________________________ hours",,Mapped by variable-name prefix to the local public Job Search codebook question family; suffixes preserve workbook-specific recodes or repeated options.
jh1_cpsj_offer_transfer_rc,"JH1 [All wage and salary earners, including those on layoff but excluding the self-employed] [RC] [CA] [Options revised in 2014 and 2016] How did you learn about your current job? [check all that apply] ❑ Found through the employer’s website (1) ❑ Inquired with the employer directly through other means, including in-person (2) ❑ Found through an employment agency (including the conversion from temporary to permanent work) (3) ❑ Referred by a friend or relative (4)",,Mapped by variable-name prefix to the local public Job Search codebook question family; suffixes preserve workbook-specific recodes or repeated options.
js27_accept_hours_rc,"JS27 [Follow up, if JS23 = 1 (accepted or will accept (best) offer)] [RC] [CA] [Options revised in 2014, 2016, and 2020] Think about the job that you have accepted or will accept. What characteristics of this job made it worth accepting? ❑ Pay is as good or better than expected (1) ❑ Benefits are as good or better than expected (2) ❑ Preferred work hours were offered (either full-time or flexible full or part time hours) (3) ❑ The commute time to work seems manageable (4)",,Mapped by variable-name prefix to the local public Job Search codebook question family; suffixes preserve workbook-specific recodes or repeated options.
js30_impute_fl,"JS30 [Follow up, if JS27 = 2 or JS29 = 2 (benefits were better than expected (inadequate))] [RC] [CA] [Options revised in 2014; see BENEFITS list in Appendix] You indicated above that the benefits offered are/were important in the decision to accept (reject) the job offer. Which of the following employer-provided benefits are/were important in your decision? ❑ [See BENEFITS list in Appendix]",,Mapped by variable-name prefix to the local public Job Search codebook question family; suffixes preserve workbook-specific recodes or repeated options.
jh1_cpsj_offer_union_rc,"JH1 [All wage and salary earners, including those on layoff but excluding the self-employed] [RC] [CA] [Options revised in 2014 and 2016] How did you learn about your current job? [check all that apply] ❑ Found through the employer’s website (1) ❑ Inquired with the employer directly through other means, including in-person (2) ❑ Found through an employment agency (including the conversion from temporary to permanent work) (3) ❑ Referred by a friend or relative (4)",,Mapped by variable-name prefix to the local public Job Search codebook question family; suffixes preserve workbook-specific recodes or repeated options.
js6_search_union_rc,"JS6 [All that reported searching within the last 4 weeks] [RC] [CA] [Options revised in 2014] What were ALL the things you have done to look for work during the LAST 4 WEEKS? ❑ Had at least one job interview (1) [Option removed in 2014, superseded by new Question JS18a] ❑ Contacted an employer directly online or through e-mail (1) [Option (2) in 2013] ❑ Contacted an employer directly through other means, including in-person (2) [Option (3) in 2013] ❑ Contacted an employment agency or career center, including a career center at a school or university (3) [Option (4) in 2013]",,Mapped by variable-name prefix to the local public Job Search codebook question family; suffixes preserve workbook-specific recodes or repeated options.
js22_offer_earn_ann,"JS22 [Follow up, if JS19 = 1 or JS19b = 1 (one job offer in last 4 weeks or 6 months)] [Introduced in 2014] What was the month and year that you received “this”/”your best” job offer? (1) ______________________________ (reported as YYYYMM) JSemp [Follow up, if JS19 >0 1 or JS19b > 1 (at least one job offer in last 4 weeks or 6 months)] Were you employed, either full-time or part-time, at the time you received this (your best) job offer?  Yes, full-time (1)  Yes, part-time (2)",,Mapped by variable-name prefix to the local public Job Search codebook question family; suffixes preserve workbook-specific recodes or repeated options.
js24a_offer_childcare,"JS24a [Follow up, if JS19 >0 1 or JS19b > 1 (at least one job offer in last 4 weeks or 6 months)] [CA] [Options revised in 2014] Please select the employer-provided benefits, if any, included in this (your best) offer. [check all that apply] ❑ Traditional pension plan (1) ❑ Employer contribution to a retirement account (2) ❑ Health insurance (3) ❑ Dental or vision insurance (4)",,Mapped by variable-name prefix to the local public Job Search codebook question family; suffixes preserve workbook-specific recodes or repeated options.
js7a_search_union_rc,"JS7 [All that reported searching within the last 4 weeks] And within the LAST 7 DAYS, about how many TOTAL hours did you spend on job search activities? Please round up to the nearest total number of hours. (1) ______________________________ hours",,Mapped by variable-name prefix to the local public Job Search codebook question family; suffixes preserve workbook-specific recodes or repeated options.
js26_offer_firm_size,"JS26 [Follow up, if JS19 >0 1 or JS19b > 1 (at least one job offer in last 4 weeks or 6 months)] For this (your best) job offer, roughly how many people work for this employer? Please include all locations where this employer operates.  [See EMPLOYER SIZE list in the Appendix]",,Mapped by variable-name prefix to the local public Job Search codebook question family; suffixes preserve workbook-specific recodes or repeated options.
jh1b_cpsj_refer_mgmt_rc,"JH1b [Follow up, if JH1 = {4, 5, or 6} (referral)] [RC] [CA] [Options revised in 2014] You just mentioned you learned about your current job through a referral. What was the relationship between the person who provided the referral and this employer? [check all that apply] ❑ The referrer was a manager or supervisor at this employer (1) ❑ The referrer was a non-supervisory worker at this employer (2) ❑ The referrer works at this employer in a similar level or position to mine (3) [Option removed after 2013] ❑ The referrer does not work at this employer but knows someone at this employer personally (3) [Option (4) in",,Mapped by variable-name prefix to the local public Job Search codebook question family; suffixes preserve workbook-specific recodes or repeated options.
jh1c_cpsj_refer_occup,"JH1c [Follow up, if JH1 = {4, 5, or 6} (referral)] [RC] (responses coded into 3-digit SOC codes) What was the OCCUPATION of the person who provided the referral? (for example: Electrical engineer, stock clerk, typist, farmer, ...) (1) ______________________________ (3-digit SOC code) ❑ 999999 = Don’t remember",,Mapped by variable-name prefix to the local public Job Search codebook question family; suffixes preserve workbook-specific recodes or repeated options.
jh8s_prev_job_qolbenefits_rc,"JH8 [Follow up, if JH2 = {1, 2, 3, 4, or 5} (reported prior or existing work history)] [RC] [CA] [Options revised in 2014] Did you receive any of the following employer-provided benefits at your PREVIOUS job? That is, the job you held before starting to work on your current job. ❑ Traditional pension plan (1) ❑ Employer contribution to a retirement account (for instance, a 401(k), 403(b) or IRA account) (2) ❑ Health insurance (3)",,Mapped by variable-name prefix to the local public Job Search codebook question family; suffixes preserve workbook-specific recodes or repeated options.
jh9_cps_job_start_earn_hrly,"JH9 [Employed only, including on layoff] [Revised in 2014 to drop biweekly, monthly reporting options, which were imputed into weekly values in 2013] And how much did you make when you STARTED your main/current job, before taxes and other deductions? Please include any bonuses, overtime pay, tips or commissions (1) ______________________________ (reported as hourly, weekly, or annually) ❑ 999999 = Don’t remember (included in hourly earnings variable)",,Mapped by variable-name prefix to the local public Job Search codebook question family; suffixes preserve workbook-specific recodes or repeated options.
js2a_search_commute_rc,"JS2a [Wage and salary earners, seeking a new job only] [RC] [CA] Why are you a looking for a new job? ❑ I have been given notice that I will lose my job (1) ❑ Not satisfied with pay or benefits on current job (2) ❑ Not satisfied with duties on current job (3) ❑ Unsuitable work hours on current job (4) ❑ Commuting distance is too long (5)",,Mapped by variable-name prefix to the local public Job Search codebook question family; suffixes preserve workbook-specific recodes or repeated options.
js22g_offer_earn_ann,"JS22g [Follow up, if JS19 >0 1 or JS19b > 1 (at least one job offer in last 4 weeks or 6 months)] [Asked as Question JS22 in 2013; revised in 2014 to drop biweekly, monthly reporting options, which were imputed into weekly values in 2013] What was the wage or salary offered (before taxes and other deductions) for this (your best) job offer? Please include any bonuses, overtime pay, tips or commissions. (1) ______________________________ (reported as hourly, weekly, or annually)",,Mapped by variable-name prefix to the local public Job Search codebook question family; suffixes preserve workbook-specific recodes or repeated options.
js6_search_employees_rc,"JS6 [All that reported searching within the last 4 weeks] [RC] [CA] [Options revised in 2014] What were ALL the things you have done to look for work during the LAST 4 WEEKS? ❑ Had at least one job interview (1) [Option removed in 2014, superseded by new Question JS18a] ❑ Contacted an employer directly online or through e-mail (1) [Option (2) in 2013] ❑ Contacted an employer directly through other means, including in-person (2) [Option (3) in 2013] ❑ Contacted an employment agency or career center, including a career center at a school or university (3) [Option (4) in 2013]",,Mapped by variable-name prefix to the local public Job Search codebook question family; suffixes preserve workbook-specific recodes or repeated options.
jh1b_cpsj_refer_knew_empl_rc,"JH1b [Follow up, if JH1 = {4, 5, or 6} (referral)] [RC] [CA] [Options revised in 2014] You just mentioned you learned about your current job through a referral. What was the relationship between the person who provided the referral and this employer? [check all that apply] ❑ The referrer was a manager or supervisor at this employer (1) ❑ The referrer was a non-supervisory worker at this employer (2) ❑ The referrer works at this employer in a similar level or position to mine (3) [Option removed after 2013] ❑ The referrer does not work at this employer but knows someone at this employer personally (3) [Option (4) in",,Mapped by variable-name prefix to the local public Job Search codebook question family; suffixes preserve workbook-specific recodes or repeated options.
jh10s_prev_job_earn_wkly,"JH10 [Follow up, if JH2 = {1, 2, 3, 4, 5, or 6} (reported prior or existing work history)] [Revised in 2014 to drop biweekly, monthly reporting options, which were imputed into weekly values in 2013] Please give your best estimate of how much you made, before taxes and other deductions, AT THE TIME YOU LEFT your previous job / at your previous job JUST PRIOR TO STARTING YOUR CURRENT JOB. Please include any bonuses, overtime pay, tips or commissions. (1) ______________________________ (reported as hourly, weekly, or annually) ❑ 999999 = Don’t remember (reported in hourly earnings variable)",,Mapped by variable-name prefix to the local public Job Search codebook question family; suffixes preserve workbook-specific recodes or repeated options.
js15_contacts_last4wks,"JS15 [All but self-employed] In the LAST 4 WEEKS, how many potential employers contacted you about a job opening? Please include all contacts, even those that were not solicited by you. (1) ______________________________ Employers",,Mapped by variable-name prefix to the local public Job Search codebook question family; suffixes preserve workbook-specific recodes or repeated options.
js25c_referral_occup,"JS25c [Follow up, if JS25 = {5, 6, or 7} (referral)] [RC] (responses coded into 3-digit SOC codes) What is the OCCUPATION of the person who provided the referral? (for example: Electrical engineer, stock clerk, typist, farmer, ...) (1) ______________________________ (3-digit SOC code) ❑ 999999 = Don’t remember",,Mapped by variable-name prefix to the local public Job Search codebook question family; suffixes preserve workbook-specific recodes or repeated options.
ec1a_impute_fl,"EC1a [Wage and salary earners only, including on layoff] [RC] In your main/current job, what type of employer do you work for?  Government (1)  Private-sector, for-profit company (2)  Non-profit organization (3)  Work in the family business (4)",,Mapped by variable-name prefix to the local public Job Search codebook question family; suffixes preserve workbook-specific recodes or repeated options.
tp6b_impute_fl,"TP6b [Follow up, if TP6 = 2 (no)] [RC] [CA] [Options revised in 2014 and 2020] Why haven’t you applied? ❑ Don’t think I am eligible (1) ❑ Don’t need the extra assistance at this time (2) ❑ Do not know how or where to apply for benefits (3) ❑ I prefer not to receive government assistance (4) ❑ I am retired (5) [Added as response option in 2014, recoded as (6) in 2013]",,Mapped by variable-name prefix to the local public Job Search codebook question family; suffixes preserve workbook-specific recodes or repeated options.
js2a_search_want_change_rc,"JS2a [Wage and salary earners, seeking a new job only] [RC] [CA] Why are you a looking for a new job? ❑ I have been given notice that I will lose my job (1) ❑ Not satisfied with pay or benefits on current job (2) ❑ Not satisfied with duties on current job (3) ❑ Unsuitable work hours on current job (4) ❑ Commuting distance is too long (5)",,Mapped by variable-name prefix to the local public Job Search codebook question family; suffixes preserve workbook-specific recodes or repeated options.
jh7_cpsj_benefits_chg,"JH7 [Follow up, if JH2 = {1, 2, 3, or 5} (reported prior work history)] Did accepting your main/current job reflect an increase, no change, or a decrease in your benefits received, compared to your previous job?  Increase (1)  No change (2)  Decrease (3)",,Mapped by variable-name prefix to the local public Job Search codebook question family; suffixes preserve workbook-specific recodes or repeated options.
es7_selfemp_commuting_rc,"ES7 [Follow up, if ES1 = 2 (own a business)] [RC] [CA] [Options revised in 2014; see BENEFITS list in Appendix] Does your business provide any of the following benefits to any of your employees? [check all that apply] ❑ [See BENEFITS list in Appendix]",,Mapped by variable-name prefix to the local public Job Search codebook question family; suffixes preserve workbook-specific recodes or repeated options.
js18a_interviews_last4wks,"JS18a [All except self-employed] [Introduced in 2014] Did you have any job interviews, including any informal interviews, in the LAST 4 WEEKS? ❑ Yes (1) ❑ No (2)",,Mapped by variable-name prefix to the local public Job Search codebook question family; suffixes preserve workbook-specific recodes or repeated options.
es7_impute_fl,"ES7 [Follow up, if ES1 = 2 (own a business)] [RC] [CA] [Options revised in 2014; see BENEFITS list in Appendix] Does your business provide any of the following benefits to any of your employees? [check all that apply] ❑ [See BENEFITS list in Appendix]",,Mapped by variable-name prefix to the local public Job Search codebook question family; suffixes preserve workbook-specific recodes or repeated options.
jh12e_prev_job_firm_size,"JH12e [Follow up, if JH12c = 1 (Multi-location business)] [Introduced in 2014] Counting ALL LOCATIONS where your previous employer operated, what is your best guess for the total number of persons who worked for your employer?  [See EMPLOYER SIZE list in the Appendix]",,Mapped by variable-name prefix to the local public Job Search codebook question family; suffixes preserve workbook-specific recodes or repeated options.
jh2bs_semp_wks_btwn_jobs,"JH2b [Follow up, if JH2 = {1, 2, 3, or 5} (reported prior work history)] How many weeks passed between the time when your previous job ended and the time when your current job started? Please enter 0 if you started your current job right after your previous job ended. (1) ______________________________ week(s) ❑ 999999 = Don’t remember",,Mapped by variable-name prefix to the local public Job Search codebook question family; suffixes preserve workbook-specific recodes or repeated options.
jh7s_semp_benefits_chg,"JH7 [Follow up, if JH2 = {1, 2, 3, or 5} (reported prior work history)] Did accepting your main/current job reflect an increase, no change, or a decrease in your benefits received, compared to your previous job?  Increase (1)  No change (2)  Decrease (3)",,Mapped by variable-name prefix to the local public Job Search codebook question family; suffixes preserve workbook-specific recodes or repeated options.
l18_cps_job_lifeins_rc,"L18 [Employed, wage and salary earners only, including on layoff] [RC] [CA] [Question only asked in 2013; replaced by Question L15 in 2014] Suppose 12 MONTHS FROM NOW you are working in the same (main) job as you do now. Which of the following employer-provided benefits do you think you will receive at your job 12 months from now? ❑ [See BENEFITS list in Appendix]",,Mapped by variable-name prefix to the local public Job Search codebook question family; suffixes preserve workbook-specific recodes or repeated options.
l7_days_spent_searching,"L7 [All respondents, searched within last 4 weeks] (all responses converted to days) How long have you been looking for a job? (1) ______________________________ day(s)",,Mapped by variable-name prefix to the local public Job Search codebook question family; suffixes preserve workbook-specific recodes or repeated options.
jh1b_cpsj_refer_knew_opening_rc,"JH1b [Follow up, if JH1 = {4, 5, or 6} (referral)] [RC] [CA] [Options revised in 2014] You just mentioned you learned about your current job through a referral. What was the relationship between the person who provided the referral and this employer? [check all that apply] ❑ The referrer was a manager or supervisor at this employer (1) ❑ The referrer was a non-supervisory worker at this employer (2) ❑ The referrer works at this employer in a similar level or position to mine (3) [Option removed after 2013] ❑ The referrer does not work at this employer but knows someone at this employer personally (3) [Option (4) in",,Mapped by variable-name prefix to the local public Job Search codebook question family; suffixes preserve workbook-specific recodes or repeated options.
jh1_cpsj_offer_dk_rc,"JH1 [All wage and salary earners, including those on layoff but excluding the self-employed] [RC] [CA] [Options revised in 2014 and 2016] How did you learn about your current job? [check all that apply] ❑ Found through the employer’s website (1) ❑ Inquired with the employer directly through other means, including in-person (2) ❑ Found through an employment agency (including the conversion from temporary to permanent work) (3) ❑ Referred by a friend or relative (4)",,Mapped by variable-name prefix to the local public Job Search codebook question family; suffixes preserve workbook-specific recodes or repeated options.
ec6_cps_job_reduced_earn_rc,"EC6 [Wage and salary earners only, including on layoff] [RC] At your main/current job, has your employer ever reduced your hourly wage, salary or hours because of slack demand or other difficult conditions for the business?  Yes, a reduction in hours (1)  Yes, a reduction in hourly wage (2)  Yes, a reduction in overall salary for the same number of hours (3)  No reduction in salary or hourly wage (5)",,Mapped by variable-name prefix to the local public Job Search codebook question family; suffixes preserve workbook-specific recodes or repeated options.
es1_selfemp_fambusiness_rc,ES1 [Self-employed only] [RC] [Revised response options in 2014] Which of the following describe your status as a self-employed individual? ❑ I work as an independent contractor / consultant / freelancer (1) ❑ I own a business where I am the only employee (2) [Revised in 2014 to add “where I am the only employee”] ❑ I own a business where I employ at least one other person (3) [Option added in 2014] ❑ I work in the family business (4) [Option (3) in 2013],,Mapped by variable-name prefix to the local public Job Search codebook question family; suffixes preserve workbook-specific recodes or repeated options.
js25b_referral_empl_rc,"JS25b [Follow up, if JS25 = {5, 6, or 7} (referral)] [RC] [Options revised in 2014] You just mentioned you learned about this job through a referral. What is the relationship between the person who provided the referral and this employer? ❑ The referrer is a manager or supervisor at this employer (1) ❑ The referrer is a non-supervisory worker at this employer (2) ❑ The referrer works at this employer in a similar level or position to mine (3) [Option removed after 2013] ❑ The referrer does not work at this employer but knows someone at this employer personally (3) [Option (4) in",,Mapped by variable-name prefix to the local public Job Search codebook question family; suffixes preserve workbook-specific recodes or repeated options.
js6_search_online_contact_rc,"JS6 [All that reported searching within the last 4 weeks] [RC] [CA] [Options revised in 2014] What were ALL the things you have done to look for work during the LAST 4 WEEKS? ❑ Had at least one job interview (1) [Option removed in 2014, superseded by new Question JS18a] ❑ Contacted an employer directly online or through e-mail (1) [Option (2) in 2013] ❑ Contacted an employer directly through other means, including in-person (2) [Option (3) in 2013] ❑ Contacted an employment agency or career center, including a career center at a school or university (3) [Option (4) in 2013]",,Mapped by variable-name prefix to the local public Job Search codebook question family; suffixes preserve workbook-specific recodes or repeated options.
eo6_multi_job_usual_hrs,"EO6 [If L2a or L2b > 1 (multiple-jobholders)] You indicated that you currently have more than one job. Outside of your main job, how many hours per week do you USUALLY work in your other job(s)? (1) ______________________________ hours per week",,Mapped by variable-name prefix to the local public Job Search codebook question family; suffixes preserve workbook-specific recodes or repeated options.
l1_lfs_rc,"L1. [If L1a = 3] [RC] [Revised in 2014 and 2020; split into Questions L1a, L1 in 2014] You said that you are not currently working for pay. Which of the following BEST describes your current employment situation? ❑ Yes, working for pay full-time [(Option (1) in 2013, moved to L1a afterward] ❑ Yes, working for pay part-time [Option (2) in 2013, moved to L1a afterward] ❑ Not working, but would like to work (1) [Option (3) in 2013] ❑ Temporarily laid off or on furlough (2) [Option (4) in 2013; “or on furlough” added in 2020] ❑ On sick leave or other temporary personal leave (3) [Option (5) in 2013; “personal” added in 2020]",,Mapped by variable-name prefix to the local public Job Search codebook question family; suffixes preserve workbook-specific recodes or repeated options.
l18_cps_job_flexspend_rc,"L18 [Employed, wage and salary earners only, including on layoff] [RC] [CA] [Question only asked in 2013; replaced by Question L15 in 2014] Suppose 12 MONTHS FROM NOW you are working in the same (main) job as you do now. Which of the following employer-provided benefits do you think you will receive at your job 12 months from now? ❑ [See BENEFITS list in Appendix]",,Mapped by variable-name prefix to the local public Job Search codebook question family; suffixes preserve workbook-specific recodes or repeated options.
js22_offer_earn_hrly,"JS22 [Follow up, if JS19 = 1 or JS19b = 1 (one job offer in last 4 weeks or 6 months)] [Introduced in 2014] What was the month and year that you received “this”/”your best” job offer? (1) ______________________________ (reported as YYYYMM) JSemp [Follow up, if JS19 >0 1 or JS19b > 1 (at least one job offer in last 4 weeks or 6 months)] Were you employed, either full-time or part-time, at the time you received this (your best) job offer?  Yes, full-time (1)  Yes, part-time (2)",,Mapped by variable-name prefix to the local public Job Search codebook question family; suffixes preserve workbook-specific recodes or repeated options.
js29_impute_fl,"JS29 [Follow up, if JS23 = 2 (rejected or will reject (best) offer)] [RC] [CA] [Options revised in 2014 and 2020] You indicated that you rejected or will reject the (best) job offer that you listed above. What characteristics of this job offer caused/will cause you to reject it? ❑ Pay was inadequate (1) ❑ Benefits were inadequate (2) ❑ Unsuitable work hours (3) ❑ Commute time would be too long (4)",,Mapped by variable-name prefix to the local public Job Search codebook question family; suffixes preserve workbook-specific recodes or repeated options.
js27_accept_covid_issues_rc,"JS27 [Follow up, if JS23 = 1 (accepted or will accept (best) offer)] [RC] [CA] [Options revised in 2014, 2016, and 2020] Think about the job that you have accepted or will accept. What characteristics of this job made it worth accepting? ❑ Pay is as good or better than expected (1) ❑ Benefits are as good or better than expected (2) ❑ Preferred work hours were offered (either full-time or flexible full or part time hours) (3) ❑ The commute time to work seems manageable (4)",,Mapped by variable-name prefix to the local public Job Search codebook question family; suffixes preserve workbook-specific recodes or repeated options.
married,Indicator for whether respondent is married or living with a partner.,,Manual metadata from demographic section of local Job Search codebook PDF.
js27_accept_promotions_rc,"JS27 [Follow up, if JS23 = 1 (accepted or will accept (best) offer)] [RC] [CA] [Options revised in 2014, 2016, and 2020] Think about the job that you have accepted or will accept. What characteristics of this job made it worth accepting? ❑ Pay is as good or better than expected (1) ❑ Benefits are as good or better than expected (2) ❑ Preferred work hours were offered (either full-time or flexible full or part time hours) (3) ❑ The commute time to work seems manageable (4)",,Mapped by variable-name prefix to the local public Job Search codebook question family; suffixes preserve workbook-specific recodes or repeated options.
jh8_prev_job_lifeins_rc,"JH8 [Follow up, if JH2 = {1, 2, 3, 4, or 5} (reported prior or existing work history)] [RC] [CA] [Options revised in 2014] Did you receive any of the following employer-provided benefits at your PREVIOUS job? That is, the job you held before starting to work on your current job. ❑ Traditional pension plan (1) ❑ Employer contribution to a retirement account (for instance, a 401(k), 403(b) or IRA account) (2) ❑ Health insurance (3)",,Mapped by variable-name prefix to the local public Job Search codebook question family; suffixes preserve workbook-specific recodes or repeated options.
jh12aself_prev_job_govt_type,"JH12aself [Follow up, if JH12self = 1 (government)] [RC] [Introduced in 2014] Would this be the federal, state, or local government? ❑ Federal (1) ❑ State (2) ❑ Local (3)",,Mapped by variable-name prefix to the local public Job Search codebook question family; suffixes preserve workbook-specific recodes or repeated options.
l6b_emp_might_want_new_work,"L6b [Follow up, if L6 = 2 (no search in last 4 weeks] Would you want a new job, either full-time or part-time, if one was offered to you?  Yes (1)  Maybe, depending on the job and circumstances (2)  No (3)",,Mapped by variable-name prefix to the local public Job Search codebook question family; suffixes preserve workbook-specific recodes or repeated options.
es4_selfemp_firm_size,"ES4 [Follow up, if ES1 = 2 (own a business)] Excluding yourself, how many paid employees does your business usually have? (1) ______________________________ employees",,Mapped by variable-name prefix to the local public Job Search codebook question family; suffixes preserve workbook-specific recodes or repeated options.
js18_offers_any,"JS18 [Follow up, if JS15 > 0 (at least one employer contact)] Did ANY of the contacts from potential employers result in a job offer?  Yes (1)  Not yet, but an offer is pending (2)  No (3)",,Mapped by variable-name prefix to the local public Job Search codebook question family; suffixes preserve workbook-specific recodes or repeated options.
js7a_impute_fl,"JS7 [All that reported searching within the last 4 weeks] And within the LAST 7 DAYS, about how many TOTAL hours did you spend on job search activities? Please round up to the nearest total number of hours. (1) ______________________________ hours",,Mapped by variable-name prefix to the local public Job Search codebook question family; suffixes preserve workbook-specific recodes or repeated options.
js24a_offer_housing,"JS24a [Follow up, if JS19 >0 1 or JS19b > 1 (at least one job offer in last 4 weeks or 6 months)] [CA] [Options revised in 2014] Please select the employer-provided benefits, if any, included in this (your best) offer. [check all that apply] ❑ Traditional pension plan (1) ❑ Employer contribution to a retirement account (2) ❑ Health insurance (3) ❑ Dental or vision insurance (4)",,Mapped by variable-name prefix to the local public Job Search codebook question family; suffixes preserve workbook-specific recodes or repeated options.
js31b_offer_knew_pay,"JS31b [Follow up, if JS19 >0 1 or JS19b > 1 (at least one job offer in last 4 weeks or 6 months)] Consider again your (best) job offer. At the time that you were first interviewed for this job, did you already know exactly how much it would pay, had a pretty good idea of how much it would pay, or had very little idea of how much it would pay if you got it?  Knew exactly what it would pay (1)  Had a good idea (2)  Had very little idea (3)",,Mapped by variable-name prefix to the local public Job Search codebook question family; suffixes preserve workbook-specific recodes or repeated options.
l9_cps_job_start_date,"L9 [Employed only, including on layoff] What was the month and year that you started working at your main/current job? (1) ______________________________ (reported as YYYYMM) 5",,Mapped by variable-name prefix to the local public Job Search codebook question family; suffixes preserve workbook-specific recodes or repeated options.
el3c_last_job_firm_size,"Job Search Supplement variable in the EL3C family; see workbook suffix for the recode, option, or repeated-field detail.",,Fallback family metadata from local Job Search codebook naming convention after public-file reformatting.
jh12a_impute_fl,"JH12a. [Follow up, if JH12 = 1 (government)] [RC] [Introduced in 2014] Would this be the federal, state, or local government? ❑ Federal (1) ❑ State (2) ❑ Local (3)",,Mapped by variable-name prefix to the local public Job Search codebook question family; suffixes preserve workbook-specific recodes or repeated options.
l18_cps_job_dental_rc,"L18 [Employed, wage and salary earners only, including on layoff] [RC] [CA] [Question only asked in 2013; replaced by Question L15 in 2014] Suppose 12 MONTHS FROM NOW you are working in the same (main) job as you do now. Which of the following employer-provided benefits do you think you will receive at your job 12 months from now? ❑ [See BENEFITS list in Appendix]",,Mapped by variable-name prefix to the local public Job Search codebook question family; suffixes preserve workbook-specific recodes or repeated options.
jh1_cpsj_offer_temp_job_rc,"JH1 [All wage and salary earners, including those on layoff but excluding the self-employed] [RC] [CA] [Options revised in 2014 and 2016] How did you learn about your current job? [check all that apply] ❑ Found through the employer’s website (1) ❑ Inquired with the employer directly through other means, including in-person (2) ❑ Found through an employment agency (including the conversion from temporary to permanent work) (3) ❑ Referred by a friend or relative (4)",,Mapped by variable-name prefix to the local public Job Search codebook question family; suffixes preserve workbook-specific recodes or repeated options.
js25_offer_empl_website_rc,"JS25 [Follow up, if JS19 >0 1 or JS19b > 1 (at least one job offer in last 4 weeks or 6 months)] [RC] [CA] [Options revised in 2016] For this (your best) job offer, how did you learn about this job? [check all that apply] I learned about this job from: ❑ Found through the employer’s website (1) ❑ Inquired with the employer directly through other means, including in-person (2)",,Mapped by variable-name prefix to the local public Job Search codebook question family; suffixes preserve workbook-specific recodes or repeated options.
js29_reject_promotions_rc,"JS29 [Follow up, if JS23 = 2 (rejected or will reject (best) offer)] [RC] [CA] [Options revised in 2014 and 2020] You indicated that you rejected or will reject the (best) job offer that you listed above. What characteristics of this job offer caused/will cause you to reject it? ❑ Pay was inadequate (1) ❑ Benefits were inadequate (2) ❑ Unsuitable work hours (3) ❑ Commute time would be too long (4)",,Mapped by variable-name prefix to the local public Job Search codebook question family; suffixes preserve workbook-specific recodes or repeated options.
jh8s_prev_job_housing_rc,"JH8 [Follow up, if JH2 = {1, 2, 3, 4, or 5} (reported prior or existing work history)] [RC] [CA] [Options revised in 2014] Did you receive any of the following employer-provided benefits at your PREVIOUS job? That is, the job you held before starting to work on your current job. ❑ Traditional pension plan (1) ❑ Employer contribution to a retirement account (for instance, a 401(k), 403(b) or IRA account) (2) ❑ Health insurance (3)",,Mapped by variable-name prefix to the local public Job Search codebook question family; suffixes preserve workbook-specific recodes or repeated options.
jh8s_prev_job_lifeins_rc,"JH8 [Follow up, if JH2 = {1, 2, 3, 4, or 5} (reported prior or existing work history)] [RC] [CA] [Options revised in 2014] Did you receive any of the following employer-provided benefits at your PREVIOUS job? That is, the job you held before starting to work on your current job. ❑ Traditional pension plan (1) ❑ Employer contribution to a retirement account (for instance, a 401(k), 403(b) or IRA account) (2) ❑ Health insurance (3)",,Mapped by variable-name prefix to the local public Job Search codebook question family; suffixes preserve workbook-specific recodes or repeated options.
es1_selfemp_contractor_rc,ES1 [Self-employed only] [RC] [Revised response options in 2014] Which of the following describe your status as a self-employed individual? ❑ I work as an independent contractor / consultant / freelancer (1) ❑ I own a business where I am the only employee (2) [Revised in 2014 to add “where I am the only employee”] ❑ I own a business where I employ at least one other person (3) [Option added in 2014] ❑ I work in the family business (4) [Option (3) in 2013],,Mapped by variable-name prefix to the local public Job Search codebook question family; suffixes preserve workbook-specific recodes or repeated options.
tp6b_no_ui_retired_rc,"TP6b [Follow up, if TP6 = 2 (no)] [RC] [CA] [Options revised in 2014 and 2020] Why haven’t you applied? ❑ Don’t think I am eligible (1) ❑ Don’t need the extra assistance at this time (2) ❑ Do not know how or where to apply for benefits (3) ❑ I prefer not to receive government assistance (4) ❑ I am retired (5) [Added as response option in 2014, recoded as (6) in 2013]",,Mapped by variable-name prefix to the local public Job Search codebook question family; suffixes preserve workbook-specific recodes or repeated options.
js25_offer_temp_job_rc,"JS25 [Follow up, if JS19 >0 1 or JS19b > 1 (at least one job offer in last 4 weeks or 6 months)] [RC] [CA] [Options revised in 2016] For this (your best) job offer, how did you learn about this job? [check all that apply] I learned about this job from: ❑ Found through the employer’s website (1) ❑ Inquired with the employer directly through other means, including in-person (2)",,Mapped by variable-name prefix to the local public Job Search codebook question family; suffixes preserve workbook-specific recodes or repeated options.
jh5b_cpsj_hrs_chg_amount,"JH5b [Follow up, if JH2 = {1, 2, 3, 4, or 5} (reported prior or existing work history)] [Question revised in 2014] How many hours per week did you USUALLY work at your PREVIOUS job? That is, the job you had immediately before your current job? [Was “By how much did your weekly hours increase (decrease)? Please give your best guess.” In 2013; followed up JH5 if (follow up if JH5 = {1,3} (increase or decrease in hours)] (1) ______________________________ hours per week 32",,Mapped by variable-name prefix to the local public Job Search codebook question family; suffixes preserve workbook-specific recodes or repeated options.
js1c_is_whypt_covid,"JS1c. [All respondents with JS1b = {1, 2, 7, 8, 9} (all those looking for PT work because of child care, health, flexibility, income, or other).] [Introduced in 2020] Are your reasons for only looking for part-time work related to the coronavirus pandemic or related restrictions on activity or business operations?  Yes, I am/have been ill with coronavirus symptoms (1)  Yes, I am/have been caring for someone with coronavirus symptoms (2)  Yes, I have added child care or other family obligations (3)",,Mapped by variable-name prefix to the local public Job Search codebook question family; suffixes preserve workbook-specific recodes or repeated options.
jh15d_cpsj_refer_employee,"JH15d [Follow up, if JH15c > 0] [Asked as question JH15c in 2013] How many of these were a referral from… A friend or relative _________ A former co-worker, supervisor, teacher, or business associate _________ A current employee at that company _________ ❑ 999999 = Don’t remember",,Mapped by variable-name prefix to the local public Job Search codebook question family; suffixes preserve workbook-specific recodes or repeated options.
jh15d_cpsj_refer_friend,"JH15d [Follow up, if JH15c > 0] [Asked as question JH15c in 2013] How many of these were a referral from… A friend or relative _________ A former co-worker, supervisor, teacher, or business associate _________ A current employee at that company _________ ❑ 999999 = Don’t remember",,Mapped by variable-name prefix to the local public Job Search codebook question family; suffixes preserve workbook-specific recodes or repeated options.
jh2ds_semp_adv_notice_mos,"JH2d [Follow up, if JH2c = 1 (advance notice of separation)] How many months before you were to have lost your job did you receive that notice? (1) ______________________________ month(s) ❑ 999999 = Don’t remember",,Mapped by variable-name prefix to the local public Job Search codebook question family; suffixes preserve workbook-specific recodes or repeated options.
rw6b_pct_incr_hours,"Job Search Supplement variable in the RW6B family; see workbook suffix for the recode, option, or repeated-field detail.",,Fallback family metadata from local Job Search codebook naming convention after public-file reformatting.
es1_selfemp_status_recode,ES1 [Self-employed only] [RC] [Revised response options in 2014] Which of the following describe your status as a self-employed individual? ❑ I work as an independent contractor / consultant / freelancer (1) ❑ I own a business where I am the only employee (2) [Revised in 2014 to add “where I am the only employee”] ❑ I own a business where I employ at least one other person (3) [Option added in 2014] ❑ I work in the family business (4) [Option (3) in 2013],,Mapped by variable-name prefix to the local public Job Search codebook question family; suffixes preserve workbook-specific recodes or repeated options.
jh8_prev_job_childcare_rc,"JH8 [Follow up, if JH2 = {1, 2, 3, 4, or 5} (reported prior or existing work history)] [RC] [CA] [Options revised in 2014] Did you receive any of the following employer-provided benefits at your PREVIOUS job? That is, the job you held before starting to work on your current job. ❑ Traditional pension plan (1) ❑ Employer contribution to a retirement account (for instance, a 401(k), 403(b) or IRA account) (2) ❑ Health insurance (3)",,Mapped by variable-name prefix to the local public Job Search codebook question family; suffixes preserve workbook-specific recodes or repeated options.
el5_last_fulltime,"Job Search Supplement variable in the EL5 family; see workbook suffix for the recode, option, or repeated-field detail.",,Fallback family metadata from local Job Search codebook naming convention after public-file reformatting.
hh5_spouse_trnpmt_unemp_ins,"HH5 [If Q38 = 1 (married or partner present)] [CA] [Options revised in 2014] In the LAST 4 WEEKS, did your spouse/partner receive any of the following payments? ❑ Social Security, SSI, or other retirement payments (1) ❑ Temporary Aid to Needy Families (TANF) (2) ❑ Food stamps or the Supplemental Nutrition Assistance Program (SNAP) (3) ❑ Unemployment Insurance compensation (4) ❑ Severance pay (11)",,Mapped by variable-name prefix to the local public Job Search codebook question family; suffixes preserve workbook-specific recodes or repeated options.
tp1_trnfr_pmt_child_support,"TP1 [All respondents] [CA] [Options revised in 2014 and 2020] In the LAST 4 WEEKS, have you received any of the following payments? [check all that apply] ❑ Social Security, SSI, or other retirement payments (1) ❑ Temporary Aid to Needy Families (TANF) (2) ❑ Food stamps or the Supplemental Nutrition Assistance Program (SNAP) (3) ❑ Unemployment Insurance compensation, , including any Pandemic Unemployment Assistance (PUA) or similar unemployment benefits (4) [Added “, including any Pandemic Unemployment Assistance (PUA) or similar",,Mapped by variable-name prefix to the local public Job Search codebook question family; suffixes preserve workbook-specific recodes or repeated options.
eo10_l5yr_ended_reorg,"EO10 [Follow up, if EO7 > 0] You mentioned you worked at [EO7 answer] total jobs in the LAST 5 YEARS. How many of these jobs... Did you work at for at least 2 weeks? (1) ______________________________ Were full-time jobs of at least 35 hours per week? (2) ______________________________ Were temporary or seasonal jobs? (3) ______________________________ Ended because of slow or poor business conditions? (4) ______________________________ Ended because of performance-related reasons? (5) ______________________________",,Mapped by variable-name prefix to the local public Job Search codebook question family; suffixes preserve workbook-specific recodes or repeated options.
l25_last_job_housing_rc,"L25 [Follow up, if L25self = 1 (wage and salary employment)] [RC] [CA] [Options revised in 2014; see BENEFITS list in Appendix] Did you receive any of the following employer-provided benefits at your most recent job? ❑ [See BENEFITS list in Appendix] 7",,Mapped by variable-name prefix to the local public Job Search codebook question family; suffixes preserve workbook-specific recodes or repeated options.
l18_cps_job_healthins_rc,"L18 [Employed, wage and salary earners only, including on layoff] [RC] [CA] [Question only asked in 2013; replaced by Question L15 in 2014] Suppose 12 MONTHS FROM NOW you are working in the same (main) job as you do now. Which of the following employer-provided benefits do you think you will receive at your job 12 months from now? ❑ [See BENEFITS list in Appendix]",,Mapped by variable-name prefix to the local public Job Search codebook question family; suffixes preserve workbook-specific recodes or repeated options.
js14_applied_last4wks,"JS14 [All but self-employed] How many potential employers, if any, did you apply to for employment within the LAST 4 WEEKS? Please include all applications made in person, online, or through other direct methods. Do not include inquiries that did not lead to a job application. I applied to (1) ______________________________ employers",,Mapped by variable-name prefix to the local public Job Search codebook question family; suffixes preserve workbook-specific recodes or repeated options.
jh1_cpsj_offer_refer_friend_rc,"JH1 [All wage and salary earners, including those on layoff but excluding the self-employed] [RC] [CA] [Options revised in 2014 and 2016] How did you learn about your current job? [check all that apply] ❑ Found through the employer’s website (1) ❑ Inquired with the employer directly through other means, including in-person (2) ❑ Found through an employment agency (including the conversion from temporary to permanent work) (3) ❑ Referred by a friend or relative (4)",,Mapped by variable-name prefix to the local public Job Search codebook question family; suffixes preserve workbook-specific recodes or repeated options.
jh15c_cpsj_refer_friend,"JH15c [Follow up, if JH15 > 0 (at least one contact)] [Introduced in 2014; reflects split of original question",,Mapped by variable-name prefix to the local public Job Search codebook question family; suffixes preserve workbook-specific recodes or repeated options.
l20_last_job_end_date,L20 [Not employed or on layoff and had previous employment] What month and year did you last work at your most recent job? (1) ______________________________ (reported as YYYYMM),,Mapped by variable-name prefix to the local public Job Search codebook question family; suffixes preserve workbook-specific recodes or repeated options.
l10b_is_teleworking,"L10b. [All respondents with L1a = {1 or 2} (all employed, excluding those on layoff or on leave).] [Introduced in 2020] Are you currently teleworking (working from home)?  Yes, all of my work is done while teleworking and I had the same telework schedule prior to March 13, 2020 (1)  Yes, all of my work is done while teleworking, but I only teleworked occasionally prior to March 13, 2020 (2)  Yes, all of my work is done while teleworking, and I did not telework at all prior to March 13, 2020 (3)  My work involves a mix of teleworking and working outside of my home, but my work involved at least some",,Mapped by variable-name prefix to the local public Job Search codebook question family; suffixes preserve workbook-specific recodes or repeated options.
el3a_last_job_multi_firm,"Job Search Supplement variable in the EL3A family; see workbook suffix for the recode, option, or repeated-field detail.",,Fallback family metadata from local Job Search codebook naming convention after public-file reformatting.
el7_addl_schooling,"Job Search Supplement variable in the EL7 family; see workbook suffix for the recode, option, or repeated-field detail.",,Fallback family metadata from local Job Search codebook naming convention after public-file reformatting.
el6_last_job_commute_time,"Job Search Supplement variable in the EL6 family; see workbook suffix for the recode, option, or repeated-field detail.",,Fallback family metadata from local Job Search codebook naming convention after public-file reformatting.
ec11_cps_job_skill_fit,"EC11 [Wage and salary earners only, including on layoff] [Introduced in 2014] On a scale from 1 to 7, how well do you think this job fits your experience and skills?  Very poor fit (1)  (2)  (3)  (4)",,Mapped by variable-name prefix to the local public Job Search codebook question family; suffixes preserve workbook-specific recodes or repeated options.
js27_accept_pay_rc,"JS27 [Follow up, if JS23 = 1 (accepted or will accept (best) offer)] [RC] [CA] [Options revised in 2014, 2016, and 2020] Think about the job that you have accepted or will accept. What characteristics of this job made it worth accepting? ❑ Pay is as good or better than expected (1) ❑ Benefits are as good or better than expected (2) ❑ Preferred work hours were offered (either full-time or flexible full or part time hours) (3) ❑ The commute time to work seems manageable (4)",,Mapped by variable-name prefix to the local public Job Search codebook question family; suffixes preserve workbook-specific recodes or repeated options.
hh1c_health_cov_priv_plan_rc,"HH1c [Non-employed and self employed only, L14self = 1 (reported health insurance)] [RC] [CA] [Options revised in 2014] Earlier, you indicated that you currently have health insurance coverage. What is the source of your health insurance coverage? [check all that apply] I have coverage through: ❑ a previous employer (1)",,Mapped by variable-name prefix to the local public Job Search codebook question family; suffixes preserve workbook-specific recodes or repeated options.
js30_offer_pension_rc,"JS30 [Follow up, if JS27 = 2 or JS29 = 2 (benefits were better than expected (inadequate))] [RC] [CA] [Options revised in 2014; see BENEFITS list in Appendix] You indicated above that the benefits offered are/were important in the decision to accept (reject) the job offer. Which of the following employer-provided benefits are/were important in your decision? ❑ [See BENEFITS list in Appendix]",,Mapped by variable-name prefix to the local public Job Search codebook question family; suffixes preserve workbook-specific recodes or repeated options.
ec2a_cps_job_occupation,"EC2a [Wage and salary earners only, including on layoff] [RC] (responses coded into 3-digit SOC codes) What kind of work do you do, that is, what is your OCCUPATION on your main/current job? (for example: Electrical engineer, stock clerk, typist, farmer, ...). (1) ______________________________ (3-digit SOC code)",,Mapped by variable-name prefix to the local public Job Search codebook question family; suffixes preserve workbook-specific recodes or repeated options.
rw1a_desired_hours,"Job Search Supplement variable in the RW1A family; see workbook suffix for the recode, option, or repeated-field detail.",,Fallback family metadata from local Job Search codebook naming convention after public-file reformatting.
eo10_l5yr_fulltime,"EO10 [Follow up, if EO7 > 0] You mentioned you worked at [EO7 answer] total jobs in the LAST 5 YEARS. How many of these jobs... Did you work at for at least 2 weeks? (1) ______________________________ Were full-time jobs of at least 35 hours per week? (2) ______________________________ Were temporary or seasonal jobs? (3) ______________________________ Ended because of slow or poor business conditions? (4) ______________________________ Ended because of performance-related reasons? (5) ______________________________",,Mapped by variable-name prefix to the local public Job Search codebook question family; suffixes preserve workbook-specific recodes or repeated options.
js18b_numinterviews_last4wks,JS18b [if JS18a = 1 (at least one interview)] ] [Introduced in 2014] How many job interviews did you have in the LAST 4 WEEKS? (1) __________________ job interviews,,Mapped by variable-name prefix to the local public Job Search codebook question family; suffixes preserve workbook-specific recodes or repeated options.
js26h_offer_job_duties_change,"JS26h. [Follow up, if job offer is by same employer at time of offer] [Introduced in 2017] ‘Does this job offer require’/’Would this job offer have required’ a change in your typical activities and job duties?  Yes, my typical activities and job duties would ‘change’/’have changed’ (1)  No, my typical activities and job duties would ‘be’/’have been’ similar to before (2)",,Mapped by variable-name prefix to the local public Job Search codebook question family; suffixes preserve workbook-specific recodes or repeated options.
hh8_hrs_on_online_learn,HH8. [All respondents with HH6 = {1 or 2} (any household children in school).] [Introduced in 2020] About how many hours in the LAST 7 DAYS did you spend on helping children in the household with online/distance-learning or some similar out-of-classroom format? ^NumericOnly(’EO1_1’)^ (1) ______________________________ hours (1),,Mapped by variable-name prefix to the local public Job Search codebook question family; suffixes preserve workbook-specific recodes or repeated options.
ec3b_cps_job_estab_size,"EC3b [Wage and salary earners only, including on layoff] How many paid employees does your employer’s business at your main/current job usually have AT YOUR USUAL PLACE OF WORK?  [See EMPLOYER SIZE list in the Appendix]",,Mapped by variable-name prefix to the local public Job Search codebook question family; suffixes preserve workbook-specific recodes or repeated options.
jh2e_why_quit_prev_commute_rc,"JH2e - JH2e [Follow up, if JH2 = 2 (quit previous job)] [Introduced in 2015] Why did you quit your previous job? Check all that apply  My current job offered higher earnings and/or better benefits than my previous job (1)  My current job offered better hours than my previous job (2)  My current job is a better fit for my skills than my previous job (3)  My current job requires a shorter commute to work (4)",,Mapped by variable-name prefix to the local public Job Search codebook question family; suffixes preserve workbook-specific recodes or repeated options.
eo12_l5yr_mos_inschool,EO12 [Follow up to EO11] You just mentioned that during the LAST 5 YEARS you spent [EO11 answer] months without a job. How many of these months were spent primarily... Looking for work: (1) ______________________________ months (1) Enrolled in school: (2) ______________________________ months (2) Not looking for work because no work was available: (3) ______________________________ months (3) Not looking for work because of disability or retirement: (4) ______________________________ months (4),,Mapped by variable-name prefix to the local public Job Search codebook question family; suffixes preserve workbook-specific recodes or repeated options.
js22g_offer_earn_wkly,"JS22g [Follow up, if JS19 >0 1 or JS19b > 1 (at least one job offer in last 4 weeks or 6 months)] [Asked as Question JS22 in 2013; revised in 2014 to drop biweekly, monthly reporting options, which were imputed into weekly values in 2013] What was the wage or salary offered (before taxes and other deductions) for this (your best) job offer? Please include any bonuses, overtime pay, tips or commissions. (1) ______________________________ (reported as hourly, weekly, or annually)",,Mapped by variable-name prefix to the local public Job Search codebook question family; suffixes preserve workbook-specific recodes or repeated options.
l11_cps_job_earn_ann,"L11 [Employed only, including on layoff] [Revised in 2014 to drop biweekly, monthly reporting options, which were imputed into weekly values in 2013] How much do you make BEFORE taxes or other deductions at your main/current job? Please include any bonuses, overtime pay, tips or commissions. (1) ______________________________ (reported as hourly, weekly, or annually)  [See INCOME BRACKETS list in the Appendix, for annual salaries reported as a range]",,Mapped by variable-name prefix to the local public Job Search codebook question family; suffixes preserve workbook-specific recodes or repeated options.
jh1s_semp_choice_gained_bus_rc,"JH1 [All wage and salary earners, including those on layoff but excluding the self-employed] [RC] [CA] [Options revised in 2014 and 2016] How did you learn about your current job? [check all that apply] ❑ Found through the employer’s website (1) ❑ Inquired with the employer directly through other means, including in-person (2) ❑ Found through an employment agency (including the conversion from temporary to permanent work) (3) ❑ Referred by a friend or relative (4)",,Mapped by variable-name prefix to the local public Job Search codebook question family; suffixes preserve workbook-specific recodes or repeated options.
hh1b_impute_fl,"HH1b [Follow up, if HH1a = 1 (yes)] [RC] [CA] [Options revised in 2014 and 2016] What is the source of your health insurance coverage? [check all that apply] I have coverage through: ❑ a previous employer (1) ❑ my spouse/partner’s health insurance (2) ❑ my parents’ health insurance (3)",,Mapped by variable-name prefix to the local public Job Search codebook question family; suffixes preserve workbook-specific recodes or repeated options.
l25_last_job_commuting_rc,"L25 [Follow up, if L25self = 1 (wage and salary employment)] [RC] [CA] [Options revised in 2014; see BENEFITS list in Appendix] Did you receive any of the following employer-provided benefits at your most recent job? ❑ [See BENEFITS list in Appendix] 7",,Mapped by variable-name prefix to the local public Job Search codebook question family; suffixes preserve workbook-specific recodes or repeated options.
jh5b_prev_job_usual_hrs,"JH5b [Follow up, if JH2 = {1, 2, 3, 4, or 5} (reported prior or existing work history)] [Question revised in 2014] How many hours per week did you USUALLY work at your PREVIOUS job? That is, the job you had immediately before your current job? [Was “By how much did your weekly hours increase (decrease)? Please give your best guess.” In 2013; followed up JH5 if (follow up if JH5 = {1,3} (increase or decrease in hours)] (1) ______________________________ hours per week 32",,Mapped by variable-name prefix to the local public Job Search codebook question family; suffixes preserve workbook-specific recodes or repeated options.
jh1b_cpsj_refer_nonsuperv_rc,"JH1b [Follow up, if JH1 = {4, 5, or 6} (referral)] [RC] [CA] [Options revised in 2014] You just mentioned you learned about your current job through a referral. What was the relationship between the person who provided the referral and this employer? [check all that apply] ❑ The referrer was a manager or supervisor at this employer (1) ❑ The referrer was a non-supervisory worker at this employer (2) ❑ The referrer works at this employer in a similar level or position to mine (3) [Option removed after 2013] ❑ The referrer does not work at this employer but knows someone at this employer personally (3) [Option (4) in",,Mapped by variable-name prefix to the local public Job Search codebook question family; suffixes preserve workbook-specific recodes or repeated options.
hh4_spouse_earn_hrly,"HH4 [Follow up, if HH2 = 1 (yes)] [Revised in 2014 to drop biweekly, monthly reporting options, which were imputed into weekly values in 2013] Roughly speaking, how much does your spouse/partner make, BEFORE taxes and other deductions, on his/her current job? Please include any bonuses, overtime pay, tips or commissions. (1) ______________________________ (reported as hourly, weekly, or annually)  [See INCOME BRACKETS list in the Appendix, for annual salaries reported as a range] ❑ 999999 = Don’t know (reported in hourly earnings variable)",,Mapped by variable-name prefix to the local public Job Search codebook question family; suffixes preserve workbook-specific recodes or repeated options.
el4a_impute_fl,"Job Search Supplement variable in the EL4A family; see workbook suffix for the recode, option, or repeated-field detail.",,Fallback family metadata from local Job Search codebook naming convention after public-file reformatting.
male,Indicator for whether the respondent is male.,,Manual metadata from demographic section of local Job Search codebook PDF.
jh8_prev_job_equity_rc,"JH8 [Follow up, if JH2 = {1, 2, 3, 4, or 5} (reported prior or existing work history)] [RC] [CA] [Options revised in 2014] Did you receive any of the following employer-provided benefits at your PREVIOUS job? That is, the job you held before starting to work on your current job. ❑ Traditional pension plan (1) ❑ Employer contribution to a retirement account (for instance, a 401(k), 403(b) or IRA account) (2) ❑ Health insurance (3)",,Mapped by variable-name prefix to the local public Job Search codebook question family; suffixes preserve workbook-specific recodes or repeated options.
es7_selfemp_equity_rc,"ES7 [Follow up, if ES1 = 2 (own a business)] [RC] [CA] [Options revised in 2014; see BENEFITS list in Appendix] Does your business provide any of the following benefits to any of your employees? [check all that apply] ❑ [See BENEFITS list in Appendix]",,Mapped by variable-name prefix to the local public Job Search codebook question family; suffixes preserve workbook-specific recodes or repeated options.
l18_cps_job_pension_rc,"L18 [Employed, wage and salary earners only, including on layoff] [RC] [CA] [Question only asked in 2013; replaced by Question L15 in 2014] Suppose 12 MONTHS FROM NOW you are working in the same (main) job as you do now. Which of the following employer-provided benefits do you think you will receive at your job 12 months from now? ❑ [See BENEFITS list in Appendix]",,Mapped by variable-name prefix to the local public Job Search codebook question family; suffixes preserve workbook-specific recodes or repeated options.
hh1b_health_cov_parents_rc,"HH1b [Follow up, if HH1a = 1 (yes)] [RC] [CA] [Options revised in 2014 and 2016] What is the source of your health insurance coverage? [check all that apply] I have coverage through: ❑ a previous employer (1) ❑ my spouse/partner’s health insurance (2) ❑ my parents’ health insurance (3)",,Mapped by variable-name prefix to the local public Job Search codebook question family; suffixes preserve workbook-specific recodes or repeated options.
jh8_prev_job_pension_rc,"JH8 [Follow up, if JH2 = {1, 2, 3, 4, or 5} (reported prior or existing work history)] [RC] [CA] [Options revised in 2014] Did you receive any of the following employer-provided benefits at your PREVIOUS job? That is, the job you held before starting to work on your current job. ❑ Traditional pension plan (1) ❑ Employer contribution to a retirement account (for instance, a 401(k), 403(b) or IRA account) (2) ❑ Health insurance (3)",,Mapped by variable-name prefix to the local public Job Search codebook question family; suffixes preserve workbook-specific recodes or repeated options.
jh10_prev_job_earn_hrly,"JH10 [Follow up, if JH2 = {1, 2, 3, 4, 5, or 6} (reported prior or existing work history)] [Revised in 2014 to drop biweekly, monthly reporting options, which were imputed into weekly values in 2013] Please give your best estimate of how much you made, before taxes and other deductions, AT THE TIME YOU LEFT your previous job / at your previous job JUST PRIOR TO STARTING YOUR CURRENT JOB. Please include any bonuses, overtime pay, tips or commissions. (1) ______________________________ (reported as hourly, weekly, or annually) ❑ 999999 = Don’t remember (reported in hourly earnings variable)",,Mapped by variable-name prefix to the local public Job Search codebook question family; suffixes preserve workbook-specific recodes or repeated options.
tp5_weeks_ss_disability,"TP5 [Follow up, if TP1 = 5 (SSDI benefits)] How long, in weeks, have you received Social Security Disability Insurance benefits? (1) ______________________________ week(s)",,Mapped by variable-name prefix to the local public Job Search codebook question family; suffixes preserve workbook-specific recodes or repeated options.
jh1b_cpsj_refer_empl_rc,"JH1b [Follow up, if JH1 = {4, 5, or 6} (referral)] [RC] [CA] [Options revised in 2014] You just mentioned you learned about your current job through a referral. What was the relationship between the person who provided the referral and this employer? [check all that apply] ❑ The referrer was a manager or supervisor at this employer (1) ❑ The referrer was a non-supervisory worker at this employer (2) ❑ The referrer works at this employer in a similar level or position to mine (3) [Option removed after 2013] ❑ The referrer does not work at this employer but knows someone at this employer personally (3) [Option (4) in",,Mapped by variable-name prefix to the local public Job Search codebook question family; suffixes preserve workbook-specific recodes or repeated options.
rw7_accept_healthins,"Job Search Supplement variable in the RW7 family; see workbook suffix for the recode, option, or repeated-field detail.",,Fallback family metadata from local Job Search codebook naming convention after public-file reformatting.
jh1_cpsj_offer_rehired_rc,"JH1 [All wage and salary earners, including those on layoff but excluding the self-employed] [RC] [CA] [Options revised in 2014 and 2016] How did you learn about your current job? [check all that apply] ❑ Found through the employer’s website (1) ❑ Inquired with the employer directly through other means, including in-person (2) ❑ Found through an employment agency (including the conversion from temporary to permanent work) (3) ❑ Referred by a friend or relative (4)",,Mapped by variable-name prefix to the local public Job Search codebook question family; suffixes preserve workbook-specific recodes or repeated options.
js31d_offer_bargaining,"JS31d [Follow up, if JS19 >0 1 or JS19b > 1 (at least one job offer in last 4 weeks or 6 months)] Consider again your (best) job offer. When you were offered this job, did the employer make a ‘take-it-or leave-it’ offer or was there some bargaining that took place over the pay?  Some bargaining over pay (1)  ‘Take-it-or leave-it’ offer (0)",,Mapped by variable-name prefix to the local public Job Search codebook question family; suffixes preserve workbook-specific recodes or repeated options.
l18_cps_job_childcare_rc,"L18 [Employed, wage and salary earners only, including on layoff] [RC] [CA] [Question only asked in 2013; replaced by Question L15 in 2014] Suppose 12 MONTHS FROM NOW you are working in the same (main) job as you do now. Which of the following employer-provided benefits do you think you will receive at your job 12 months from now? ❑ [See BENEFITS list in Appendix]",,Mapped by variable-name prefix to the local public Job Search codebook question family; suffixes preserve workbook-specific recodes or repeated options.
jh8_prev_job_commuting_rc,"JH8 [Follow up, if JH2 = {1, 2, 3, 4, or 5} (reported prior or existing work history)] [RC] [CA] [Options revised in 2014] Did you receive any of the following employer-provided benefits at your PREVIOUS job? That is, the job you held before starting to work on your current job. ❑ Traditional pension plan (1) ❑ Employer contribution to a retirement account (for instance, a 401(k), 403(b) or IRA account) (2) ❑ Health insurance (3)",,Mapped by variable-name prefix to the local public Job Search codebook question family; suffixes preserve workbook-specific recodes or repeated options.
eo5_school_ftpt,EO5 [Students only] Are you currently enrolled in your program on a full-time or part-time basis?  Full-time (1)  Part-time (2) 12,,Mapped by variable-name prefix to the local public Job Search codebook question family; suffixes preserve workbook-specific recodes or repeated options.
tp1_trnfr_pmt_food_stamps,"TP1 [All respondents] [CA] [Options revised in 2014 and 2020] In the LAST 4 WEEKS, have you received any of the following payments? [check all that apply] ❑ Social Security, SSI, or other retirement payments (1) ❑ Temporary Aid to Needy Families (TANF) (2) ❑ Food stamps or the Supplemental Nutrition Assistance Program (SNAP) (3) ❑ Unemployment Insurance compensation, , including any Pandemic Unemployment Assistance (PUA) or similar unemployment benefits (4) [Added “, including any Pandemic Unemployment Assistance (PUA) or similar",,Mapped by variable-name prefix to the local public Job Search codebook question family; suffixes preserve workbook-specific recodes or repeated options.
js25b_referral_rc,"JS25b [Follow up, if JS25 = {5, 6, or 7} (referral)] [RC] [Options revised in 2014] You just mentioned you learned about this job through a referral. What is the relationship between the person who provided the referral and this employer? ❑ The referrer is a manager or supervisor at this employer (1) ❑ The referrer is a non-supervisory worker at this employer (2) ❑ The referrer works at this employer in a similar level or position to mine (3) [Option removed after 2013] ❑ The referrer does not work at this employer but knows someone at this employer personally (3) [Option (4) in",,Mapped by variable-name prefix to the local public Job Search codebook question family; suffixes preserve workbook-specific recodes or repeated options.
js27_accept_pay_raises_rc,"JS27 [Follow up, if JS23 = 1 (accepted or will accept (best) offer)] [RC] [CA] [Options revised in 2014, 2016, and 2020] Think about the job that you have accepted or will accept. What characteristics of this job made it worth accepting? ❑ Pay is as good or better than expected (1) ❑ Benefits are as good or better than expected (2) ❑ Preferred work hours were offered (either full-time or flexible full or part time hours) (3) ❑ The commute time to work seems manageable (4)",,Mapped by variable-name prefix to the local public Job Search codebook question family; suffixes preserve workbook-specific recodes or repeated options.
js25b_referral_knew_opening_rc,"JS25b [Follow up, if JS25 = {5, 6, or 7} (referral)] [RC] [Options revised in 2014] You just mentioned you learned about this job through a referral. What is the relationship between the person who provided the referral and this employer? ❑ The referrer is a manager or supervisor at this employer (1) ❑ The referrer is a non-supervisory worker at this employer (2) ❑ The referrer works at this employer in a similar level or position to mine (3) [Option removed after 2013] ❑ The referrer does not work at this employer but knows someone at this employer personally (3) [Option (4) in",,Mapped by variable-name prefix to the local public Job Search codebook question family; suffixes preserve workbook-specific recodes or repeated options.
hh6_kids_new_homeschol,"HH6. [All respondents.] [Introduced in 2020] Are there any children in this household enrolled in a public school, enrolled in a private school, or educated in a homeschool setting in Kindergarten through 12th grade or grade equivalent? [check all that apply]  Yes, at least one child enrolled in a public or private school (1)  Yes, at least one child homeschooled who was also homeschooled during the previous school year (2)  Yes, at least one child homeschooled who was enrolled in a public or private school during the previous school year (3)",,Mapped by variable-name prefix to the local public Job Search codebook question family; suffixes preserve workbook-specific recodes or repeated options.
js17_contact_employee,"JS17 [Follow up, if JS17a > 0 (at least one referral)] [Introduced in 2014] You just mentioned that [JS15 answer] potential employers contacted you in the last 4 weeks. How many of these contacts were the direct result of a referral from... A friend or relative (1) ______________________________ A former co-worker, supervisor, teacher, or business associate (2) ______________________________ A current employee at that company (3) ______________________________",,Mapped by variable-name prefix to the local public Job Search codebook question family; suffixes preserve workbook-specific recodes or repeated options.
js29_reject_hours_rc,"JS29 [Follow up, if JS23 = 2 (rejected or will reject (best) offer)] [RC] [CA] [Options revised in 2014 and 2020] You indicated that you rejected or will reject the (best) job offer that you listed above. What characteristics of this job offer caused/will cause you to reject it? ❑ Pay was inadequate (1) ❑ Benefits were inadequate (2) ❑ Unsuitable work hours (3) ❑ Commute time would be too long (4)",,Mapped by variable-name prefix to the local public Job Search codebook question family; suffixes preserve workbook-specific recodes or repeated options.
jh13s_semp_job_duties_chg,"JH13 [All wage and salary earners, including those on layoff but excluding the self-employed] [Options revised in 2014] As best as you can remember, how many weeks did you look for work before accepting the offer of your current job? (1) ______________________________ weeks (1) ❑ 999993 = An opportunity came up without me looking for work [Option added in 2014] ❑ 999999 = Don’t remember",,Mapped by variable-name prefix to the local public Job Search codebook question family; suffixes preserve workbook-specific recodes or repeated options.
jh1b_impute_fl,"JH1b [Follow up, if JH1 = {4, 5, or 6} (referral)] [RC] [CA] [Options revised in 2014] You just mentioned you learned about your current job through a referral. What was the relationship between the person who provided the referral and this employer? [check all that apply] ❑ The referrer was a manager or supervisor at this employer (1) ❑ The referrer was a non-supervisory worker at this employer (2) ❑ The referrer works at this employer in a similar level or position to mine (3) [Option removed after 2013] ❑ The referrer does not work at this employer but knows someone at this employer personally (3) [Option (4) in",,Mapped by variable-name prefix to the local public Job Search codebook question family; suffixes preserve workbook-specific recodes or repeated options.
js7a_search_online_app_rc,"JS7 [All that reported searching within the last 4 weeks] And within the LAST 7 DAYS, about how many TOTAL hours did you spend on job search activities? Please round up to the nearest total number of hours. (1) ______________________________ hours",,Mapped by variable-name prefix to the local public Job Search codebook question family; suffixes preserve workbook-specific recodes or repeated options.
js34a_offers_declined_any,"JS34a [All except self-employed] In the LAST 4 WEEKS, have any employers indicated that they would be willing to make you a job offer, but you indicated that you were not interested?  Yes (1)  No (0)",,Mapped by variable-name prefix to the local public Job Search codebook question family; suffixes preserve workbook-specific recodes or repeated options.
jh12h_cpsj_job_duties_chg,"JH12h [Follow up, if JH2 = {1, 2, 3, 4, or 5} (reported prior or existing work history)] [Asked as question JH12 in 2013] Have your job duties changed between your previous job and your main/current job?  Yes, to a limited extent (1)  Yes, to a significant extent (2)  No (3)  My main/current job is a completely different job (4)",,Mapped by variable-name prefix to the local public Job Search codebook question family; suffixes preserve workbook-specific recodes or repeated options.
js29_reject_relocation_rc,"JS29 [Follow up, if JS23 = 2 (rejected or will reject (best) offer)] [RC] [CA] [Options revised in 2014 and 2020] You indicated that you rejected or will reject the (best) job offer that you listed above. What characteristics of this job offer caused/will cause you to reject it? ❑ Pay was inadequate (1) ❑ Benefits were inadequate (2) ❑ Unsuitable work hours (3) ❑ Commute time would be too long (4)",,Mapped by variable-name prefix to the local public Job Search codebook question family; suffixes preserve workbook-specific recodes or repeated options.
l18_cps_job_nocover_rc,"L18 [Employed, wage and salary earners only, including on layoff] [RC] [CA] [Question only asked in 2013; replaced by Question L15 in 2014] Suppose 12 MONTHS FROM NOW you are working in the same (main) job as you do now. Which of the following employer-provided benefits do you think you will receive at your job 12 months from now? ❑ [See BENEFITS list in Appendix]",,Mapped by variable-name prefix to the local public Job Search codebook question family; suffixes preserve workbook-specific recodes or repeated options.
jh12b_prev_job_industry_rc,"JH12b [Follow up, if JH12 = = {2, 3, 4} (non-government)] [RC] [Introduced in 2014] What kind of business or INDUSTRY was your previous employer in?  [See INDUSTRY list in Appendix]",,Mapped by variable-name prefix to the local public Job Search codebook question family; suffixes preserve workbook-specific recodes or repeated options.
l25self_last_job_selfemp,"L25self [Not employed or on layoff and had previous employment] In your most recent job, did you work for someone else or were you self-employed?  Self-employed (1)  Work for someone else (0)",,Mapped by variable-name prefix to the local public Job Search codebook question family; suffixes preserve workbook-specific recodes or repeated options.
tp1_trnfr_pmt_unemp_ins,"TP1 [All respondents] [CA] [Options revised in 2014 and 2020] In the LAST 4 WEEKS, have you received any of the following payments? [check all that apply] ❑ Social Security, SSI, or other retirement payments (1) ❑ Temporary Aid to Needy Families (TANF) (2) ❑ Food stamps or the Supplemental Nutrition Assistance Program (SNAP) (3) ❑ Unemployment Insurance compensation, , including any Pandemic Unemployment Assistance (PUA) or similar unemployment benefits (4) [Added “, including any Pandemic Unemployment Assistance (PUA) or similar",,Mapped by variable-name prefix to the local public Job Search codebook question family; suffixes preserve workbook-specific recodes or repeated options.
l18_cps_job_qolbenefits_rc,"L18 [Employed, wage and salary earners only, including on layoff] [RC] [CA] [Question only asked in 2013; replaced by Question L15 in 2014] Suppose 12 MONTHS FROM NOW you are working in the same (main) job as you do now. Which of the following employer-provided benefits do you think you will receive at your job 12 months from now? ❑ [See BENEFITS list in Appendix]",,Mapped by variable-name prefix to the local public Job Search codebook question family; suffixes preserve workbook-specific recodes or repeated options.
l25_last_job_retirement_rc,"L25 [Follow up, if L25self = 1 (wage and salary employment)] [RC] [CA] [Options revised in 2014; see BENEFITS list in Appendix] Did you receive any of the following employer-provided benefits at your most recent job? ❑ [See BENEFITS list in Appendix] 7",,Mapped by variable-name prefix to the local public Job Search codebook question family; suffixes preserve workbook-specific recodes or repeated options.
tp1_trnfr_pmt_soc_security,"TP1 [All respondents] [CA] [Options revised in 2014 and 2020] In the LAST 4 WEEKS, have you received any of the following payments? [check all that apply] ❑ Social Security, SSI, or other retirement payments (1) ❑ Temporary Aid to Needy Families (TANF) (2) ❑ Food stamps or the Supplemental Nutrition Assistance Program (SNAP) (3) ❑ Unemployment Insurance compensation, , including any Pandemic Unemployment Assistance (PUA) or similar unemployment benefits (4) [Added “, including any Pandemic Unemployment Assistance (PUA) or similar",,Mapped by variable-name prefix to the local public Job Search codebook question family; suffixes preserve workbook-specific recodes or repeated options.
hh1b_health_cov_2nd_job_rc,"HH1b [Follow up, if HH1a = 1 (yes)] [RC] [CA] [Options revised in 2014 and 2016] What is the source of your health insurance coverage? [check all that apply] I have coverage through: ❑ a previous employer (1) ❑ my spouse/partner’s health insurance (2) ❑ my parents’ health insurance (3)",,Mapped by variable-name prefix to the local public Job Search codebook question family; suffixes preserve workbook-specific recodes or repeated options.
tp1_trnfr_pmt_ss_disability,"TP1 [All respondents] [CA] [Options revised in 2014 and 2020] In the LAST 4 WEEKS, have you received any of the following payments? [check all that apply] ❑ Social Security, SSI, or other retirement payments (1) ❑ Temporary Aid to Needy Families (TANF) (2) ❑ Food stamps or the Supplemental Nutrition Assistance Program (SNAP) (3) ❑ Unemployment Insurance compensation, , including any Pandemic Unemployment Assistance (PUA) or similar unemployment benefits (4) [Added “, including any Pandemic Unemployment Assistance (PUA) or similar",,Mapped by variable-name prefix to the local public Job Search codebook question family; suffixes preserve workbook-specific recodes or repeated options.
jh1_cpsj_offer_refer_empl_rc,"JH1 [All wage and salary earners, including those on layoff but excluding the self-employed] [RC] [CA] [Options revised in 2014 and 2016] How did you learn about your current job? [check all that apply] ❑ Found through the employer’s website (1) ❑ Inquired with the employer directly through other means, including in-person (2) ❑ Found through an employment agency (including the conversion from temporary to permanent work) (3) ❑ Referred by a friend or relative (4)",,Mapped by variable-name prefix to the local public Job Search codebook question family; suffixes preserve workbook-specific recodes or repeated options.
eo11_mos_nonemp_last5yrs,"EO11 [All but self-employed and wage and salary owners with current employer for at least 5 years] During the LAST 5 YEARS, how many months IN TOTAL did you spend without a job? (1) ______________________________ month(s)",,Mapped by variable-name prefix to the local public Job Search codebook question family; suffixes preserve workbook-specific recodes or repeated options.
l11_cps_job_earn_hrly,"L11 [Employed only, including on layoff] [Revised in 2014 to drop biweekly, monthly reporting options, which were imputed into weekly values in 2013] How much do you make BEFORE taxes or other deductions at your main/current job? Please include any bonuses, overtime pay, tips or commissions. (1) ______________________________ (reported as hourly, weekly, or annually)  [See INCOME BRACKETS list in the Appendix, for annual salaries reported as a range]",,Mapped by variable-name prefix to the local public Job Search codebook question family; suffixes preserve workbook-specific recodes or repeated options.
js7a_search_online_contact_rc,"JS7 [All that reported searching within the last 4 weeks] And within the LAST 7 DAYS, about how many TOTAL hours did you spend on job search activities? Please round up to the nearest total number of hours. (1) ______________________________ hours",,Mapped by variable-name prefix to the local public Job Search codebook question family; suffixes preserve workbook-specific recodes or repeated options.
jh11a_prev_job_occupation,"JH11a [Follow up, if JH2 = {1, 2, 3, 4, 5, or 6} (reported prior or existing work history)] [RC] (responses coded into 3-digit SOC codes) What kind of work did you do, that is, what was your OCCUPATION on your previous job? (for example: Electrical engineer, stock clerk, typist, farmer, ...) (1) ______________________________ (3-digit SOC code)",,Mapped by variable-name prefix to the local public Job Search codebook question family; suffixes preserve workbook-specific recodes or repeated options.
el2b_impute_fl,"Job Search Supplement variable in the EL2B family; see workbook suffix for the recode, option, or repeated-field detail.",,Fallback family metadata from local Job Search codebook naming convention after public-file reformatting.
l14_cps_job_equity_rc,"L14 [Employed, wage and salary earners only, including on layoff] [RC] [CA] [Options revised in 2014; see BENEFITS list in Appendix] Do you receive any of the following employer-provided benefits at your main/current job? ❑ [See BENEFITS list in Appendix]",,Mapped by variable-name prefix to the local public Job Search codebook question family; suffixes preserve workbook-specific recodes or repeated options.
js24a_offer_pension,"JS24a [Follow up, if JS19 >0 1 or JS19b > 1 (at least one job offer in last 4 weeks or 6 months)] [CA] [Options revised in 2014] Please select the employer-provided benefits, if any, included in this (your best) offer. [check all that apply] ❑ Traditional pension plan (1) ❑ Employer contribution to a retirement account (2) ❑ Health insurance (3) ❑ Dental or vision insurance (4)",,Mapped by variable-name prefix to the local public Job Search codebook question family; suffixes preserve workbook-specific recodes or repeated options.
jh12d_prev_job_estab_size,"JH12d [Follow up, if JH2 = {1, 2, 3, 4, or 5} (reported prior or existing work history)] [Introduced in 2014] How many paid employees did your previous employer’s business have AT YOUR USUAL PLACE OF WORK?  [See EMPLOYER SIZE list in the Appendix]",,Mapped by variable-name prefix to the local public Job Search codebook question family; suffixes preserve workbook-specific recodes or repeated options.
jh2cs_semp_sep_adv_notice,"JH2c [Follow up, if JH2 = {1, 2, 3, or 5} (reported prior work history)] Regardless of how you separated from your PREVIOUS job, had you been given advance notice that you would lose your PREVIOUS job?  Yes (1)  No (2)  Don’t remember (3)",,Mapped by variable-name prefix to the local public Job Search codebook question family; suffixes preserve workbook-specific recodes or repeated options.
jh12self_prev_job_employer_type,"JH12self [Follow up, if JH2self = {1, 2, 3, 4, 5, or 6} (reported prior work history)] [RC] [Introduced in 2014] What type of employer did you work for in your previous job? Please select only one. ❑ Government (including state or local government; a public school, university or hospital) (1) ❑ Private-sector, for-profit company (2) ❑ Non-profit organization (3) ❑ Worked in the family business (4)",,Mapped by variable-name prefix to the local public Job Search codebook question family; suffixes preserve workbook-specific recodes or repeated options.
js7a_search_associates_rc,"JS7 [All that reported searching within the last 4 weeks] And within the LAST 7 DAYS, about how many TOTAL hours did you spend on job search activities? Please round up to the nearest total number of hours. (1) ______________________________ hours",,Mapped by variable-name prefix to the local public Job Search codebook question family; suffixes preserve workbook-specific recodes or repeated options.
tp6b_no_ui_no_need_rc,"TP6b [Follow up, if TP6 = 2 (no)] [RC] [CA] [Options revised in 2014 and 2020] Why haven’t you applied? ❑ Don’t think I am eligible (1) ❑ Don’t need the extra assistance at this time (2) ❑ Do not know how or where to apply for benefits (3) ❑ I prefer not to receive government assistance (4) ❑ I am retired (5) [Added as response option in 2014, recoded as (6) in 2013]",,Mapped by variable-name prefix to the local public Job Search codebook question family; suffixes preserve workbook-specific recodes or repeated options.
tp1_trnfr_pmt_severance,"TP1 [All respondents] [CA] [Options revised in 2014 and 2020] In the LAST 4 WEEKS, have you received any of the following payments? [check all that apply] ❑ Social Security, SSI, or other retirement payments (1) ❑ Temporary Aid to Needy Families (TANF) (2) ❑ Food stamps or the Supplemental Nutrition Assistance Program (SNAP) (3) ❑ Unemployment Insurance compensation, , including any Pandemic Unemployment Assistance (PUA) or similar unemployment benefits (4) [Added “, including any Pandemic Unemployment Assistance (PUA) or similar",,Mapped by variable-name prefix to the local public Job Search codebook question family; suffixes preserve workbook-specific recodes or repeated options.
js25_offer_prev_employer_rc,"JS25 [Follow up, if JS19 >0 1 or JS19b > 1 (at least one job offer in last 4 weeks or 6 months)] [RC] [CA] [Options revised in 2016] For this (your best) job offer, how did you learn about this job? [check all that apply] I learned about this job from: ❑ Found through the employer’s website (1) ❑ Inquired with the employer directly through other means, including in-person (2)",,Mapped by variable-name prefix to the local public Job Search codebook question family; suffixes preserve workbook-specific recodes or repeated options.
js28c_offer_new_job,"JS28c. [Follow up, if at least one job offer in last 4 weeks or 6 months and employed at time of offer] [Introduced in 2017] Is/Was this offer for a NEW job, that is, replacing the job or jobs you held at the time of the offer, or is/was it for a job IN ADDITION to the one(s) you held at the time of the offer?  The offer is/was for a new job that ‘would replace’/’would have replaced’ the job(s) I held at the time of the offer (1)  The offer is/was for a job in addition to the one(s) I held at the time of the offer (0)",,Mapped by variable-name prefix to the local public Job Search codebook question family; suffixes preserve workbook-specific recodes or repeated options.
es5new_selfemp_pct_chance_expand,"ES5new [Follow up, if ES1 = 2 (own a business)] What do you think is the percent chance that your business will have more workers than it currently has 12 MONTHS FROM NOW? (1) ________________ percent chance",,Mapped by variable-name prefix to the local public Job Search codebook question family; suffixes preserve workbook-specific recodes or repeated options.
jh12g_prev_job_temp_job,"JH12g [Follow up, if JH2 = {1, 2, 3, 4, or 5} (reported prior or existing work history)] [Introduced in 2014; wording revised to inlcude “or one that has a specific task or end date” in 2017] Was your previous job a temporary or seasonal job, or one that has a specific task or end date? ❑ Yes (1) ❑ No (0)",,Mapped by variable-name prefix to the local public Job Search codebook question family; suffixes preserve workbook-specific recodes or repeated options.
l14self_nc_impute_fl,L14self [Self-employed or Non-employed] [RC] [CA] Do you currently have any of the following coverage? [check all that apply] ❑ Health insurance (1) ❑ Dental or vision insurance (2) ❑ Life or disability insurance (3) ❑ None of the above (4),,Mapped by variable-name prefix to the local public Job Search codebook question family; suffixes preserve workbook-specific recodes or repeated options.
ec4b_cps_job_temp_duration,"EC4b [Follow up, if job is temporary or seasonal] [Introduced in 2017] Counting from today, how many more months do you expect this job to last? (1) ______________________________ months ❑ 999992 = less than one month",,Mapped by variable-name prefix to the local public Job Search codebook question family; suffixes preserve workbook-specific recodes or repeated options.
js27_accept_qol_rc,"JS27 [Follow up, if JS23 = 1 (accepted or will accept (best) offer)] [RC] [CA] [Options revised in 2014, 2016, and 2020] Think about the job that you have accepted or will accept. What characteristics of this job made it worth accepting? ❑ Pay is as good or better than expected (1) ❑ Benefits are as good or better than expected (2) ❑ Preferred work hours were offered (either full-time or flexible full or part time hours) (3) ❑ The commute time to work seems manageable (4)",,Mapped by variable-name prefix to the local public Job Search codebook question family; suffixes preserve workbook-specific recodes or repeated options.
jh8_prev_job_retirement_rc,"JH8 [Follow up, if JH2 = {1, 2, 3, 4, or 5} (reported prior or existing work history)] [RC] [CA] [Options revised in 2014] Did you receive any of the following employer-provided benefits at your PREVIOUS job? That is, the job you held before starting to work on your current job. ❑ Traditional pension plan (1) ❑ Employer contribution to a retirement account (for instance, a 401(k), 403(b) or IRA account) (2) ❑ Health insurance (3)",,Mapped by variable-name prefix to the local public Job Search codebook question family; suffixes preserve workbook-specific recodes or repeated options.
js25b_referral_mgmt_rc,"JS25b [Follow up, if JS25 = {5, 6, or 7} (referral)] [RC] [Options revised in 2014] You just mentioned you learned about this job through a referral. What is the relationship between the person who provided the referral and this employer? ❑ The referrer is a manager or supervisor at this employer (1) ❑ The referrer is a non-supervisory worker at this employer (2) ❑ The referrer works at this employer in a similar level or position to mine (3) [Option removed after 2013] ❑ The referrer does not work at this employer but knows someone at this employer personally (3) [Option (4) in",,Mapped by variable-name prefix to the local public Job Search codebook question family; suffixes preserve workbook-specific recodes or repeated options.
js2a_search_advancement_rc,"JS2a [Wage and salary earners, seeking a new job only] [RC] [CA] Why are you a looking for a new job? ❑ I have been given notice that I will lose my job (1) ❑ Not satisfied with pay or benefits on current job (2) ❑ Not satisfied with duties on current job (3) ❑ Unsuitable work hours on current job (4) ❑ Commuting distance is too long (5)",,Mapped by variable-name prefix to the local public Job Search codebook question family; suffixes preserve workbook-specific recodes or repeated options.
js2a_search_coworkers_rc,"JS2a [Wage and salary earners, seeking a new job only] [RC] [CA] Why are you a looking for a new job? ❑ I have been given notice that I will lose my job (1) ❑ Not satisfied with pay or benefits on current job (2) ❑ Not satisfied with duties on current job (3) ❑ Unsuitable work hours on current job (4) ❑ Commuting distance is too long (5)",,Mapped by variable-name prefix to the local public Job Search codebook question family; suffixes preserve workbook-specific recodes or repeated options.
l14self_dental_rc,L14self [Self-employed or Non-employed] [RC] [CA] Do you currently have any of the following coverage? [check all that apply] ❑ Health insurance (1) ❑ Dental or vision insurance (2) ❑ Life or disability insurance (3) ❑ None of the above (4),,Mapped by variable-name prefix to the local public Job Search codebook question family; suffixes preserve workbook-specific recodes or repeated options.
jh1_cpsj_offer_empl_website_rc,"JH1 [All wage and salary earners, including those on layoff but excluding the self-employed] [RC] [CA] [Options revised in 2014 and 2016] How did you learn about your current job? [check all that apply] ❑ Found through the employer’s website (1) ❑ Inquired with the employer directly through other means, including in-person (2) ❑ Found through an employment agency (including the conversion from temporary to permanent work) (3) ❑ Referred by a friend or relative (4)",,Mapped by variable-name prefix to the local public Job Search codebook question family; suffixes preserve workbook-specific recodes or repeated options.
js2a_search_adv_notice_rc,"JS2a [Wage and salary earners, seeking a new job only] [RC] [CA] Why are you a looking for a new job? ❑ I have been given notice that I will lose my job (1) ❑ Not satisfied with pay or benefits on current job (2) ❑ Not satisfied with duties on current job (3) ❑ Unsuitable work hours on current job (4) ❑ Commuting distance is too long (5)",,Mapped by variable-name prefix to the local public Job Search codebook question family; suffixes preserve workbook-specific recodes or repeated options.
eo12_l5yr_mos_job_search,EO12 [Follow up to EO11] You just mentioned that during the LAST 5 YEARS you spent [EO11 answer] months without a job. How many of these months were spent primarily... Looking for work: (1) ______________________________ months (1) Enrolled in school: (2) ______________________________ months (2) Not looking for work because no work was available: (3) ______________________________ months (3) Not looking for work because of disability or retirement: (4) ______________________________ months (4),,Mapped by variable-name prefix to the local public Job Search codebook question family; suffixes preserve workbook-specific recodes or repeated options.
js25_impute_fl,"JS25 [Follow up, if JS19 >0 1 or JS19b > 1 (at least one job offer in last 4 weeks or 6 months)] [RC] [CA] [Options revised in 2016] For this (your best) job offer, how did you learn about this job? [check all that apply] I learned about this job from: ❑ Found through the employer’s website (1) ❑ Inquired with the employer directly through other means, including in-person (2)",,Mapped by variable-name prefix to the local public Job Search codebook question family; suffixes preserve workbook-specific recodes or repeated options.
js26f_last_job_temp_duration,"JS26f [Follow up, if job offer is temporary or seasonal] [Introduced in 2017] For how many months ‘do you expect’/’would you have expected’ this job to last? (1) ______________________________ months ❑ 999992 = less than one month",,Mapped by variable-name prefix to the local public Job Search codebook question family; suffixes preserve workbook-specific recodes or repeated options.
rw7b_pct_incr_healthins,"Job Search Supplement variable in the RW7B family; see workbook suffix for the recode, option, or repeated-field detail.",,Fallback family metadata from local Job Search codebook naming convention after public-file reformatting.
el3d_last_job_shutdown,"Job Search Supplement variable in the EL3D family; see workbook suffix for the recode, option, or repeated-field detail.",,Fallback family metadata from local Job Search codebook naming convention after public-file reformatting.
hh5_spouse_trnpmt_soc_security,"HH5 [If Q38 = 1 (married or partner present)] [CA] [Options revised in 2014] In the LAST 4 WEEKS, did your spouse/partner receive any of the following payments? ❑ Social Security, SSI, or other retirement payments (1) ❑ Temporary Aid to Needy Families (TANF) (2) ❑ Food stamps or the Supplemental Nutrition Assistance Program (SNAP) (3) ❑ Unemployment Insurance compensation (4) ❑ Severance pay (11)",,Mapped by variable-name prefix to the local public Job Search codebook question family; suffixes preserve workbook-specific recodes or repeated options.
jh10s_prev_job_earn_ann,"JH10 [Follow up, if JH2 = {1, 2, 3, 4, 5, or 6} (reported prior or existing work history)] [Revised in 2014 to drop biweekly, monthly reporting options, which were imputed into weekly values in 2013] Please give your best estimate of how much you made, before taxes and other deductions, AT THE TIME YOU LEFT your previous job / at your previous job JUST PRIOR TO STARTING YOUR CURRENT JOB. Please include any bonuses, overtime pay, tips or commissions. (1) ______________________________ (reported as hourly, weekly, or annually) ❑ 999999 = Don’t remember (reported in hourly earnings variable)",,Mapped by variable-name prefix to the local public Job Search codebook question family; suffixes preserve workbook-specific recodes or repeated options.
jh8self_impute_fl,"JH8self [Follow up, if JH2self = {1, 2, 3, 4, 5, or 6} (reported prior work history)] [RC] [CA] [Options revised in 2014 and 2016] Did you receive any of the following employer-provided benefits at your PREVIOUS job, that is the job you held before starting to work on your current job? [check all that apply] ❑ Traditional pension plan (1) ❑ Employer contribution to a retirement account (for instance, a 401(k), 403(b) or IRA account) (2) ❑ Health insurance (3)",,Mapped by variable-name prefix to the local public Job Search codebook question family; suffixes preserve workbook-specific recodes or repeated options.
es12_selfemp_job_satisfied,"ES12 [Self-employed only] [Introduced in 2014] Taking everything into consideration, how satisfied would you say you are, overall, in your [independent contractor job, business, family business, as self-employed?  Very dissatisfied (1)  Somewhat dissatisfied (2)  Neither satisfied nor dissatisfied (3)  Somewhat satisfied (4)",,Mapped by variable-name prefix to the local public Job Search codebook question family; suffixes preserve workbook-specific recodes or repeated options.
hh1b_health_cov_priv_plan_rc,"HH1b [Follow up, if HH1a = 1 (yes)] [RC] [CA] [Options revised in 2014 and 2016] What is the source of your health insurance coverage? [check all that apply] I have coverage through: ❑ a previous employer (1) ❑ my spouse/partner’s health insurance (2) ❑ my parents’ health insurance (3)",,Mapped by variable-name prefix to the local public Job Search codebook question family; suffixes preserve workbook-specific recodes or repeated options.
js6_search_friends_rc,"JS6 [All that reported searching within the last 4 weeks] [RC] [CA] [Options revised in 2014] What were ALL the things you have done to look for work during the LAST 4 WEEKS? ❑ Had at least one job interview (1) [Option removed in 2014, superseded by new Question JS18a] ❑ Contacted an employer directly online or through e-mail (1) [Option (2) in 2013] ❑ Contacted an employer directly through other means, including in-person (2) [Option (3) in 2013] ❑ Contacted an employment agency or career center, including a career center at a school or university (3) [Option (4) in 2013]",,Mapped by variable-name prefix to the local public Job Search codebook question family; suffixes preserve workbook-specific recodes or repeated options.
js25_offer_online_search_rc,"JS25 [Follow up, if JS19 >0 1 or JS19b > 1 (at least one job offer in last 4 weeks or 6 months)] [RC] [CA] [Options revised in 2016] For this (your best) job offer, how did you learn about this job? [check all that apply] I learned about this job from: ❑ Found through the employer’s website (1) ❑ Inquired with the employer directly through other means, including in-person (2)",,Mapped by variable-name prefix to the local public Job Search codebook question family; suffixes preserve workbook-specific recodes or repeated options.
js25d_referral_gender,"JS25d [Follow up, if JS25 = {5, 6, or 7} (referral)] [Introduced in 2017] What is the gender of the person who provided the referral?  Male (1)  Female (2)",,Mapped by variable-name prefix to the local public Job Search codebook question family; suffixes preserve workbook-specific recodes or repeated options.
js25b_referral_superv_rc,"JS25b [Follow up, if JS25 = {5, 6, or 7} (referral)] [RC] [Options revised in 2014] You just mentioned you learned about this job through a referral. What is the relationship between the person who provided the referral and this employer? ❑ The referrer is a manager or supervisor at this employer (1) ❑ The referrer is a non-supervisory worker at this employer (2) ❑ The referrer works at this employer in a similar level or position to mine (3) [Option removed after 2013] ❑ The referrer does not work at this employer but knows someone at this employer personally (3) [Option (4) in",,Mapped by variable-name prefix to the local public Job Search codebook question family; suffixes preserve workbook-specific recodes or repeated options.
eo7b_max_tenure_last5yrs,"EO7b [Follow up to EO7] Of the jobs you just listed, think about the one that you worked at the LONGEST during the last 5 years. How many MONTHS did you work at this job? (1) ______________________________ month(s)",,Mapped by variable-name prefix to the local public Job Search codebook question family; suffixes preserve workbook-specific recodes or repeated options.
l11_cps_job_earn_wkly,"L11 [Employed only, including on layoff] [Revised in 2014 to drop biweekly, monthly reporting options, which were imputed into weekly values in 2013] How much do you make BEFORE taxes or other deductions at your main/current job? Please include any bonuses, overtime pay, tips or commissions. (1) ______________________________ (reported as hourly, weekly, or annually)  [See INCOME BRACKETS list in the Appendix, for annual salaries reported as a range]",,Mapped by variable-name prefix to the local public Job Search codebook question family; suffixes preserve workbook-specific recodes or repeated options.
jh2e_why_quit_prev_qol_rc,"JH2e - JH2e [Follow up, if JH2 = 2 (quit previous job)] [Introduced in 2015] Why did you quit your previous job? Check all that apply  My current job offered higher earnings and/or better benefits than my previous job (1)  My current job offered better hours than my previous job (2)  My current job is a better fit for my skills than my previous job (3)  My current job requires a shorter commute to work (4)",,Mapped by variable-name prefix to the local public Job Search codebook question family; suffixes preserve workbook-specific recodes or repeated options.
ec3a_cps_job_multi_firm,"EC3a [Wage and salary earners only, including on layoff] For your main/current job, does your employer’s business operate out of more than one LOCATION (office, store, or other permanent place of business)?  Yes (1)  No (0)",,Mapped by variable-name prefix to the local public Job Search codebook question family; suffixes preserve workbook-specific recodes or repeated options.
ec4_cps_job_union,"EC4 [Wage and salary earners only, including on layoff] [Introduced in 2014] At your PLACE OF WORK for your [main/current] job, are you or any other employees part of a union? ❑ Yes (1) ❑ No (2) 8",,Mapped by variable-name prefix to the local public Job Search codebook question family; suffixes preserve workbook-specific recodes or repeated options.
js1_search_ftpt,"JS1 [All who looked for new/additional work in last 4 weeks, or want or might want a new/additional job, excluding the self-employed] You indicated that you have looked for work in the last four weeks (you currently would want a job). Are you interested in full-time work of at least 35 hours per week, part-time work, or would you take the best available job regardless of the hours offered?  Full-time of at least 35 hours (1)  Part-time (2)",,Mapped by variable-name prefix to the local public Job Search codebook question family; suffixes preserve workbook-specific recodes or repeated options.
js30_offer_flexspend_rc,"JS30 [Follow up, if JS27 = 2 or JS29 = 2 (benefits were better than expected (inadequate))] [RC] [CA] [Options revised in 2014; see BENEFITS list in Appendix] You indicated above that the benefits offered are/were important in the decision to accept (reject) the job offer. Which of the following employer-provided benefits are/were important in your decision? ❑ [See BENEFITS list in Appendix]",,Mapped by variable-name prefix to the local public Job Search codebook question family; suffixes preserve workbook-specific recodes or repeated options.
jh15c_cpsj_refer_dk,"JH15c [Follow up, if JH15 > 0 (at least one contact)] [Introduced in 2014; reflects split of original question",,Mapped by variable-name prefix to the local public Job Search codebook question family; suffixes preserve workbook-specific recodes or repeated options.
js17_contact_friend,"JS17 [Follow up, if JS17a > 0 (at least one referral)] [Introduced in 2014] You just mentioned that [JS15 answer] potential employers contacted you in the last 4 weeks. How many of these contacts were the direct result of a referral from... A friend or relative (1) ______________________________ A former co-worker, supervisor, teacher, or business associate (2) ______________________________ A current employee at that company (3) ______________________________",,Mapped by variable-name prefix to the local public Job Search codebook question family; suffixes preserve workbook-specific recodes or repeated options.
userid,Respondent ID.,,Manual metadata from demographic section of local Job Search codebook PDF.
jh1b_cpsj_refer_superv_rc,"JH1b [Follow up, if JH1 = {4, 5, or 6} (referral)] [RC] [CA] [Options revised in 2014] You just mentioned you learned about your current job through a referral. What was the relationship between the person who provided the referral and this employer? [check all that apply] ❑ The referrer was a manager or supervisor at this employer (1) ❑ The referrer was a non-supervisory worker at this employer (2) ❑ The referrer works at this employer in a similar level or position to mine (3) [Option removed after 2013] ❑ The referrer does not work at this employer but knows someone at this employer personally (3) [Option (4) in",,Mapped by variable-name prefix to the local public Job Search codebook question family; suffixes preserve workbook-specific recodes or repeated options.
js7a_search_employees_rc,"JS7 [All that reported searching within the last 4 weeks] And within the LAST 7 DAYS, about how many TOTAL hours did you spend on job search activities? Please round up to the nearest total number of hours. (1) ______________________________ hours",,Mapped by variable-name prefix to the local public Job Search codebook question family; suffixes preserve workbook-specific recodes or repeated options.
l25_last_job_nocover_rc,"L25 [Follow up, if L25self = 1 (wage and salary employment)] [RC] [CA] [Options revised in 2014; see BENEFITS list in Appendix] Did you receive any of the following employer-provided benefits at your most recent job? ❑ [See BENEFITS list in Appendix] 7",,Mapped by variable-name prefix to the local public Job Search codebook question family; suffixes preserve workbook-specific recodes or repeated options.
race,Reported race of respondent.,,Manual metadata from demographic section of local Job Search codebook PDF.
l8b_outofwork_rec_pay,"L8b. [All respondents with L1 = {2 or 3} (all those on temp layoff or leave).] [Introduced in 2020] Are you currently receiving pay while out of work?  Yes, my employer is currently paying me without my having to use any paid leave of my own (1)  Yes, but I am using my own paid leave (2)  No, I am currently unpaid (3)",,Mapped by variable-name prefix to the local public Job Search codebook question family; suffixes preserve workbook-specific recodes or repeated options.
jh8s_prev_job_dental_rc,"JH8 [Follow up, if JH2 = {1, 2, 3, 4, or 5} (reported prior or existing work history)] [RC] [CA] [Options revised in 2014] Did you receive any of the following employer-provided benefits at your PREVIOUS job? That is, the job you held before starting to work on your current job. ❑ Traditional pension plan (1) ❑ Employer contribution to a retirement account (for instance, a 401(k), 403(b) or IRA account) (2) ❑ Health insurance (3)",,Mapped by variable-name prefix to the local public Job Search codebook question family; suffixes preserve workbook-specific recodes or repeated options.
js30_offer_commuting_rc,"JS30 [Follow up, if JS27 = 2 or JS29 = 2 (benefits were better than expected (inadequate))] [RC] [CA] [Options revised in 2014; see BENEFITS list in Appendix] You indicated above that the benefits offered are/were important in the decision to accept (reject) the job offer. Which of the following employer-provided benefits are/were important in your decision? ❑ [See BENEFITS list in Appendix]",,Mapped by variable-name prefix to the local public Job Search codebook question family; suffixes preserve workbook-specific recodes or repeated options.
js19c_offer_recent_job,"JS19c [Follow up, if JS19b > 0 (job offers within last 6 months) and most recent job started less than 6 months ago] Was this offer (one of these offers) the one you received for your most recent job?  Yes (1)  No (0)",,Mapped by variable-name prefix to the local public Job Search codebook question family; suffixes preserve workbook-specific recodes or repeated options.
js26g_offer_same_employer,"JS26g. [Follow up, if received at least one job offer in last 4 weeks or 6 months and employed at time of offer)] [Introduced in 2017] Is/Was this offer for a job at the SAME EMPLOYER that you had at the time of the job offer, or is/was it for a job at a DIFFERENT EMPLOYER?  It is/was for a job at the SAME EMPLOYER that I had at the time of the job offer (1)  For a job at a DIFFERENT EMPLOYER (0)",,Mapped by variable-name prefix to the local public Job Search codebook question family; suffixes preserve workbook-specific recodes or repeated options.
jh1_cpsj_offer_refer_assoc_rc,"JH1 [All wage and salary earners, including those on layoff but excluding the self-employed] [RC] [CA] [Options revised in 2014 and 2016] How did you learn about your current job? [check all that apply] ❑ Found through the employer’s website (1) ❑ Inquired with the employer directly through other means, including in-person (2) ❑ Found through an employment agency (including the conversion from temporary to permanent work) (3) ❑ Referred by a friend or relative (4)",,Mapped by variable-name prefix to the local public Job Search codebook question family; suffixes preserve workbook-specific recodes or repeated options.
js24a_offer_lifeins,"JS24a [Follow up, if JS19 >0 1 or JS19b > 1 (at least one job offer in last 4 weeks or 6 months)] [CA] [Options revised in 2014] Please select the employer-provided benefits, if any, included in this (your best) offer. [check all that apply] ❑ Traditional pension plan (1) ❑ Employer contribution to a retirement account (2) ❑ Health insurance (3) ❑ Dental or vision insurance (4)",,Mapped by variable-name prefix to the local public Job Search codebook question family; suffixes preserve workbook-specific recodes or repeated options.
el5c_last_job_usual_hrs,"Job Search Supplement variable in the EL5C family; see workbook suffix for the recode, option, or repeated-field detail.",,Fallback family metadata from local Job Search codebook naming convention after public-file reformatting.
js26c_impute_fl,"JS26c [If JS26a = {2,3} (non-government)] [RC] [Introduced in 2014] What kind of business or INDUSTRY does this employer operate in?  [See INDUSTRY list in Appendix]",,Mapped by variable-name prefix to the local public Job Search codebook question family; suffixes preserve workbook-specific recodes or repeated options.
js24a_offer_dental,"JS24a [Follow up, if JS19 >0 1 or JS19b > 1 (at least one job offer in last 4 weeks or 6 months)] [CA] [Options revised in 2014] Please select the employer-provided benefits, if any, included in this (your best) offer. [check all that apply] ❑ Traditional pension plan (1) ❑ Employer contribution to a retirement account (2) ❑ Health insurance (3) ❑ Dental or vision insurance (4)",,Mapped by variable-name prefix to the local public Job Search codebook question family; suffixes preserve workbook-specific recodes or repeated options.
l25_last_job_qolbenefits_rc,"L25 [Follow up, if L25self = 1 (wage and salary employment)] [RC] [CA] [Options revised in 2014; see BENEFITS list in Appendix] Did you receive any of the following employer-provided benefits at your most recent job? ❑ [See BENEFITS list in Appendix] 7",,Mapped by variable-name prefix to the local public Job Search codebook question family; suffixes preserve workbook-specific recodes or repeated options.
js24a_offer_nocover,"JS24a [Follow up, if JS19 >0 1 or JS19b > 1 (at least one job offer in last 4 weeks or 6 months)] [CA] [Options revised in 2014] Please select the employer-provided benefits, if any, included in this (your best) offer. [check all that apply] ❑ Traditional pension plan (1) ❑ Employer contribution to a retirement account (2) ❑ Health insurance (3) ❑ Dental or vision insurance (4)",,Mapped by variable-name prefix to the local public Job Search codebook question family; suffixes preserve workbook-specific recodes or repeated options.
js31c_offer_empl_knew_pay,"JS31c [Follow up, if JS19 >0 1 or JS19b > 1 (at least one job offer in last 4 weeks or 6 months)] Consider again your (best) job offer. Did the employer learn how much you are (were) making on your current (previous) job before making you the job offer?  Yes (1)  No (0)",,Mapped by variable-name prefix to the local public Job Search codebook question family; suffixes preserve workbook-specific recodes or repeated options.
l14_cps_job_nocover_rc,"L14 [Employed, wage and salary earners only, including on layoff] [RC] [CA] [Options revised in 2014; see BENEFITS list in Appendix] Do you receive any of the following employer-provided benefits at your main/current job? ❑ [See BENEFITS list in Appendix]",,Mapped by variable-name prefix to the local public Job Search codebook question family; suffixes preserve workbook-specific recodes or repeated options.
hh7_covid_no_class_fx,HH7. [All respondents with HH6 = 1 (enrolled in public or private school).] [Introduced in 2020] How has the coronavirus pandemic affected how the children in this household receive education for the 2020-2021 school year? [check all that apply]  Classes normally taught in person at their school are now cancelled (1)  Classes normally taught in person moved entirely to an online/distance-learning or similar format (2)  Classes normally taught in person moved partially to an online/distance-learning or similar format (3)  The coronavirus pandemic did not affect how children in this household receive education (4),,Mapped by variable-name prefix to the local public Job Search codebook question family; suffixes preserve workbook-specific recodes or repeated options.
l25_last_job_flexspend_rc,"L25 [Follow up, if L25self = 1 (wage and salary employment)] [RC] [CA] [Options revised in 2014; see BENEFITS list in Appendix] Did you receive any of the following employer-provided benefits at your most recent job? ❑ [See BENEFITS list in Appendix] 7",,Mapped by variable-name prefix to the local public Job Search codebook question family; suffixes preserve workbook-specific recodes or repeated options.
jh10_prev_job_earn_wkly,"JH10 [Follow up, if JH2 = {1, 2, 3, 4, 5, or 6} (reported prior or existing work history)] [Revised in 2014 to drop biweekly, monthly reporting options, which were imputed into weekly values in 2013] Please give your best estimate of how much you made, before taxes and other deductions, AT THE TIME YOU LEFT your previous job / at your previous job JUST PRIOR TO STARTING YOUR CURRENT JOB. Please include any bonuses, overtime pay, tips or commissions. (1) ______________________________ (reported as hourly, weekly, or annually) ❑ 999999 = Don’t remember (reported in hourly earnings variable)",,Mapped by variable-name prefix to the local public Job Search codebook question family; suffixes preserve workbook-specific recodes or repeated options.
hh1c_health_cov_govt_exchange_rc,"HH1c [Non-employed and self employed only, L14self = 1 (reported health insurance)] [RC] [CA] [Options revised in 2014] Earlier, you indicated that you currently have health insurance coverage. What is the source of your health insurance coverage? [check all that apply] I have coverage through: ❑ a previous employer (1)",,Mapped by variable-name prefix to the local public Job Search codebook question family; suffixes preserve workbook-specific recodes or repeated options.
es7_selfemp_qolbenefits_rc,"ES7 [Follow up, if ES1 = 2 (own a business)] [RC] [CA] [Options revised in 2014; see BENEFITS list in Appendix] Does your business provide any of the following benefits to any of your employees? [check all that apply] ❑ [See BENEFITS list in Appendix]",,Mapped by variable-name prefix to the local public Job Search codebook question family; suffixes preserve workbook-specific recodes or repeated options.
jh2e_why_quit_prev_pay_rc,"JH2e - JH2e [Follow up, if JH2 = 2 (quit previous job)] [Introduced in 2015] Why did you quit your previous job? Check all that apply  My current job offered higher earnings and/or better benefits than my previous job (1)  My current job offered better hours than my previous job (2)  My current job is a better fit for my skills than my previous job (3)  My current job requires a shorter commute to work (4)",,Mapped by variable-name prefix to the local public Job Search codebook question family; suffixes preserve workbook-specific recodes or repeated options.
jh1s_semp_choice_ownboss_rc,"JH1 [All wage and salary earners, including those on layoff but excluding the self-employed] [RC] [CA] [Options revised in 2014 and 2016] How did you learn about your current job? [check all that apply] ❑ Found through the employer’s website (1) ❑ Inquired with the employer directly through other means, including in-person (2) ❑ Found through an employment agency (including the conversion from temporary to permanent work) (3) ❑ Referred by a friend or relative (4)",,Mapped by variable-name prefix to the local public Job Search codebook question family; suffixes preserve workbook-specific recodes or repeated options.
jh8s_prev_job_nocover_rc,"JH8 [Follow up, if JH2 = {1, 2, 3, 4, or 5} (reported prior or existing work history)] [RC] [CA] [Options revised in 2014] Did you receive any of the following employer-provided benefits at your PREVIOUS job? That is, the job you held before starting to work on your current job. ❑ Traditional pension plan (1) ❑ Employer contribution to a retirement account (for instance, a 401(k), 403(b) or IRA account) (2) ❑ Health insurance (3)",,Mapped by variable-name prefix to the local public Job Search codebook question family; suffixes preserve workbook-specific recodes or repeated options.
jh1_cpsj_offer_empl_agency_rc,"JH1 [All wage and salary earners, including those on layoff but excluding the self-employed] [RC] [CA] [Options revised in 2014 and 2016] How did you learn about your current job? [check all that apply] ❑ Found through the employer’s website (1) ❑ Inquired with the employer directly through other means, including in-person (2) ❑ Found through an employment agency (including the conversion from temporary to permanent work) (3) ❑ Referred by a friend or relative (4)",,Mapped by variable-name prefix to the local public Job Search codebook question family; suffixes preserve workbook-specific recodes or repeated options.
js13a_search_occupation,"JS13a [All that reported searching within the last 4 weeks] [RC] (responses coded into 3-digit SOC codes) What OCCUPATION would best describe the kind of work that you are looking for? (For example: Electrical engineer, stock clerk, typist, farmer, ...) (1) ______________________________ (3-digit SOC code)",,Mapped by variable-name prefix to the local public Job Search codebook question family; suffixes preserve workbook-specific recodes or repeated options.
jh12cs_prev_job_multi_firm,"JH12c [Follow up, if JH2 = {1, 2, 3, 4, or 5} (reported prior or existing work history)] Did your previous employer’s business operate out of more than one LOCATION (office, store, or other permanent place of business)? ❑ Yes (1) ❑ No (0)",,Mapped by variable-name prefix to the local public Job Search codebook question family; suffixes preserve workbook-specific recodes or repeated options.
l18_cps_job_retirement_rc,"L18 [Employed, wage and salary earners only, including on layoff] [RC] [CA] [Question only asked in 2013; replaced by Question L15 in 2014] Suppose 12 MONTHS FROM NOW you are working in the same (main) job as you do now. Which of the following employer-provided benefits do you think you will receive at your job 12 months from now? ❑ [See BENEFITS list in Appendix]",,Mapped by variable-name prefix to the local public Job Search codebook question family; suffixes preserve workbook-specific recodes or repeated options.
jh2e_why_quit_prev_elayoff_rc,"JH2e - JH2e [Follow up, if JH2 = 2 (quit previous job)] [Introduced in 2015] Why did you quit your previous job? Check all that apply  My current job offered higher earnings and/or better benefits than my previous job (1)  My current job offered better hours than my previous job (2)  My current job is a better fit for my skills than my previous job (3)  My current job requires a shorter commute to work (4)",,Mapped by variable-name prefix to the local public Job Search codebook question family; suffixes preserve workbook-specific recodes or repeated options.
tp6b_no_ui_eligibility_rc,"TP6b [Follow up, if TP6 = 2 (no)] [RC] [CA] [Options revised in 2014 and 2020] Why haven’t you applied? ❑ Don’t think I am eligible (1) ❑ Don’t need the extra assistance at this time (2) ❑ Do not know how or where to apply for benefits (3) ❑ I prefer not to receive government assistance (4) ❑ I am retired (5) [Added as response option in 2014, recoded as (6) in 2013]",,Mapped by variable-name prefix to the local public Job Search codebook question family; suffixes preserve workbook-specific recodes or repeated options.
js17a_contact_referral,"JS17a [Follow up, if JS15 > 0 (at least one employer contact)] You just mentioned that [ANSWER FROM JS15] potential employers contacted you in the last 4 weeks. How many of these contacts were the direct result of a referral? (1) _____________________________ contacts",,Mapped by variable-name prefix to the local public Job Search codebook question family; suffixes preserve workbook-specific recodes or repeated options.
js30_offer_equity_rc,"JS30 [Follow up, if JS27 = 2 or JS29 = 2 (benefits were better than expected (inadequate))] [RC] [CA] [Options revised in 2014; see BENEFITS list in Appendix] You indicated above that the benefits offered are/were important in the decision to accept (reject) the job offer. Which of the following employer-provided benefits are/were important in your decision? ❑ [See BENEFITS list in Appendix]",,Mapped by variable-name prefix to the local public Job Search codebook question family; suffixes preserve workbook-specific recodes or repeated options.
js24a_offer_equity,"JS24a [Follow up, if JS19 >0 1 or JS19b > 1 (at least one job offer in last 4 weeks or 6 months)] [CA] [Options revised in 2014] Please select the employer-provided benefits, if any, included in this (your best) offer. [check all that apply] ❑ Traditional pension plan (1) ❑ Employer contribution to a retirement account (2) ❑ Health insurance (3) ❑ Dental or vision insurance (4)",,Mapped by variable-name prefix to the local public Job Search codebook question family; suffixes preserve workbook-specific recodes or repeated options.
rw3_accept_relocation,"Job Search Supplement variable in the RW3 family; see workbook suffix for the recode, option, or repeated-field detail.",,Fallback family metadata from local Job Search codebook naming convention after public-file reformatting.
eo1_wks_on_layoff,"EO1 [Temporary layoffs only] [Wording revised in 2020] As of last week, how many weeks have you been on layoff or on furlough? [Added “or on furlough” in 2020] (1) ______________________________ week(s)",,Mapped by variable-name prefix to the local public Job Search codebook question family; suffixes preserve workbook-specific recodes or repeated options.
el3b_last_job_estab_size,"Job Search Supplement variable in the EL3B family; see workbook suffix for the recode, option, or repeated-field detail.",,Fallback family metadata from local Job Search codebook naming convention after public-file reformatting.
tp1_trnfr_pmt_oth_disability,"TP1 [All respondents] [CA] [Options revised in 2014 and 2020] In the LAST 4 WEEKS, have you received any of the following payments? [check all that apply] ❑ Social Security, SSI, or other retirement payments (1) ❑ Temporary Aid to Needy Families (TANF) (2) ❑ Food stamps or the Supplemental Nutrition Assistance Program (SNAP) (3) ❑ Unemployment Insurance compensation, , including any Pandemic Unemployment Assistance (PUA) or similar unemployment benefits (4) [Added “, including any Pandemic Unemployment Assistance (PUA) or similar",,Mapped by variable-name prefix to the local public Job Search codebook question family; suffixes preserve workbook-specific recodes or repeated options.
ec7b_5pct_wage_cut,"Job Search Supplement variable in the EC7B family; see workbook suffix for the recode, option, or repeated-field detail.",,Fallback family metadata from local Job Search codebook naming convention after public-file reformatting.
jh13b_cpsj_wks_btwn_jobs,"JH13b. [All wage and salary earners, including those on layoff but excluding the self-employed] [Introduced in 2014] As best as you can remember, how many weeks passed between the time when you accepted the offer of your current job and the time when you started work? (1) __________________ weeks ❑ 999994 = I started my new job immediately that week",,Mapped by variable-name prefix to the local public Job Search codebook question family; suffixes preserve workbook-specific recodes or repeated options.
l14self_healthins_rc,L14self [Self-employed or Non-employed] [RC] [CA] Do you currently have any of the following coverage? [check all that apply] ❑ Health insurance (1) ❑ Dental or vision insurance (2) ❑ Life or disability insurance (3) ❑ None of the above (4),,Mapped by variable-name prefix to the local public Job Search codebook question family; suffixes preserve workbook-specific recodes or repeated options.
js2a_search_skill_match_rc,"JS2a [Wage and salary earners, seeking a new job only] [RC] [CA] Why are you a looking for a new job? ❑ I have been given notice that I will lose my job (1) ❑ Not satisfied with pay or benefits on current job (2) ❑ Not satisfied with duties on current job (3) ❑ Unsuitable work hours on current job (4) ❑ Commuting distance is too long (5)",,Mapped by variable-name prefix to the local public Job Search codebook question family; suffixes preserve workbook-specific recodes or repeated options.
js25_offer_empl_agency_rc,"JS25 [Follow up, if JS19 >0 1 or JS19b > 1 (at least one job offer in last 4 weeks or 6 months)] [RC] [CA] [Options revised in 2016] For this (your best) job offer, how did you learn about this job? [check all that apply] I learned about this job from: ❑ Found through the employer’s website (1) ❑ Inquired with the employer directly through other means, including in-person (2)",,Mapped by variable-name prefix to the local public Job Search codebook question family; suffixes preserve workbook-specific recodes or repeated options.
tp6b_no_ui_no_knowledge_rc,"TP6b [Follow up, if TP6 = 2 (no)] [RC] [CA] [Options revised in 2014 and 2020] Why haven’t you applied? ❑ Don’t think I am eligible (1) ❑ Don’t need the extra assistance at this time (2) ❑ Do not know how or where to apply for benefits (3) ❑ I prefer not to receive government assistance (4) ❑ I am retired (5) [Added as response option in 2014, recoded as (6) in 2013]",,Mapped by variable-name prefix to the local public Job Search codebook question family; suffixes preserve workbook-specific recodes or repeated options.
el1_last_job_sep_type_rc,"Job Search Supplement variable in the EL1 family; see workbook suffix for the recode, option, or repeated-field detail.",,Fallback family metadata from local Job Search codebook naming convention after public-file reformatting.
jh1_cpsj_offer_unsolicited_rc,"JH1 [All wage and salary earners, including those on layoff but excluding the self-employed] [RC] [CA] [Options revised in 2014 and 2016] How did you learn about your current job? [check all that apply] ❑ Found through the employer’s website (1) ❑ Inquired with the employer directly through other means, including in-person (2) ❑ Found through an employment agency (including the conversion from temporary to permanent work) (3) ❑ Referred by a friend or relative (4)",,Mapped by variable-name prefix to the local public Job Search codebook question family; suffixes preserve workbook-specific recodes or repeated options.
jh1s_semp_choice_most_semp_rc,"JH1 [All wage and salary earners, including those on layoff but excluding the self-employed] [RC] [CA] [Options revised in 2014 and 2016] How did you learn about your current job? [check all that apply] ❑ Found through the employer’s website (1) ❑ Inquired with the employer directly through other means, including in-person (2) ❑ Found through an employment agency (including the conversion from temporary to permanent work) (3) ❑ Referred by a friend or relative (4)",,Mapped by variable-name prefix to the local public Job Search codebook question family; suffixes preserve workbook-specific recodes or repeated options.
ec8b_10pct_wage_cut,"Job Search Supplement variable in the EC8B family; see workbook suffix for the recode, option, or repeated-field detail.",,Fallback family metadata from local Job Search codebook naming convention after public-file reformatting.
eo10_l5yr_ended_perform,"EO10 [Follow up, if EO7 > 0] You mentioned you worked at [EO7 answer] total jobs in the LAST 5 YEARS. How many of these jobs... Did you work at for at least 2 weeks? (1) ______________________________ Were full-time jobs of at least 35 hours per week? (2) ______________________________ Were temporary or seasonal jobs? (3) ______________________________ Ended because of slow or poor business conditions? (4) ______________________________ Ended because of performance-related reasons? (5) ______________________________",,Mapped by variable-name prefix to the local public Job Search codebook question family; suffixes preserve workbook-specific recodes or repeated options.
jh11as_prev_job_occupation,"JH11a [Follow up, if JH2 = {1, 2, 3, 4, 5, or 6} (reported prior or existing work history)] [RC] (responses coded into 3-digit SOC codes) What kind of work did you do, that is, what was your OCCUPATION on your previous job? (for example: Electrical engineer, stock clerk, typist, farmer, ...) (1) ______________________________ (3-digit SOC code)",,Mapped by variable-name prefix to the local public Job Search codebook question family; suffixes preserve workbook-specific recodes or repeated options.
jh2e_why_quit_prev_job_rc,"JH2e - JH2e [Follow up, if JH2 = 2 (quit previous job)] [Introduced in 2015] Why did you quit your previous job? Check all that apply  My current job offered higher earnings and/or better benefits than my previous job (1)  My current job offered better hours than my previous job (2)  My current job is a better fit for my skills than my previous job (3)  My current job requires a shorter commute to work (4)",,Mapped by variable-name prefix to the local public Job Search codebook question family; suffixes preserve workbook-specific recodes or repeated options.
hh5_spouse_trnpmt_oth_disability,"HH5 [If Q38 = 1 (married or partner present)] [CA] [Options revised in 2014] In the LAST 4 WEEKS, did your spouse/partner receive any of the following payments? ❑ Social Security, SSI, or other retirement payments (1) ❑ Temporary Aid to Needy Families (TANF) (2) ❑ Food stamps or the Supplemental Nutrition Assistance Program (SNAP) (3) ❑ Unemployment Insurance compensation (4) ❑ Severance pay (11)",,Mapped by variable-name prefix to the local public Job Search codebook question family; suffixes preserve workbook-specific recodes or repeated options.
es11_selfemp_usual_hrs,"ES11 [Self-employed only] How many hours per week have you worked [in your independent contractor job, in your business, in your family business, as a self-employed individual], on average, over the LAST FOUR WEEKS? (1) ______________________________ hours per week 11",,Mapped by variable-name prefix to the local public Job Search codebook question family; suffixes preserve workbook-specific recodes or repeated options.
js32e_counter_earn_ann,"JS32e [Follow up, if JS32c or JS32d = 2 (a pay increase was offered by current/previous employer)] [Revised in 2014 to drop biweekly, monthly reporting options, which were imputed into weekly values in 2013] By how much did your pay increase as a result (if at all)? (1) ______________________________ (reported as hourly, weekly, or annually)",,Mapped by variable-name prefix to the local public Job Search codebook question family; suffixes preserve workbook-specific recodes or repeated options.
js22g_offer_earn_hrly,"JS22g [Follow up, if JS19 >0 1 or JS19b > 1 (at least one job offer in last 4 weeks or 6 months)] [Asked as Question JS22 in 2013; revised in 2014 to drop biweekly, monthly reporting options, which were imputed into weekly values in 2013] What was the wage or salary offered (before taxes and other deductions) for this (your best) job offer? Please include any bonuses, overtime pay, tips or commissions. (1) ______________________________ (reported as hourly, weekly, or annually)",,Mapped by variable-name prefix to the local public Job Search codebook question family; suffixes preserve workbook-specific recodes or repeated options.
jh15d_cpsj_refer_dk,"JH15d [Follow up, if JH15c > 0] [Asked as question JH15c in 2013] How many of these were a referral from… A friend or relative _________ A former co-worker, supervisor, teacher, or business associate _________ A current employee at that company _________ ❑ 999999 = Don’t remember",,Mapped by variable-name prefix to the local public Job Search codebook question family; suffixes preserve workbook-specific recodes or repeated options.
l1a_lfs_rc,"L1a. [All respondents] [Introduced in 2014; options originally in Question L1 in 2013] Are you currently working for pay, either for yourself or for someone else? ❑ Yes, working for pay full-time (1) ❑ Yes, working for pay part-time (2) ❑ No (3)",,Mapped by variable-name prefix to the local public Job Search codebook question family; suffixes preserve workbook-specific recodes or repeated options.
l14_cps_job_dental_rc,"L14 [Employed, wage and salary earners only, including on layoff] [RC] [CA] [Options revised in 2014; see BENEFITS list in Appendix] Do you receive any of the following employer-provided benefits at your main/current job? ❑ [See BENEFITS list in Appendix]",,Mapped by variable-name prefix to the local public Job Search codebook question family; suffixes preserve workbook-specific recodes or repeated options.
ec1b_cps_job_govt_type_rc,"EC1b [Follow up, if EC1a = 1 (Government)] Would this be the federal, state, or local government?  Federal (1)  State (2)  Local (3)",,Mapped by variable-name prefix to the local public Job Search codebook question family; suffixes preserve workbook-specific recodes or repeated options.
js34b_offers_declined_num,"JS34b [Follow up, if JS34a = 1 (yes)] How many employers indicated that they would be willing to make you a job offer, but you were not interested? (1) ______________________________ employers (1)",,Mapped by variable-name prefix to the local public Job Search codebook question family; suffixes preserve workbook-specific recodes or repeated options.
jsemp_offer_employed,"Job Search Supplement variable in the JSEMP family; see workbook suffix for the recode, option, or repeated-field detail.",,Fallback family metadata from local Job Search codebook naming convention after public-file reformatting.
hh5_spouse_trnpmt_tanf,"HH5 [If Q38 = 1 (married or partner present)] [CA] [Options revised in 2014] In the LAST 4 WEEKS, did your spouse/partner receive any of the following payments? ❑ Social Security, SSI, or other retirement payments (1) ❑ Temporary Aid to Needy Families (TANF) (2) ❑ Food stamps or the Supplemental Nutrition Assistance Program (SNAP) (3) ❑ Unemployment Insurance compensation (4) ❑ Severance pay (11)",,Mapped by variable-name prefix to the local public Job Search codebook question family; suffixes preserve workbook-specific recodes or repeated options.
js6_search_other_look_rc,"JS6 [All that reported searching within the last 4 weeks] [RC] [CA] [Options revised in 2014] What were ALL the things you have done to look for work during the LAST 4 WEEKS? ❑ Had at least one job interview (1) [Option removed in 2014, superseded by new Question JS18a] ❑ Contacted an employer directly online or through e-mail (1) [Option (2) in 2013] ❑ Contacted an employer directly through other means, including in-person (2) [Option (3) in 2013] ❑ Contacted an employment agency or career center, including a career center at a school or university (3) [Option (4) in 2013]",,Mapped by variable-name prefix to the local public Job Search codebook question family; suffixes preserve workbook-specific recodes or repeated options.
jh1s_semp_choice_startup_rc,"JH1 [All wage and salary earners, including those on layoff but excluding the self-employed] [RC] [CA] [Options revised in 2014 and 2016] How did you learn about your current job? [check all that apply] ❑ Found through the employer’s website (1) ❑ Inquired with the employer directly through other means, including in-person (2) ❑ Found through an employment agency (including the conversion from temporary to permanent work) (3) ❑ Referred by a friend or relative (4)",,Mapped by variable-name prefix to the local public Job Search codebook question family; suffixes preserve workbook-specific recodes or repeated options.
js23_offer_accept,"JS23 [Follow up, if JS19 >0 1 or JS19b > 1 (at least one job offer in last 4 weeks or 6 months)] Have you accepted, or do you plan to accept, this (your best) job offer?  Accepted or will accept (1)  Rejected or will reject (2)  Don’t know yet (3)",,Mapped by variable-name prefix to the local public Job Search codebook question family; suffixes preserve workbook-specific recodes or repeated options.
jh1_cpsj_offer_empl_other_rc,"JH1 [All wage and salary earners, including those on layoff but excluding the self-employed] [RC] [CA] [Options revised in 2014 and 2016] How did you learn about your current job? [check all that apply] ❑ Found through the employer’s website (1) ❑ Inquired with the employer directly through other means, including in-person (2) ❑ Found through an employment agency (including the conversion from temporary to permanent work) (3) ❑ Referred by a friend or relative (4)",,Mapped by variable-name prefix to the local public Job Search codebook question family; suffixes preserve workbook-specific recodes or repeated options.
l14_cps_job_qolbenefits_rc,"L14 [Employed, wage and salary earners only, including on layoff] [RC] [CA] [Options revised in 2014; see BENEFITS list in Appendix] Do you receive any of the following employer-provided benefits at your main/current job? ❑ [See BENEFITS list in Appendix]",,Mapped by variable-name prefix to the local public Job Search codebook question family; suffixes preserve workbook-specific recodes or repeated options.
l10_cps_job_usual_hrs,"L10 [Employed only, including on layoff] How many hours per week do you USUALLY work at your main/current job? I usually work (1) ______________________________ hours per week",,Mapped by variable-name prefix to the local public Job Search codebook question family; suffixes preserve workbook-specific recodes or repeated options.
l25_last_job_lifeins_rc,"L25 [Follow up, if L25self = 1 (wage and salary employment)] [RC] [CA] [Options revised in 2014; see BENEFITS list in Appendix] Did you receive any of the following employer-provided benefits at your most recent job? ❑ [See BENEFITS list in Appendix] 7",,Mapped by variable-name prefix to the local public Job Search codebook question family; suffixes preserve workbook-specific recodes or repeated options.
eo7_total_jobs_last5yrs,EO7 [All but self-employed and wage and salary owners with current employer for at least 5 years] How many different employers have you worked for during the LAST 5 YEARS? Please include all current employers in the total. (1) ______________________________ employers,,Mapped by variable-name prefix to the local public Job Search codebook question family; suffixes preserve workbook-specific recodes or repeated options.
hh1b_health_cov_govt_prog_rc,"HH1b [Follow up, if HH1a = 1 (yes)] [RC] [CA] [Options revised in 2014 and 2016] What is the source of your health insurance coverage? [check all that apply] I have coverage through: ❑ a previous employer (1) ❑ my spouse/partner’s health insurance (2) ❑ my parents’ health insurance (3)",,Mapped by variable-name prefix to the local public Job Search codebook question family; suffixes preserve workbook-specific recodes or repeated options.
js7a_search_resume_rc,"JS7 [All that reported searching within the last 4 weeks] And within the LAST 7 DAYS, about how many TOTAL hours did you spend on job search activities? Please round up to the nearest total number of hours. (1) ______________________________ hours",,Mapped by variable-name prefix to the local public Job Search codebook question family; suffixes preserve workbook-specific recodes or repeated options.
l6_emp_looked_for_work,"L6 [Employed only, excluding layoffs] Have you done anything in the LAST 4 WEEKS to look for new work?  Yes, looking to leave my current job for a new job (1)  Yes, looking for an additional job without leaving my current job (2)  No (3)",,Mapped by variable-name prefix to the local public Job Search codebook question family; suffixes preserve workbook-specific recodes or repeated options.
ec1b_impute_fl,"EC1b [Follow up, if EC1a = 1 (Government)] Would this be the federal, state, or local government?  Federal (1)  State (2)  Local (3)",,Mapped by variable-name prefix to the local public Job Search codebook question family; suffixes preserve workbook-specific recodes or repeated options.
eo12_l5yr_mos_disabled,EO12 [Follow up to EO11] You just mentioned that during the LAST 5 YEARS you spent [EO11 answer] months without a job. How many of these months were spent primarily... Looking for work: (1) ______________________________ months (1) Enrolled in school: (2) ______________________________ months (2) Not looking for work because no work was available: (3) ______________________________ months (3) Not looking for work because of disability or retirement: (4) ______________________________ months (4),,Mapped by variable-name prefix to the local public Job Search codebook question family; suffixes preserve workbook-specific recodes or repeated options.
js32b_counter_would_match,"JS32b [Follow up, if JS23  1 (have not accepted decided to accept)] Do you think your current employer would match the wage that was offered (on your best job offer)?  Yes (1)  No (2)",,Mapped by variable-name prefix to the local public Job Search codebook question family; suffixes preserve workbook-specific recodes or repeated options.
es9_selfemp_commute_time,ES9 [Self-employed only] What is the average time you spend commuting to and from work each day? (1) ______________________________ minutes ❑ 999996 = I mostly work from home,,Mapped by variable-name prefix to the local public Job Search codebook question family; suffixes preserve workbook-specific recodes or repeated options.
l2_num_jobs_rc,"Job Search Supplement variable in the L2 family; see workbook suffix for the recode, option, or repeated-field detail.",,Fallback family metadata from local Job Search codebook naming convention after public-file reformatting.
jh8_prev_job_qolbenefits_rc,"JH8 [Follow up, if JH2 = {1, 2, 3, 4, or 5} (reported prior or existing work history)] [RC] [CA] [Options revised in 2014] Did you receive any of the following employer-provided benefits at your PREVIOUS job? That is, the job you held before starting to work on your current job. ❑ Traditional pension plan (1) ❑ Employer contribution to a retirement account (for instance, a 401(k), 403(b) or IRA account) (2) ❑ Health insurance (3)",,Mapped by variable-name prefix to the local public Job Search codebook question family; suffixes preserve workbook-specific recodes or repeated options.
jh12a_prev_job_govt_type_rc,"JH12a. [Follow up, if JH12 = 1 (government)] [RC] [Introduced in 2014] Would this be the federal, state, or local government? ❑ Federal (1) ❑ State (2) ❑ Local (3)",,Mapped by variable-name prefix to the local public Job Search codebook question family; suffixes preserve workbook-specific recodes or repeated options.
js6_search_other_contact_rc,"JS6 [All that reported searching within the last 4 weeks] [RC] [CA] [Options revised in 2014] What were ALL the things you have done to look for work during the LAST 4 WEEKS? ❑ Had at least one job interview (1) [Option removed in 2014, superseded by new Question JS18a] ❑ Contacted an employer directly online or through e-mail (1) [Option (2) in 2013] ❑ Contacted an employer directly through other means, including in-person (2) [Option (3) in 2013] ❑ Contacted an employment agency or career center, including a career center at a school or university (3) [Option (4) in 2013]",,Mapped by variable-name prefix to the local public Job Search codebook question family; suffixes preserve workbook-specific recodes or repeated options.
es7_selfemp_healthins_rc,"ES7 [Follow up, if ES1 = 2 (own a business)] [RC] [CA] [Options revised in 2014; see BENEFITS list in Appendix] Does your business provide any of the following benefits to any of your employees? [check all that apply] ❑ [See BENEFITS list in Appendix]",,Mapped by variable-name prefix to the local public Job Search codebook question family; suffixes preserve workbook-specific recodes or repeated options.
hh1c_health_cov_govt_prog_rc,"HH1c [Non-employed and self employed only, L14self = 1 (reported health insurance)] [RC] [CA] [Options revised in 2014] Earlier, you indicated that you currently have health insurance coverage. What is the source of your health insurance coverage? [check all that apply] I have coverage through: ❑ a previous employer (1)",,Mapped by variable-name prefix to the local public Job Search codebook question family; suffixes preserve workbook-specific recodes or repeated options.
jh2b_cpsj_wks_btwn_jobs,"JH2b [Follow up, if JH2 = {1, 2, 3, or 5} (reported prior work history)] How many weeks passed between the time when your previous job ended and the time when your current job started? Please enter 0 if you started your current job right after your previous job ended. (1) ______________________________ week(s) ❑ 999999 = Don’t remember",,Mapped by variable-name prefix to the local public Job Search codebook question family; suffixes preserve workbook-specific recodes or repeated options.
js29_reject_benefits_rc,"JS29 [Follow up, if JS23 = 2 (rejected or will reject (best) offer)] [RC] [CA] [Options revised in 2014 and 2020] You indicated that you rejected or will reject the (best) job offer that you listed above. What characteristics of this job offer caused/will cause you to reject it? ❑ Pay was inadequate (1) ❑ Benefits were inadequate (2) ❑ Unsuitable work hours (3) ❑ Commute time would be too long (4)",,Mapped by variable-name prefix to the local public Job Search codebook question family; suffixes preserve workbook-specific recodes or repeated options.
jh1s_semp_choice_economy_rc,"JH1 [All wage and salary earners, including those on layoff but excluding the self-employed] [RC] [CA] [Options revised in 2014 and 2016] How did you learn about your current job? [check all that apply] ❑ Found through the employer’s website (1) ❑ Inquired with the employer directly through other means, including in-person (2) ❑ Found through an employment agency (including the conversion from temporary to permanent work) (3) ❑ Referred by a friend or relative (4)",,Mapped by variable-name prefix to the local public Job Search codebook question family; suffixes preserve workbook-specific recodes or repeated options.
jh2a_cpsj_prev_search,"JH2a. [All wage and salary earners, including those on layoff but excluding the self-employed] [Introduced in 2017] Were you actively looking for work in the months prior to accepting your current job? ❑ Yes (1) ❑ No (2)",,Mapped by variable-name prefix to the local public Job Search codebook question family; suffixes preserve workbook-specific recodes or repeated options.
jh3_cpsj_relocate,"JH3 [Follow up, if JH2 = {1, 2, 3, or 5} (reported prior work history)] Did accepting your main/current job cause you to relocate to another city or state?  Yes (1)  No (0)",,Mapped by variable-name prefix to the local public Job Search codebook question family; suffixes preserve workbook-specific recodes or repeated options.
numchildren_under6,Number of children under age 6 in household.,,Manual metadata from demographic section of local Job Search codebook PDF.
ec13_cps_job_job_satisfied,"EC13 [Wage and salary earners only, including on layoff] [Introduced in 2014] Taking everything into consideration, how satisfied would you say you are, overall, in your [current/main] job?  Very dissatisfied (1)  Somewhat dissatisfied (2)  Neither satisfied nor dissatisfied (3)  Somewhat satisfied (4)",,Mapped by variable-name prefix to the local public Job Search codebook question family; suffixes preserve workbook-specific recodes or repeated options.
jh2e_impute_fl,"JH2e - JH2e [Follow up, if JH2 = 2 (quit previous job)] [Introduced in 2015] Why did you quit your previous job? Check all that apply  My current job offered higher earnings and/or better benefits than my previous job (1)  My current job offered better hours than my previous job (2)  My current job is a better fit for my skills than my previous job (3)  My current job requires a shorter commute to work (4)",,Mapped by variable-name prefix to the local public Job Search codebook question family; suffixes preserve workbook-specific recodes or repeated options.
tp6_ui_applied_last4wks_rc,"TP6 [Follow up, if TP1  4 (no unemployment insurance compensation) and not employed at least part-time] [RC] (recoded based on responses to other questions) Have you applied for Unemployment Insurance benefits in the LAST 4 WEEKS?  Yes (1)  No (2)  I have already exhausted my UI benefits (3)",,Mapped by variable-name prefix to the local public Job Search codebook question family; suffixes preserve workbook-specific recodes or repeated options.
l24_last_job_ann_fl,"L24 [Not employed or on layoff and had previous employment] [Revised in 2014 to drop biweekly, monthly reporting options, which were imputed into weekly values in 2013] How much did you make, BEFORE taxes and other deductions, on your most recent job? Please include any bonuses, overtime pay, tips or commissions. (1) ______________________________ (reported as hourly, weekly, or annually)  [See INCOME BRACKETS list in the Appendix, for annual salaries reported as a range]",,Mapped by variable-name prefix to the local public Job Search codebook question family; suffixes preserve workbook-specific recodes or repeated options.
l14_cps_job_retirement_rc,"L14 [Employed, wage and salary earners only, including on layoff] [RC] [CA] [Options revised in 2014; see BENEFITS list in Appendix] Do you receive any of the following employer-provided benefits at your main/current job? ❑ [See BENEFITS list in Appendix]",,Mapped by variable-name prefix to the local public Job Search codebook question family; suffixes preserve workbook-specific recodes or repeated options.
l14_cps_job_commuting_rc,"L14 [Employed, wage and salary earners only, including on layoff] [RC] [CA] [Options revised in 2014; see BENEFITS list in Appendix] Do you receive any of the following employer-provided benefits at your main/current job? ❑ [See BENEFITS list in Appendix]",,Mapped by variable-name prefix to the local public Job Search codebook question family; suffixes preserve workbook-specific recodes or repeated options.
eo3anew_layoff_pct_chance_recall,"EO3a [Temporary layoffs only] Regardless of whether you have been given any indication, what do you think is the percent chance that you will be recalled by your previous employer within the next 6 months? (1) ________________ percent chance",,Mapped by variable-name prefix to the local public Job Search codebook question family; suffixes preserve workbook-specific recodes or repeated options.
js22_offer_earn_wkly,"JS22 [Follow up, if JS19 = 1 or JS19b = 1 (one job offer in last 4 weeks or 6 months)] [Introduced in 2014] What was the month and year that you received “this”/”your best” job offer? (1) ______________________________ (reported as YYYYMM) JSemp [Follow up, if JS19 >0 1 or JS19b > 1 (at least one job offer in last 4 weeks or 6 months)] Were you employed, either full-time or part-time, at the time you received this (your best) job offer?  Yes, full-time (1)  Yes, part-time (2)",,Mapped by variable-name prefix to the local public Job Search codebook question family; suffixes preserve workbook-specific recodes or repeated options.
jh1_cpsj_offer_family_bus_rc,"JH1 [All wage and salary earners, including those on layoff but excluding the self-employed] [RC] [CA] [Options revised in 2014 and 2016] How did you learn about your current job? [check all that apply] ❑ Found through the employer’s website (1) ❑ Inquired with the employer directly through other means, including in-person (2) ❑ Found through an employment agency (including the conversion from temporary to permanent work) (3) ❑ Referred by a friend or relative (4)",,Mapped by variable-name prefix to the local public Job Search codebook question family; suffixes preserve workbook-specific recodes or repeated options.
jh15c_cpsj_refer_employee,"JH15c [Follow up, if JH15 > 0 (at least one contact)] [Introduced in 2014; reflects split of original question",,Mapped by variable-name prefix to the local public Job Search codebook question family; suffixes preserve workbook-specific recodes or repeated options.
js27_accept_prev_employer_rc,"JS27 [Follow up, if JS23 = 1 (accepted or will accept (best) offer)] [RC] [CA] [Options revised in 2014, 2016, and 2020] Think about the job that you have accepted or will accept. What characteristics of this job made it worth accepting? ❑ Pay is as good or better than expected (1) ❑ Benefits are as good or better than expected (2) ❑ Preferred work hours were offered (either full-time or flexible full or part time hours) (3) ❑ The commute time to work seems manageable (4)",,Mapped by variable-name prefix to the local public Job Search codebook question family; suffixes preserve workbook-specific recodes or repeated options.
jh8s_prev_job_retirement_rc,"JH8 [Follow up, if JH2 = {1, 2, 3, 4, or 5} (reported prior or existing work history)] [RC] [CA] [Options revised in 2014] Did you receive any of the following employer-provided benefits at your PREVIOUS job? That is, the job you held before starting to work on your current job. ❑ Traditional pension plan (1) ❑ Employer contribution to a retirement account (for instance, a 401(k), 403(b) or IRA account) (2) ❑ Health insurance (3)",,Mapped by variable-name prefix to the local public Job Search codebook question family; suffixes preserve workbook-specific recodes or repeated options.
eo10_l5yr_ended_quit,"EO10 [Follow up, if EO7 > 0] You mentioned you worked at [EO7 answer] total jobs in the LAST 5 YEARS. How many of these jobs... Did you work at for at least 2 weeks? (1) ______________________________ Were full-time jobs of at least 35 hours per week? (2) ______________________________ Were temporary or seasonal jobs? (3) ______________________________ Ended because of slow or poor business conditions? (4) ______________________________ Ended because of performance-related reasons? (5) ______________________________",,Mapped by variable-name prefix to the local public Job Search codebook question family; suffixes preserve workbook-specific recodes or repeated options.
ec7a_5pct_earn_cut,"Job Search Supplement variable in the EC7A family; see workbook suffix for the recode, option, or repeated-field detail.",,Fallback family metadata from local Job Search codebook naming convention after public-file reformatting.
jh12b_impute_fl,"JH12b [Follow up, if JH12 = = {2, 3, 4} (non-government)] [RC] [Introduced in 2014] What kind of business or INDUSTRY was your previous employer in?  [See INDUSTRY list in Appendix]",,Mapped by variable-name prefix to the local public Job Search codebook question family; suffixes preserve workbook-specific recodes or repeated options.
l14_cps_job_healthins_rc,"L14 [Employed, wage and salary earners only, including on layoff] [RC] [CA] [Options revised in 2014; see BENEFITS list in Appendix] Do you receive any of the following employer-provided benefits at your main/current job? ❑ [See BENEFITS list in Appendix]",,Mapped by variable-name prefix to the local public Job Search codebook question family; suffixes preserve workbook-specific recodes or repeated options.
js27_accept_safe_workplace_rc,"JS27 [Follow up, if JS23 = 1 (accepted or will accept (best) offer)] [RC] [CA] [Options revised in 2014, 2016, and 2020] Think about the job that you have accepted or will accept. What characteristics of this job made it worth accepting? ❑ Pay is as good or better than expected (1) ❑ Benefits are as good or better than expected (2) ❑ Preferred work hours were offered (either full-time or flexible full or part time hours) (3) ❑ The commute time to work seems manageable (4)",,Mapped by variable-name prefix to the local public Job Search codebook question family; suffixes preserve workbook-specific recodes or repeated options.
jh1s_semp_choice_family_rc,"JH1 [All wage and salary earners, including those on layoff but excluding the self-employed] [RC] [CA] [Options revised in 2014 and 2016] How did you learn about your current job? [check all that apply] ❑ Found through the employer’s website (1) ❑ Inquired with the employer directly through other means, including in-person (2) ❑ Found through an employment agency (including the conversion from temporary to permanent work) (3) ❑ Referred by a friend or relative (4)",,Mapped by variable-name prefix to the local public Job Search codebook question family; suffixes preserve workbook-specific recodes or repeated options.
l18_impute_fl,"L18 [Employed, wage and salary earners only, including on layoff] [RC] [CA] [Question only asked in 2013; replaced by Question L15 in 2014] Suppose 12 MONTHS FROM NOW you are working in the same (main) job as you do now. Which of the following employer-provided benefits do you think you will receive at your job 12 months from now? ❑ [See BENEFITS list in Appendix]",,Mapped by variable-name prefix to the local public Job Search codebook question family; suffixes preserve workbook-specific recodes or repeated options.
hh1b_health_cov_spouse_rc,"HH1b [Follow up, if HH1a = 1 (yes)] [RC] [CA] [Options revised in 2014 and 2016] What is the source of your health insurance coverage? [check all that apply] I have coverage through: ❑ a previous employer (1) ❑ my spouse/partner’s health insurance (2) ❑ my parents’ health insurance (3)",,Mapped by variable-name prefix to the local public Job Search codebook question family; suffixes preserve workbook-specific recodes or repeated options.
js29_reject_skill_match_rc,"JS29 [Follow up, if JS23 = 2 (rejected or will reject (best) offer)] [RC] [CA] [Options revised in 2014 and 2020] You indicated that you rejected or will reject the (best) job offer that you listed above. What characteristics of this job offer caused/will cause you to reject it? ❑ Pay was inadequate (1) ❑ Benefits were inadequate (2) ❑ Unsuitable work hours (3) ❑ Commute time would be too long (4)",,Mapped by variable-name prefix to the local public Job Search codebook question family; suffixes preserve workbook-specific recodes or repeated options.
eo4_school_type_rc,EO4 [Students only] [RC] You indicated that you were currently attending school or receiving training. What type of training are you currently enrolled in?  High School or equivalent program (1)  Vocational training or certification program (2)  A two-year college (3)  An undergraduate program at a four-year college or university (4),,Mapped by variable-name prefix to the local public Job Search codebook question family; suffixes preserve workbook-specific recodes or repeated options.
js2a_search_hours_rc,"JS2a [Wage and salary earners, seeking a new job only] [RC] [CA] Why are you a looking for a new job? ❑ I have been given notice that I will lose my job (1) ❑ Not satisfied with pay or benefits on current job (2) ❑ Not satisfied with duties on current job (3) ❑ Unsuitable work hours on current job (4) ❑ Commuting distance is too long (5)",,Mapped by variable-name prefix to the local public Job Search codebook question family; suffixes preserve workbook-specific recodes or repeated options.
hh1a_healthins_other_means_rc,"HH1a [Wage and salary earners, including on layoff, L14  3 (no reported health insurance)] [RC] (recoded based on responses to other questions) Earlier, you indicated that you don’t have employer-provided health insurance. Do you currently have health insurance coverage through other means?  Yes (1)  No (0)",,Mapped by variable-name prefix to the local public Job Search codebook question family; suffixes preserve workbook-specific recodes or repeated options.
js28b_accept_cps_job,"JS28b [Follow up, if JS28 = “already started this new job”] Is this the same job that you reported as your main/current job above?  Yes (1)  No (0)",,Mapped by variable-name prefix to the local public Job Search codebook question family; suffixes preserve workbook-specific recodes or repeated options.
jh1s_semp_choice_sold_bus_rc,"JH1 [All wage and salary earners, including those on layoff but excluding the self-employed] [RC] [CA] [Options revised in 2014 and 2016] How did you learn about your current job? [check all that apply] ❑ Found through the employer’s website (1) ❑ Inquired with the employer directly through other means, including in-person (2) ❑ Found through an employment agency (including the conversion from temporary to permanent work) (3) ❑ Referred by a friend or relative (4)",,Mapped by variable-name prefix to the local public Job Search codebook question family; suffixes preserve workbook-specific recodes or repeated options.
hh7_covid_class_hybrid,HH7. [All respondents with HH6 = 1 (enrolled in public or private school).] [Introduced in 2020] How has the coronavirus pandemic affected how the children in this household receive education for the 2020-2021 school year? [check all that apply]  Classes normally taught in person at their school are now cancelled (1)  Classes normally taught in person moved entirely to an online/distance-learning or similar format (2)  Classes normally taught in person moved partially to an online/distance-learning or similar format (3)  The coronavirus pandemic did not affect how children in this household receive education (4),,Mapped by variable-name prefix to the local public Job Search codebook question family; suffixes preserve workbook-specific recodes or repeated options.
js27_accept_job_stability_rc,"JS27 [Follow up, if JS23 = 1 (accepted or will accept (best) offer)] [RC] [CA] [Options revised in 2014, 2016, and 2020] Think about the job that you have accepted or will accept. What characteristics of this job made it worth accepting? ❑ Pay is as good or better than expected (1) ❑ Benefits are as good or better than expected (2) ❑ Preferred work hours were offered (either full-time or flexible full or part time hours) (3) ❑ The commute time to work seems manageable (4)",,Mapped by variable-name prefix to the local public Job Search codebook question family; suffixes preserve workbook-specific recodes or repeated options.
tp6b_no_ui_no_govt_help_rc,"TP6b [Follow up, if TP6 = 2 (no)] [RC] [CA] [Options revised in 2014 and 2020] Why haven’t you applied? ❑ Don’t think I am eligible (1) ❑ Don’t need the extra assistance at this time (2) ❑ Do not know how or where to apply for benefits (3) ❑ I prefer not to receive government assistance (4) ❑ I am retired (5) [Added as response option in 2014, recoded as (6) in 2013]",,Mapped by variable-name prefix to the local public Job Search codebook question family; suffixes preserve workbook-specific recodes or repeated options.
js24a_offer_retirement,"JS24a [Follow up, if JS19 >0 1 or JS19b > 1 (at least one job offer in last 4 weeks or 6 months)] [CA] [Options revised in 2014] Please select the employer-provided benefits, if any, included in this (your best) offer. [check all that apply] ❑ Traditional pension plan (1) ❑ Employer contribution to a retirement account (2) ❑ Health insurance (3) ❑ Dental or vision insurance (4)",,Mapped by variable-name prefix to the local public Job Search codebook question family; suffixes preserve workbook-specific recodes or repeated options.
js27_impute_fl,"JS27 [Follow up, if JS23 = 1 (accepted or will accept (best) offer)] [RC] [CA] [Options revised in 2014, 2016, and 2020] Think about the job that you have accepted or will accept. What characteristics of this job made it worth accepting? ❑ Pay is as good or better than expected (1) ❑ Benefits are as good or better than expected (2) ❑ Preferred work hours were offered (either full-time or flexible full or part time hours) (3) ❑ The commute time to work seems manageable (4)",,Mapped by variable-name prefix to the local public Job Search codebook question family; suffixes preserve workbook-specific recodes or repeated options.
ec4a_cps_job_temp_job,"EC4a [Wage and salary earners only, including on layoff] [Introduced in 2014; wording revised to inlcude “or one that has a specific task or end date” in 2017] Is your [main/current] job a temporary or seasonal job, or one that has a specific task or end date? ❑ Yes (1) ❑ No (2)",,Mapped by variable-name prefix to the local public Job Search codebook question family; suffixes preserve workbook-specific recodes or repeated options.
tp1_trnfr_pmt_tanf,"TP1 [All respondents] [CA] [Options revised in 2014 and 2020] In the LAST 4 WEEKS, have you received any of the following payments? [check all that apply] ❑ Social Security, SSI, or other retirement payments (1) ❑ Temporary Aid to Needy Families (TANF) (2) ❑ Food stamps or the Supplemental Nutrition Assistance Program (SNAP) (3) ❑ Unemployment Insurance compensation, , including any Pandemic Unemployment Assistance (PUA) or similar unemployment benefits (4) [Added “, including any Pandemic Unemployment Assistance (PUA) or similar",,Mapped by variable-name prefix to the local public Job Search codebook question family; suffixes preserve workbook-specific recodes or repeated options.
rw2h_reserv_wage,"Job Search Supplement variable in the RW2H family; see workbook suffix for the recode, option, or repeated-field detail.",,Fallback family metadata from local Job Search codebook naming convention after public-file reformatting.
js32cd_counter_promotion,"JS32c/JS32d [Follow up, if JS28 = “already started this new job”] [CA] (Were you able to secure any promotion, pay increase, or increase in benefits on your main/current job as a result of this outside job offer?)/Before you accepted the offer for your new job, were you offered any promotion, pay increase, or increase in benefits by your previous employer as a counter-offer to this outside job offer? [check all that apply] ❑ Yes, a promotion was offered (1) ❑ Yes, a pay increase was offered (2)",,Mapped by variable-name prefix to the local public Job Search codebook question family; suffixes preserve workbook-specific recodes or repeated options.
js24a_offer_healthins,"JS24a [Follow up, if JS19 >0 1 or JS19b > 1 (at least one job offer in last 4 weeks or 6 months)] [CA] [Options revised in 2014] Please select the employer-provided benefits, if any, included in this (your best) offer. [check all that apply] ❑ Traditional pension plan (1) ❑ Employer contribution to a retirement account (2) ❑ Health insurance (3) ❑ Dental or vision insurance (4)",,Mapped by variable-name prefix to the local public Job Search codebook question family; suffixes preserve workbook-specific recodes or repeated options.
jh12f_prev_job_union,"JH12f [Follow up, if JH2 = {1, 2, 3, 4, or 5} (reported prior or existing work history)] [Introduced in 2014] At your PLACE OF WORK for your previous job, were you or any other employees part of a union? ❑ Yes (1) ❑ No (0)",,Mapped by variable-name prefix to the local public Job Search codebook question family; suffixes preserve workbook-specific recodes or repeated options.
jh12c_prev_job_multi_firm,"JH12c [Follow up, if JH2 = {1, 2, 3, 4, or 5} (reported prior or existing work history)] Did your previous employer’s business operate out of more than one LOCATION (office, store, or other permanent place of business)? ❑ Yes (1) ❑ No (0)",,Mapped by variable-name prefix to the local public Job Search codebook question family; suffixes preserve workbook-specific recodes or repeated options.
tp7_ssdi_applied_last4wks,"TP7 [Follow up, if TP1  5 (no SSDI benefits) and not employed at least part-time] Have you applied for Social Security Disability Insurance benefits in the LAST 4 WEEKS?  Yes (1)  No (0)",,Mapped by variable-name prefix to the local public Job Search codebook question family; suffixes preserve workbook-specific recodes or repeated options.
year,Job Search Supplement survey year; supplement is fielded each October.,,Manual metadata from demographic section of local Job Search codebook PDF.
numchildren_under18,Number of children under age 18 in household.,,Manual metadata from demographic section of local Job Search codebook PDF.
js2a_search_compensation_rc,"JS2a [Wage and salary earners, seeking a new job only] [RC] [CA] Why are you a looking for a new job? ❑ I have been given notice that I will lose my job (1) ❑ Not satisfied with pay or benefits on current job (2) ❑ Not satisfied with duties on current job (3) ❑ Unsuitable work hours on current job (4) ❑ Commuting distance is too long (5)",,Mapped by variable-name prefix to the local public Job Search codebook question family; suffixes preserve workbook-specific recodes or repeated options.
js6_search_empl_agency_rc,"JS6 [All that reported searching within the last 4 weeks] [RC] [CA] [Options revised in 2014] What were ALL the things you have done to look for work during the LAST 4 WEEKS? ❑ Had at least one job interview (1) [Option removed in 2014, superseded by new Question JS18a] ❑ Contacted an employer directly online or through e-mail (1) [Option (2) in 2013] ❑ Contacted an employer directly through other means, including in-person (2) [Option (3) in 2013] ❑ Contacted an employment agency or career center, including a career center at a school or university (3) [Option (4) in 2013]",,Mapped by variable-name prefix to the local public Job Search codebook question family; suffixes preserve workbook-specific recodes or repeated options.
js11c_is_whycantstart_covid,"JS11c. [All respondents with JS11b = {2, 4, 9} (all those not available because of health, child care, or other).] [Introduced in 2020] Is the reason you are not available for work related to the coronavirus pandemic or related restrictions on activity or business operations?  Yes, I am/have been ill with coronavirus symptoms (1)  Yes, I am/have been caring for someone with coronavirus symptoms (2)  Yes, I have added child care or other family obligations (3)",,Mapped by variable-name prefix to the local public Job Search codebook question family; suffixes preserve workbook-specific recodes or repeated options.
js3_search_why_no_search_rc,"JS3 [All that did not search within the last 4 weeks, excluding the self-employed] [RC] You indicated that you were not looking for a job over the last 4 weeks. Why didn’t you look for work? Please select the answer that best describes why you did not look for work. ❑ I currently have a job (1) ❑ No work available in my line of work or area (2) ❑ I tried to find work, but could not find any (3) ❑ I lack the necessary schooling, training or experience (4)",,Mapped by variable-name prefix to the local public Job Search codebook question family; suffixes preserve workbook-specific recodes or repeated options.
l18_cps_job_equity_rc,"L18 [Employed, wage and salary earners only, including on layoff] [RC] [CA] [Question only asked in 2013; replaced by Question L15 in 2014] Suppose 12 MONTHS FROM NOW you are working in the same (main) job as you do now. Which of the following employer-provided benefits do you think you will receive at your job 12 months from now? ❑ [See BENEFITS list in Appendix]",,Mapped by variable-name prefix to the local public Job Search codebook question family; suffixes preserve workbook-specific recodes or repeated options.
hh5_spouse_trnpmt_ss_disability,"HH5 [If Q38 = 1 (married or partner present)] [CA] [Options revised in 2014] In the LAST 4 WEEKS, did your spouse/partner receive any of the following payments? ❑ Social Security, SSI, or other retirement payments (1) ❑ Temporary Aid to Needy Families (TANF) (2) ❑ Food stamps or the Supplemental Nutrition Assistance Program (SNAP) (3) ❑ Unemployment Insurance compensation (4) ❑ Severance pay (11)",,Mapped by variable-name prefix to the local public Job Search codebook question family; suffixes preserve workbook-specific recodes or repeated options.
l25_impute_fl,"L25 [Follow up, if L25self = 1 (wage and salary employment)] [RC] [CA] [Options revised in 2014; see BENEFITS list in Appendix] Did you receive any of the following employer-provided benefits at your most recent job? ❑ [See BENEFITS list in Appendix] 7",,Mapped by variable-name prefix to the local public Job Search codebook question family; suffixes preserve workbook-specific recodes or repeated options.
js5_search_pct_ch_next12mos,"Job Search Supplement variable in the JS5 family; see workbook suffix for the recode, option, or repeated-field detail.",,Fallback family metadata from local Job Search codebook naming convention after public-file reformatting.
js20_offer_occupation,"JS20 [Follow up, if JS19 = 1 or JS19b = 1 (one job offer in last 4 weeks or 6 months)] [RC] (responses coded into 3-digit SOC codes) (Out of the [JS19 or JS19b answer] job offers you received over the last 4 weeks (6 months), please consider the BEST job offer.) What OCCUPATION would best describe the kind of work that the job would entail? (For example: Electrical engineer, stock clerk, typist, farmer, ...) (1) ______________________________ (3-digit SOC code)",,Mapped by variable-name prefix to the local public Job Search codebook question family; suffixes preserve workbook-specific recodes or repeated options.
survey_weight,Job Search Supplement survey weight.,,Manual metadata from demographic section of local Job Search codebook PDF.
es7_selfemp_housing_rc,"ES7 [Follow up, if ES1 = 2 (own a business)] [RC] [CA] [Options revised in 2014; see BENEFITS list in Appendix] Does your business provide any of the following benefits to any of your employees? [check all that apply] ❑ [See BENEFITS list in Appendix]",,Mapped by variable-name prefix to the local public Job Search codebook question family; suffixes preserve workbook-specific recodes or repeated options.
hh2_spouse_empl_status,"HH2 [If Q38 = 1 (married or partner present)] Is your spouse/partner currently employed, either part-time or full-time?  Yes (1)  No (0)",,Mapped by variable-name prefix to the local public Job Search codebook question family; suffixes preserve workbook-specific recodes or repeated options.
eo10_l5yr_worked_2wks,"EO10 [Follow up, if EO7 > 0] You mentioned you worked at [EO7 answer] total jobs in the LAST 5 YEARS. How many of these jobs... Did you work at for at least 2 weeks? (1) ______________________________ Were full-time jobs of at least 35 hours per week? (2) ______________________________ Were temporary or seasonal jobs? (3) ______________________________ Ended because of slow or poor business conditions? (4) ______________________________ Ended because of performance-related reasons? (5) ______________________________",,Mapped by variable-name prefix to the local public Job Search codebook question family; suffixes preserve workbook-specific recodes or repeated options.
js19b_offers_last6mos,"JS19b [Follow up, if JS19 = 0 (no job offers in last 4 weeks)] And looking further back, how many job offers have you received in the LAST 6 MONTHS? Please include all offers, including those made informally and those made by contacts not solicited by you. (1) ______________________________ job offers",,Mapped by variable-name prefix to the local public Job Search codebook question family; suffixes preserve workbook-specific recodes or repeated options.
js25_offer_empl_other_rc,"JS25 [Follow up, if JS19 >0 1 or JS19b > 1 (at least one job offer in last 4 weeks or 6 months)] [RC] [CA] [Options revised in 2016] For this (your best) job offer, how did you learn about this job? [check all that apply] I learned about this job from: ❑ Found through the employer’s website (1) ❑ Inquired with the employer directly through other means, including in-person (2)",,Mapped by variable-name prefix to the local public Job Search codebook question family; suffixes preserve workbook-specific recodes or repeated options.
js25_offer_other_search_rc,"JS25 [Follow up, if JS19 >0 1 or JS19b > 1 (at least one job offer in last 4 weeks or 6 months)] [RC] [CA] [Options revised in 2016] For this (your best) job offer, how did you learn about this job? [check all that apply] I learned about this job from: ❑ Found through the employer’s website (1) ❑ Inquired with the employer directly through other means, including in-person (2)",,Mapped by variable-name prefix to the local public Job Search codebook question family; suffixes preserve workbook-specific recodes or repeated options.
hh5_spouse_trnpmt_child_support,"HH5 [If Q38 = 1 (married or partner present)] [CA] [Options revised in 2014] In the LAST 4 WEEKS, did your spouse/partner receive any of the following payments? ❑ Social Security, SSI, or other retirement payments (1) ❑ Temporary Aid to Needy Families (TANF) (2) ❑ Food stamps or the Supplemental Nutrition Assistance Program (SNAP) (3) ❑ Unemployment Insurance compensation (4) ❑ Severance pay (11)",,Mapped by variable-name prefix to the local public Job Search codebook question family; suffixes preserve workbook-specific recodes or repeated options.
js26d_last_job_union,"JS26d. [Follow up, if JS19 >0 1 or JS19b > 1 (at least one job offer in last 4 weeks or 6 months)] [Introduced in 2014] Do you know if any employees at the business of “this”/”your best” job offer are part of a union? ❑ Yes (1) ❑ No (2) ❑ Don’t know (3)",,Mapped by variable-name prefix to the local public Job Search codebook question family; suffixes preserve workbook-specific recodes or repeated options.
jh5bs_semp_hrs_chg_amount,"JH5b [Follow up, if JH2 = {1, 2, 3, 4, or 5} (reported prior or existing work history)] [Question revised in 2014] How many hours per week did you USUALLY work at your PREVIOUS job? That is, the job you had immediately before your current job? [Was “By how much did your weekly hours increase (decrease)? Please give your best guess.” In 2013; followed up JH5 if (follow up if JH5 = {1,3} (increase or decrease in hours)] (1) ______________________________ hours per week 32",,Mapped by variable-name prefix to the local public Job Search codebook question family; suffixes preserve workbook-specific recodes or repeated options.
jh8_prev_job_housing_rc,"JH8 [Follow up, if JH2 = {1, 2, 3, 4, or 5} (reported prior or existing work history)] [RC] [CA] [Options revised in 2014] Did you receive any of the following employer-provided benefits at your PREVIOUS job? That is, the job you held before starting to work on your current job. ❑ Traditional pension plan (1) ❑ Employer contribution to a retirement account (for instance, a 401(k), 403(b) or IRA account) (2) ❑ Health insurance (3)",,Mapped by variable-name prefix to the local public Job Search codebook question family; suffixes preserve workbook-specific recodes or repeated options.
jh8s_prev_job_childcare_rc,"JH8 [Follow up, if JH2 = {1, 2, 3, 4, or 5} (reported prior or existing work history)] [RC] [CA] [Options revised in 2014] Did you receive any of the following employer-provided benefits at your PREVIOUS job? That is, the job you held before starting to work on your current job. ❑ Traditional pension plan (1) ❑ Employer contribution to a retirement account (for instance, a 401(k), 403(b) or IRA account) (2) ❑ Health insurance (3)",,Mapped by variable-name prefix to the local public Job Search codebook question family; suffixes preserve workbook-specific recodes or repeated options.
rw2_reserv_earn_wkly,"Job Search Supplement variable in the RW2 family; see workbook suffix for the recode, option, or repeated-field detail.",,Fallback family metadata from local Job Search codebook naming convention after public-file reformatting.
js30_offer_lifeins_rc,"JS30 [Follow up, if JS27 = 2 or JS29 = 2 (benefits were better than expected (inadequate))] [RC] [CA] [Options revised in 2014; see BENEFITS list in Appendix] You indicated above that the benefits offered are/were important in the decision to accept (reject) the job offer. Which of the following employer-provided benefits are/were important in your decision? ❑ [See BENEFITS list in Appendix]",,Mapped by variable-name prefix to the local public Job Search codebook question family; suffixes preserve workbook-specific recodes or repeated options.
eo3a_layoff_pct_chance_recall,"EO3a [Temporary layoffs only] Regardless of whether you have been given any indication, what do you think is the percent chance that you will be recalled by your previous employer within the next 6 months? (1) ________________ percent chance",,Mapped by variable-name prefix to the local public Job Search codebook question family; suffixes preserve workbook-specific recodes or repeated options.
js35b_counter_pct_chance_match,"JS3 [All that did not search within the last 4 weeks, excluding the self-employed] [RC] You indicated that you were not looking for a job over the last 4 weeks. Why didn’t you look for work? Please select the answer that best describes why you did not look for work. ❑ I currently have a job (1) ❑ No work available in my line of work or area (2) ❑ I tried to find work, but could not find any (3) ❑ I lack the necessary schooling, training or experience (4)",,Mapped by variable-name prefix to the local public Job Search codebook question family; suffixes preserve workbook-specific recodes or repeated options.
js3b_is_whynotlook_covid,"JS3b. [All respondents with JS3 = {2, 3, 6, 8, 10, 11, 12} (all those not looking because of work availability, child care, health, transportation, work desire, or other).] [Introduced in 2020] Are your reasons for not looking for work related to the coronavirus pandemic or related restrictions on activity or business operations?  Yes, I am/have been ill with coronavirus symptoms (1)  Yes, I am/have been caring for someone with coronavirus symptoms (2)  Yes, I have added child care or other family obligations (3)",,Mapped by variable-name prefix to the local public Job Search codebook question family; suffixes preserve workbook-specific recodes or repeated options.
l8a_outofwork_covid,L8a. [All respondents with L1 = {2 or 3} (all those on temp layoff or leave).] [Introduced in 2020] Are you out of work directly because of the coronavirus pandemic or related restrictions on activity or business operations?  Yes (1)  No (2),,Mapped by variable-name prefix to the local public Job Search codebook question family; suffixes preserve workbook-specific recodes or repeated options.
js22_offer_date,"JS22 [Follow up, if JS19 = 1 or JS19b = 1 (one job offer in last 4 weeks or 6 months)] [Introduced in 2014] What was the month and year that you received “this”/”your best” job offer? (1) ______________________________ (reported as YYYYMM) JSemp [Follow up, if JS19 >0 1 or JS19b > 1 (at least one job offer in last 4 weeks or 6 months)] Were you employed, either full-time or part-time, at the time you received this (your best) job offer?  Yes, full-time (1)  Yes, part-time (2)",,Mapped by variable-name prefix to the local public Job Search codebook question family; suffixes preserve workbook-specific recodes or repeated options.
js7a_search_online_look_rc,"JS7 [All that reported searching within the last 4 weeks] And within the LAST 7 DAYS, about how many TOTAL hours did you spend on job search activities? Please round up to the nearest total number of hours. (1) ______________________________ hours",,Mapped by variable-name prefix to the local public Job Search codebook question family; suffixes preserve workbook-specific recodes or repeated options.
js22b_offer_usual_hrs,"JS22b [Follow up, if JS19 >0 1 or JS19b > 1 (at least one job offer in last 4 weeks or 6 months)] And about how many hours a week would/do you have to work on this job? (1) ______________________________ hours per week",,Mapped by variable-name prefix to the local public Job Search codebook question family; suffixes preserve workbook-specific recodes or repeated options.
jh1s_semp_choice_dk_rc,"JH1 [All wage and salary earners, including those on layoff but excluding the self-employed] [RC] [CA] [Options revised in 2014 and 2016] How did you learn about your current job? [check all that apply] ❑ Found through the employer’s website (1) ❑ Inquired with the employer directly through other means, including in-person (2) ❑ Found through an employment agency (including the conversion from temporary to permanent work) (3) ❑ Referred by a friend or relative (4)",,Mapped by variable-name prefix to the local public Job Search codebook question family; suffixes preserve workbook-specific recodes or repeated options.
jh2s_semp_prev_empl_rc,"JH2 [All wage and salary earners, including those on layoff but excluding the self-employed] [RC] [Options revised in 2014 and 2016; wording revised in 2017] Were you hired to your current employer while still employed somewhere else? [Asked “Were you employed immediately prior to accepting your current job?” prior to 2017] ❑ Yes, I was employed when I got hired but was about to lose my previous job (1) [Option was “Yes, I was employed but lost my previous job” prior to 2017] ❑ Yes, I was employed when I got hired and quit my previous job (2) [Option was “Yes, I was employed but",,Mapped by variable-name prefix to the local public Job Search codebook question family; suffixes preserve workbook-specific recodes or repeated options.
jh10_prev_job_earn_ann,"JH10 [Follow up, if JH2 = {1, 2, 3, 4, 5, or 6} (reported prior or existing work history)] [Revised in 2014 to drop biweekly, monthly reporting options, which were imputed into weekly values in 2013] Please give your best estimate of how much you made, before taxes and other deductions, AT THE TIME YOU LEFT your previous job / at your previous job JUST PRIOR TO STARTING YOUR CURRENT JOB. Please include any bonuses, overtime pay, tips or commissions. (1) ______________________________ (reported as hourly, weekly, or annually) ❑ 999999 = Don’t remember (reported in hourly earnings variable)",,Mapped by variable-name prefix to the local public Job Search codebook question family; suffixes preserve workbook-specific recodes or repeated options.
l5b_ne_might_want_work,"L5b [Follow up, if L5 = 2 (no search in last 4 weeks)] Would you want a job, either full-time or part-time, if one was offered to you?  Yes (1)  Maybe, depending on the job and circumstances (2)  No (3)",,Mapped by variable-name prefix to the local public Job Search codebook question family; suffixes preserve workbook-specific recodes or repeated options.
js32cd_counter_benefits,"JS32c/JS32d [Follow up, if JS28 = “already started this new job”] [CA] (Were you able to secure any promotion, pay increase, or increase in benefits on your main/current job as a result of this outside job offer?)/Before you accepted the offer for your new job, were you offered any promotion, pay increase, or increase in benefits by your previous employer as a counter-offer to this outside job offer? [check all that apply] ❑ Yes, a promotion was offered (1) ❑ Yes, a pay increase was offered (2)",,Mapped by variable-name prefix to the local public Job Search codebook question family; suffixes preserve workbook-specific recodes or repeated options.
js26c_last_job_industry_rc,"JS26c [If JS26a = {2,3} (non-government)] [RC] [Introduced in 2014] What kind of business or INDUSTRY does this employer operate in?  [See INDUSTRY list in Appendix]",,Mapped by variable-name prefix to the local public Job Search codebook question family; suffixes preserve workbook-specific recodes or repeated options.
l1_impute_fl,"L1. [If L1a = 3] [RC] [Revised in 2014 and 2020; split into Questions L1a, L1 in 2014] You said that you are not currently working for pay. Which of the following BEST describes your current employment situation? ❑ Yes, working for pay full-time [(Option (1) in 2013, moved to L1a afterward] ❑ Yes, working for pay part-time [Option (2) in 2013, moved to L1a afterward] ❑ Not working, but would like to work (1) [Option (3) in 2013] ❑ Temporarily laid off or on furlough (2) [Option (4) in 2013; “or on furlough” added in 2020] ❑ On sick leave or other temporary personal leave (3) [Option (5) in 2013; “personal” added in 2020]",,Mapped by variable-name prefix to the local public Job Search codebook question family; suffixes preserve workbook-specific recodes or repeated options.
eo4_impute_fl,EO4 [Students only] [RC] You indicated that you were currently attending school or receiving training. What type of training are you currently enrolled in?  High School or equivalent program (1)  Vocational training or certification program (2)  A two-year college (3)  An undergraduate program at a four-year college or university (4),,Mapped by variable-name prefix to the local public Job Search codebook question family; suffixes preserve workbook-specific recodes or repeated options.
js29_reject_pay_rc,"JS29 [Follow up, if JS23 = 2 (rejected or will reject (best) offer)] [RC] [CA] [Options revised in 2014 and 2020] You indicated that you rejected or will reject the (best) job offer that you listed above. What characteristics of this job offer caused/will cause you to reject it? ❑ Pay was inadequate (1) ❑ Benefits were inadequate (2) ❑ Unsuitable work hours (3) ❑ Commute time would be too long (4)",,Mapped by variable-name prefix to the local public Job Search codebook question family; suffixes preserve workbook-specific recodes or repeated options.
js1b_search_why_pt_rc,"JS1b [Follow up, if JS1 = 2 (part-time)] [RC] [Options revised in 2014; wording revised in 2020] What is the main reason why you are interested in part-time and not full-time work?  Child care problems (including at-home schooling) or other family obligations, including caring for an ill family member (1) [Added “(including at-home schooling)” and “including caring for an ill family member” in 2020]  My own illness, poor health, or medical limitations (2) [Added “My own illness, poor health, or” in 2020]  School/training (3)  Retired/Social Security limit on earnings (4)",,Mapped by variable-name prefix to the local public Job Search codebook question family; suffixes preserve workbook-specific recodes or repeated options.
js28_accept_start_time,"JS28 [Follow up, if JS23 = 1 (accepted or will accept (best) offer)] In how many weeks, counting from today, will you start working on your new job? I will start in (1) ______________________________ week(s) ❑ 999997 = Already started this new job 24",,Mapped by variable-name prefix to the local public Job Search codebook question family; suffixes preserve workbook-specific recodes or repeated options.
jh1b_cpsj_refer_dont_know_rc,"JH1b [Follow up, if JH1 = {4, 5, or 6} (referral)] [RC] [CA] [Options revised in 2014] You just mentioned you learned about your current job through a referral. What was the relationship between the person who provided the referral and this employer? [check all that apply] ❑ The referrer was a manager or supervisor at this employer (1) ❑ The referrer was a non-supervisory worker at this employer (2) ❑ The referrer works at this employer in a similar level or position to mine (3) [Option removed after 2013] ❑ The referrer does not work at this employer but knows someone at this employer personally (3) [Option (4) in",,Mapped by variable-name prefix to the local public Job Search codebook question family; suffixes preserve workbook-specific recodes or repeated options.
l25_last_job_childcare_rc,"L25 [Follow up, if L25self = 1 (wage and salary employment)] [RC] [CA] [Options revised in 2014; see BENEFITS list in Appendix] Did you receive any of the following employer-provided benefits at your most recent job? ❑ [See BENEFITS list in Appendix] 7",,Mapped by variable-name prefix to the local public Job Search codebook question family; suffixes preserve workbook-specific recodes or repeated options.
jh8_prev_job_dk_rc,"JH8 [Follow up, if JH2 = {1, 2, 3, 4, or 5} (reported prior or existing work history)] [RC] [CA] [Options revised in 2014] Did you receive any of the following employer-provided benefits at your PREVIOUS job? That is, the job you held before starting to work on your current job. ❑ Traditional pension plan (1) ❑ Employer contribution to a retirement account (for instance, a 401(k), 403(b) or IRA account) (2) ❑ Health insurance (3)",,Mapped by variable-name prefix to the local public Job Search codebook question family; suffixes preserve workbook-specific recodes or repeated options.
own_rent,"Whether respondent owns, rents, or has another housing arrangement.",,Manual metadata from demographic section of local Job Search codebook PDF.
ec12_cps_job_promote_chance,"EC12 [Wage and salary earners only, including on layoff] [Introduced in 2014] On a scale from 1 to 7, how would you rate the opportunities for a promotion or other career progression with your current employer, over the next three years?  Very poor options (1)  (2)  (3)",,Mapped by variable-name prefix to the local public Job Search codebook question family; suffixes preserve workbook-specific recodes or repeated options.
l24_last_job_earn_hrly,"L24 [Not employed or on layoff and had previous employment] [Revised in 2014 to drop biweekly, monthly reporting options, which were imputed into weekly values in 2013] How much did you make, BEFORE taxes and other deductions, on your most recent job? Please include any bonuses, overtime pay, tips or commissions. (1) ______________________________ (reported as hourly, weekly, or annually)  [See INCOME BRACKETS list in the Appendix, for annual salaries reported as a range]",,Mapped by variable-name prefix to the local public Job Search codebook question family; suffixes preserve workbook-specific recodes or repeated options.
l14self_lifeins_rc,L14self [Self-employed or Non-employed] [RC] [CA] Do you currently have any of the following coverage? [check all that apply] ❑ Health insurance (1) ❑ Dental or vision insurance (2) ❑ Life or disability insurance (3) ❑ None of the above (4),,Mapped by variable-name prefix to the local public Job Search codebook question family; suffixes preserve workbook-specific recodes or repeated options.
jh12gs_prev_job_temp_job,"JH12g [Follow up, if JH2 = {1, 2, 3, 4, or 5} (reported prior or existing work history)] [Introduced in 2014; wording revised to inlcude “or one that has a specific task or end date” in 2017] Was your previous job a temporary or seasonal job, or one that has a specific task or end date? ❑ Yes (1) ❑ No (0)",,Mapped by variable-name prefix to the local public Job Search codebook question family; suffixes preserve workbook-specific recodes or repeated options.
es6_selfemp_multi_firm,"ES6 [Follow up, if ES4 > 0 (has paid employees)] Does your business operate out of more than one LOCATION (office, store, or other permanent place of business)?  Yes (1)  No (0)",,Mapped by variable-name prefix to the local public Job Search codebook question family; suffixes preserve workbook-specific recodes or repeated options.
tp6b_no_ui_disabled_rc,"TP6b [Follow up, if TP6 = 2 (no)] [RC] [CA] [Options revised in 2014 and 2020] Why haven’t you applied? ❑ Don’t think I am eligible (1) ❑ Don’t need the extra assistance at this time (2) ❑ Do not know how or where to apply for benefits (3) ❑ I prefer not to receive government assistance (4) ❑ I am retired (5) [Added as response option in 2014, recoded as (6) in 2013]",,Mapped by variable-name prefix to the local public Job Search codebook question family; suffixes preserve workbook-specific recodes or repeated options.
ec6_impute_fl,"EC6 [Wage and salary earners only, including on layoff] [RC] At your main/current job, has your employer ever reduced your hourly wage, salary or hours because of slack demand or other difficult conditions for the business?  Yes, a reduction in hours (1)  Yes, a reduction in hourly wage (2)  Yes, a reduction in overall salary for the same number of hours (3)  No reduction in salary or hourly wage (5)",,Mapped by variable-name prefix to the local public Job Search codebook question family; suffixes preserve workbook-specific recodes or repeated options.
js30_offer_healthins_rc,"JS30 [Follow up, if JS27 = 2 or JS29 = 2 (benefits were better than expected (inadequate))] [RC] [CA] [Options revised in 2014; see BENEFITS list in Appendix] You indicated above that the benefits offered are/were important in the decision to accept (reject) the job offer. Which of the following employer-provided benefits are/were important in your decision? ❑ [See BENEFITS list in Appendix]",,Mapped by variable-name prefix to the local public Job Search codebook question family; suffixes preserve workbook-specific recodes or repeated options.
js11b_why_cant_start_7d_rc,"JS11b [Follow up, if JS11 = 2 (No)] [RC] Why is that?  Already waiting for a new job to begin (1)  My own temporary illness (2)  Going to school (3)  Lack of child care, or other family responsibilities (4)  Disabled (5) [Added as response option in 2014, recoded as (7) in 2013]",,Mapped by variable-name prefix to the local public Job Search codebook question family; suffixes preserve workbook-specific recodes or repeated options.
jh8s_prev_job_commuting_rc,"JH8 [Follow up, if JH2 = {1, 2, 3, 4, or 5} (reported prior or existing work history)] [RC] [CA] [Options revised in 2014] Did you receive any of the following employer-provided benefits at your PREVIOUS job? That is, the job you held before starting to work on your current job. ❑ Traditional pension plan (1) ❑ Employer contribution to a retirement account (for instance, a 401(k), 403(b) or IRA account) (2) ❑ Health insurance (3)",,Mapped by variable-name prefix to the local public Job Search codebook question family; suffixes preserve workbook-specific recodes or repeated options.
js2a_impute_fl,"JS2a [Wage and salary earners, seeking a new job only] [RC] [CA] Why are you a looking for a new job? ❑ I have been given notice that I will lose my job (1) ❑ Not satisfied with pay or benefits on current job (2) ❑ Not satisfied with duties on current job (3) ❑ Unsuitable work hours on current job (4) ❑ Commuting distance is too long (5)",,Mapped by variable-name prefix to the local public Job Search codebook question family; suffixes preserve workbook-specific recodes or repeated options.
jh12_impute_fl,"JH12 [Follow up, if JH2 = {1, 2, 3, 4, 5, or 6} (reported prior or existing work history)] [RC] [Introduced in 2017] What type of employer did you work for in your previous job? Please select only one. ❑ Government (including state or local government; a public school, university or hospital) (1) ❑ Private-sector, for-profit company (2) ❑ Non-profit organization (3) ❑ Worked in the family business (4)",,Mapped by variable-name prefix to the local public Job Search codebook question family; suffixes preserve workbook-specific recodes or repeated options.
hh1a_impute_fl,"HH1a [Wage and salary earners, including on layoff, L14  3 (no reported health insurance)] [RC] (recoded based on responses to other questions) Earlier, you indicated that you don’t have employer-provided health insurance. Do you currently have health insurance coverage through other means?  Yes (1)  No (0)",,Mapped by variable-name prefix to the local public Job Search codebook question family; suffixes preserve workbook-specific recodes or repeated options.
js7a_search_other_look_rc,"JS7 [All that reported searching within the last 4 weeks] And within the LAST 7 DAYS, about how many TOTAL hours did you spend on job search activities? Please round up to the nearest total number of hours. (1) ______________________________ hours",,Mapped by variable-name prefix to the local public Job Search codebook question family; suffixes preserve workbook-specific recodes or repeated options.
js19_offers_last4wks,"JS19 [All but self-employed] How many job offers have you received in the LAST 4 WEEKS? Please include all offers, including those made informally and those made by contacts not solicited by you. (1) ______________________________ job offers",,Mapped by variable-name prefix to the local public Job Search codebook question family; suffixes preserve workbook-specific recodes or repeated options.
js30_offer_dental_rc,"JS30 [Follow up, if JS27 = 2 or JS29 = 2 (benefits were better than expected (inadequate))] [RC] [CA] [Options revised in 2014; see BENEFITS list in Appendix] You indicated above that the benefits offered are/were important in the decision to accept (reject) the job offer. Which of the following employer-provided benefits are/were important in your decision? ❑ [See BENEFITS list in Appendix]",,Mapped by variable-name prefix to the local public Job Search codebook question family; suffixes preserve workbook-specific recodes or repeated options.
js4_search_last12mos,"JS4 [All that did not search within the last 4 weeks, excluding the self-employed] Did you look for work at any time during the LAST 12 MONTHS?  Yes (1)  No (0)",,Mapped by variable-name prefix to the local public Job Search codebook question family; suffixes preserve workbook-specific recodes or repeated options.
eo12_l5yr_mos_nonemp_other,EO12 [Follow up to EO11] You just mentioned that during the LAST 5 YEARS you spent [EO11 answer] months without a job. How many of these months were spent primarily... Looking for work: (1) ______________________________ months (1) Enrolled in school: (2) ______________________________ months (2) Not looking for work because no work was available: (3) ______________________________ months (3) Not looking for work because of disability or retirement: (4) ______________________________ months (4),,Mapped by variable-name prefix to the local public Job Search codebook question family; suffixes preserve workbook-specific recodes or repeated options.
el2b_last_job_govt_type_rc,"Job Search Supplement variable in the EL2B family; see workbook suffix for the recode, option, or repeated-field detail.",,Fallback family metadata from local Job Search codebook naming convention after public-file reformatting.
js24a_offer_qolbenefits,"JS24a [Follow up, if JS19 >0 1 or JS19b > 1 (at least one job offer in last 4 weeks or 6 months)] [CA] [Options revised in 2014] Please select the employer-provided benefits, if any, included in this (your best) offer. [check all that apply] ❑ Traditional pension plan (1) ❑ Employer contribution to a retirement account (2) ❑ Health insurance (3) ❑ Dental or vision insurance (4)",,Mapped by variable-name prefix to the local public Job Search codebook question family; suffixes preserve workbook-specific recodes or repeated options.
es1a_impute_fl,"ES1a [Follow up, if ES1 = 2 (own a business)] [RC] What is the nature of your business?  Sole proprietorship or partnership (1)  Limited liability company (2)  Corporation (3)",,Mapped by variable-name prefix to the local public Job Search codebook question family; suffixes preserve workbook-specific recodes or repeated options.
js29_reject_job_stability_rc,"JS29 [Follow up, if JS23 = 2 (rejected or will reject (best) offer)] [RC] [CA] [Options revised in 2014 and 2020] You indicated that you rejected or will reject the (best) job offer that you listed above. What characteristics of this job offer caused/will cause you to reject it? ❑ Pay was inadequate (1) ❑ Benefits were inadequate (2) ❑ Unsuitable work hours (3) ❑ Commute time would be too long (4)",,Mapped by variable-name prefix to the local public Job Search codebook question family; suffixes preserve workbook-specific recodes or repeated options.
l2_num_jobs,"Job Search Supplement variable in the L2 family; see workbook suffix for the recode, option, or repeated-field detail.",,Fallback family metadata from local Job Search codebook naming convention after public-file reformatting.
jh15c_cpsj_refer_associate,"JH15c [Follow up, if JH15 > 0 (at least one contact)] [Introduced in 2014; reflects split of original question",,Mapped by variable-name prefix to the local public Job Search codebook question family; suffixes preserve workbook-specific recodes or repeated options.
hh7_covid_no_classes,HH7. [All respondents with HH6 = 1 (enrolled in public or private school).] [Introduced in 2020] How has the coronavirus pandemic affected how the children in this household receive education for the 2020-2021 school year? [check all that apply]  Classes normally taught in person at their school are now cancelled (1)  Classes normally taught in person moved entirely to an online/distance-learning or similar format (2)  Classes normally taught in person moved partially to an online/distance-learning or similar format (3)  The coronavirus pandemic did not affect how children in this household receive education (4),,Mapped by variable-name prefix to the local public Job Search codebook question family; suffixes preserve workbook-specific recodes or repeated options.
hh3_spouse_usual_hrs,"HH3 [Follow up, if HH2 = 1 (yes)] How many hours per week does your spouse/partner USUALLY work at his/her current job? (1) ______________________________ hours per week",,Mapped by variable-name prefix to the local public Job Search codebook question family; suffixes preserve workbook-specific recodes or repeated options.
js25_offer_refer_empl_rc,"JS25 [Follow up, if JS19 >0 1 or JS19b > 1 (at least one job offer in last 4 weeks or 6 months)] [RC] [CA] [Options revised in 2016] For this (your best) job offer, how did you learn about this job? [check all that apply] I learned about this job from: ❑ Found through the employer’s website (1) ❑ Inquired with the employer directly through other means, including in-person (2)",,Mapped by variable-name prefix to the local public Job Search codebook question family; suffixes preserve workbook-specific recodes or repeated options.
js27_accept_no_alternative_rc,"JS27 [Follow up, if JS23 = 1 (accepted or will accept (best) offer)] [RC] [CA] [Options revised in 2014, 2016, and 2020] Think about the job that you have accepted or will accept. What characteristics of this job made it worth accepting? ❑ Pay is as good or better than expected (1) ❑ Benefits are as good or better than expected (2) ❑ Preferred work hours were offered (either full-time or flexible full or part time hours) (3) ❑ The commute time to work seems manageable (4)",,Mapped by variable-name prefix to the local public Job Search codebook question family; suffixes preserve workbook-specific recodes or repeated options.
jh2self_impute_fl,"JH2self [Self-employed only] [RC] [Options revised in 2014 and 2017; wording revised in 2017] Did you start your current job as a self-employed individual while still employed somewhere else? [Revised from “Were you employed immediately prior to starting your current job as a self-employed individual?” in 2017]  Yes, I was employed but lost my previous job (1)  Yes, I was employed but quit my previous job (2)  Yes, I was employed but a temporary job ended (3)  Yes, I was employed but I just retired (4)",,Mapped by variable-name prefix to the local public Job Search codebook question family; suffixes preserve workbook-specific recodes or repeated options.
tp1_trnfr_pmt_alimony,"TP1 [All respondents] [CA] [Options revised in 2014 and 2020] In the LAST 4 WEEKS, have you received any of the following payments? [check all that apply] ❑ Social Security, SSI, or other retirement payments (1) ❑ Temporary Aid to Needy Families (TANF) (2) ❑ Food stamps or the Supplemental Nutrition Assistance Program (SNAP) (3) ❑ Unemployment Insurance compensation, , including any Pandemic Unemployment Assistance (PUA) or similar unemployment benefits (4) [Added “, including any Pandemic Unemployment Assistance (PUA) or similar",,Mapped by variable-name prefix to the local public Job Search codebook question family; suffixes preserve workbook-specific recodes or repeated options.
js32e_counter_earn_hrly,"JS32e [Follow up, if JS32c or JS32d = 2 (a pay increase was offered by current/previous employer)] [Revised in 2014 to drop biweekly, monthly reporting options, which were imputed into weekly values in 2013] By how much did your pay increase as a result (if at all)? (1) ______________________________ (reported as hourly, weekly, or annually)",,Mapped by variable-name prefix to the local public Job Search codebook question family; suffixes preserve workbook-specific recodes or repeated options.
jh2e_why_quit_prev_chg_comp_rc,"JH2e - JH2e [Follow up, if JH2 = 2 (quit previous job)] [Introduced in 2015] Why did you quit your previous job? Check all that apply  My current job offered higher earnings and/or better benefits than my previous job (1)  My current job offered better hours than my previous job (2)  My current job is a better fit for my skills than my previous job (3)  My current job requires a shorter commute to work (4)",,Mapped by variable-name prefix to the local public Job Search codebook question family; suffixes preserve workbook-specific recodes or repeated options.
es7_selfemp_childcare_rc,"ES7 [Follow up, if ES1 = 2 (own a business)] [RC] [CA] [Options revised in 2014; see BENEFITS list in Appendix] Does your business provide any of the following benefits to any of your employees? [check all that apply] ❑ [See BENEFITS list in Appendix]",,Mapped by variable-name prefix to the local public Job Search codebook question family; suffixes preserve workbook-specific recodes or repeated options.
js30_offer_housing_rc,"JS30 [Follow up, if JS27 = 2 or JS29 = 2 (benefits were better than expected (inadequate))] [RC] [CA] [Options revised in 2014; see BENEFITS list in Appendix] You indicated above that the benefits offered are/were important in the decision to accept (reject) the job offer. Which of the following employer-provided benefits are/were important in your decision? ❑ [See BENEFITS list in Appendix]",,Mapped by variable-name prefix to the local public Job Search codebook question family; suffixes preserve workbook-specific recodes or repeated options.
hh1c_health_cov_prev_empl_rc,"HH1c [Non-employed and self employed only, L14self = 1 (reported health insurance)] [RC] [CA] [Options revised in 2014] Earlier, you indicated that you currently have health insurance coverage. What is the source of your health insurance coverage? [check all that apply] I have coverage through: ❑ a previous employer (1)",,Mapped by variable-name prefix to the local public Job Search codebook question family; suffixes preserve workbook-specific recodes or repeated options.
js24a_impute_fl,"JS24a [Follow up, if JS19 >0 1 or JS19b > 1 (at least one job offer in last 4 weeks or 6 months)] [CA] [Options revised in 2014] Please select the employer-provided benefits, if any, included in this (your best) offer. [check all that apply] ❑ Traditional pension plan (1) ❑ Employer contribution to a retirement account (2) ❑ Health insurance (3) ❑ Dental or vision insurance (4)",,Mapped by variable-name prefix to the local public Job Search codebook question family; suffixes preserve workbook-specific recodes or repeated options.
js6_search_other_app_rc,"JS6 [All that reported searching within the last 4 weeks] [RC] [CA] [Options revised in 2014] What were ALL the things you have done to look for work during the LAST 4 WEEKS? ❑ Had at least one job interview (1) [Option removed in 2014, superseded by new Question JS18a] ❑ Contacted an employer directly online or through e-mail (1) [Option (2) in 2013] ❑ Contacted an employer directly through other means, including in-person (2) [Option (3) in 2013] ❑ Contacted an employment agency or career center, including a career center at a school or university (3) [Option (4) in 2013]",,Mapped by variable-name prefix to the local public Job Search codebook question family; suffixes preserve workbook-specific recodes or repeated options.
tp4_weeks_unemp_ins,"TP4 [Follow up, if TP1 = 4 (unemployment insurance compensation)] How long, in weeks, have you received Unemployment Insurance benefits? (1) ______________________________ week(s)",,Mapped by variable-name prefix to the local public Job Search codebook question family; suffixes preserve workbook-specific recodes or repeated options.
jh8_prev_job_nocover_rc,"JH8 [Follow up, if JH2 = {1, 2, 3, 4, or 5} (reported prior or existing work history)] [RC] [CA] [Options revised in 2014] Did you receive any of the following employer-provided benefits at your PREVIOUS job? That is, the job you held before starting to work on your current job. ❑ Traditional pension plan (1) ❑ Employer contribution to a retirement account (for instance, a 401(k), 403(b) or IRA account) (2) ❑ Health insurance (3)",,Mapped by variable-name prefix to the local public Job Search codebook question family; suffixes preserve workbook-specific recodes or repeated options.
js2a_search_relocating_rc,"JS2a [Wage and salary earners, seeking a new job only] [RC] [CA] Why are you a looking for a new job? ❑ I have been given notice that I will lose my job (1) ❑ Not satisfied with pay or benefits on current job (2) ❑ Not satisfied with duties on current job (3) ❑ Unsuitable work hours on current job (4) ❑ Commuting distance is too long (5)",,Mapped by variable-name prefix to the local public Job Search codebook question family; suffixes preserve workbook-specific recodes or repeated options.
js11b_impute_fl,"JS11b [Follow up, if JS11 = 2 (No)] [RC] Why is that?  Already waiting for a new job to begin (1)  My own temporary illness (2)  Going to school (3)  Lack of child care, or other family responsibilities (4)  Disabled (5) [Added as response option in 2014, recoded as (7) in 2013]",,Mapped by variable-name prefix to the local public Job Search codebook question family; suffixes preserve workbook-specific recodes or repeated options.
education,Highest degree achieved by respondent.,,Manual metadata from demographic section of local Job Search codebook PDF.
jh5bs_semp_usual_hrs,"JH5b [Follow up, if JH2 = {1, 2, 3, 4, or 5} (reported prior or existing work history)] [Question revised in 2014] How many hours per week did you USUALLY work at your PREVIOUS job? That is, the job you had immediately before your current job? [Was “By how much did your weekly hours increase (decrease)? Please give your best guess.” In 2013; followed up JH5 if (follow up if JH5 = {1,3} (increase or decrease in hours)] (1) ______________________________ hours per week 32",,Mapped by variable-name prefix to the local public Job Search codebook question family; suffixes preserve workbook-specific recodes or repeated options.
js30_offer_retirement_rc,"JS30 [Follow up, if JS27 = 2 or JS29 = 2 (benefits were better than expected (inadequate))] [RC] [CA] [Options revised in 2014; see BENEFITS list in Appendix] You indicated above that the benefits offered are/were important in the decision to accept (reject) the job offer. Which of the following employer-provided benefits are/were important in your decision? ❑ [See BENEFITS list in Appendix]",,Mapped by variable-name prefix to the local public Job Search codebook question family; suffixes preserve workbook-specific recodes or repeated options.
hh1c_health_cov_parents_rc,"HH1c [Non-employed and self employed only, L14self = 1 (reported health insurance)] [RC] [CA] [Options revised in 2014] Earlier, you indicated that you currently have health insurance coverage. What is the source of your health insurance coverage? [check all that apply] I have coverage through: ❑ a previous employer (1)",,Mapped by variable-name prefix to the local public Job Search codebook question family; suffixes preserve workbook-specific recodes or repeated options.
jh1_cpsj_offer_career_ctr_rc,"JH1 [All wage and salary earners, including those on layoff but excluding the self-employed] [RC] [CA] [Options revised in 2014 and 2016] How did you learn about your current job? [check all that apply] ❑ Found through the employer’s website (1) ❑ Inquired with the employer directly through other means, including in-person (2) ❑ Found through an employment agency (including the conversion from temporary to permanent work) (3) ❑ Referred by a friend or relative (4)",,Mapped by variable-name prefix to the local public Job Search codebook question family; suffixes preserve workbook-specific recodes or repeated options.
l14_cps_job_housing_rc,"L14 [Employed, wage and salary earners only, including on layoff] [RC] [CA] [Options revised in 2014; see BENEFITS list in Appendix] Do you receive any of the following employer-provided benefits at your main/current job? ❑ [See BENEFITS list in Appendix]",,Mapped by variable-name prefix to the local public Job Search codebook question family; suffixes preserve workbook-specific recodes or repeated options.
l18_cps_job_housing_rc,"L18 [Employed, wage and salary earners only, including on layoff] [RC] [CA] [Question only asked in 2013; replaced by Question L15 in 2014] Suppose 12 MONTHS FROM NOW you are working in the same (main) job as you do now. Which of the following employer-provided benefits do you think you will receive at your job 12 months from now? ❑ [See BENEFITS list in Appendix]",,Mapped by variable-name prefix to the local public Job Search codebook question family; suffixes preserve workbook-specific recodes or repeated options.
js27_accept_skill_match_rc,"JS27 [Follow up, if JS23 = 1 (accepted or will accept (best) offer)] [RC] [CA] [Options revised in 2014, 2016, and 2020] Think about the job that you have accepted or will accept. What characteristics of this job made it worth accepting? ❑ Pay is as good or better than expected (1) ❑ Benefits are as good or better than expected (2) ❑ Preferred work hours were offered (either full-time or flexible full or part time hours) (3) ❑ The commute time to work seems manageable (4)",,Mapped by variable-name prefix to the local public Job Search codebook question family; suffixes preserve workbook-specific recodes or repeated options.
jh13_cpsj_wks_spent_search,"JH13 [All wage and salary earners, including those on layoff but excluding the self-employed] [Options revised in 2014] As best as you can remember, how many weeks did you look for work before accepting the offer of your current job? (1) ______________________________ weeks (1) ❑ 999993 = An opportunity came up without me looking for work [Option added in 2014] ❑ 999999 = Don’t remember",,Mapped by variable-name prefix to the local public Job Search codebook question family; suffixes preserve workbook-specific recodes or repeated options.
jh8s_prev_job_flexspend_rc,"JH8 [Follow up, if JH2 = {1, 2, 3, 4, or 5} (reported prior or existing work history)] [RC] [CA] [Options revised in 2014] Did you receive any of the following employer-provided benefits at your PREVIOUS job? That is, the job you held before starting to work on your current job. ❑ Traditional pension plan (1) ❑ Employer contribution to a retirement account (for instance, a 401(k), 403(b) or IRA account) (2) ❑ Health insurance (3)",,Mapped by variable-name prefix to the local public Job Search codebook question family; suffixes preserve workbook-specific recodes or repeated options.
jh8s_prev_job_equity_rc,"JH8 [Follow up, if JH2 = {1, 2, 3, 4, or 5} (reported prior or existing work history)] [RC] [CA] [Options revised in 2014] Did you receive any of the following employer-provided benefits at your PREVIOUS job? That is, the job you held before starting to work on your current job. ❑ Traditional pension plan (1) ❑ Employer contribution to a retirement account (for instance, a 401(k), 403(b) or IRA account) (2) ❑ Health insurance (3)",,Mapped by variable-name prefix to the local public Job Search codebook question family; suffixes preserve workbook-specific recodes or repeated options.
js25_offer_unsolicited_rc,"JS25 [Follow up, if JS19 >0 1 or JS19b > 1 (at least one job offer in last 4 weeks or 6 months)] [RC] [CA] [Options revised in 2016] For this (your best) job offer, how did you learn about this job? [check all that apply] I learned about this job from: ❑ Found through the employer’s website (1) ❑ Inquired with the employer directly through other means, including in-person (2)",,Mapped by variable-name prefix to the local public Job Search codebook question family; suffixes preserve workbook-specific recodes or repeated options.
l8_months_no_work,"L8 [Non-employed only, but including those on layoff] How long has it been since you have done any paid work, either full-time or part-time? Please round up to the nearest number of months. I have been out of work for (1) ______________________________ month(s) ❑ 999995 = I have never had a paid job",,Mapped by variable-name prefix to the local public Job Search codebook question family; suffixes preserve workbook-specific recodes or repeated options.
l14_cps_job_childcare_rc,"L14 [Employed, wage and salary earners only, including on layoff] [RC] [CA] [Options revised in 2014; see BENEFITS list in Appendix] Do you receive any of the following employer-provided benefits at your main/current job? ❑ [See BENEFITS list in Appendix]",,Mapped by variable-name prefix to the local public Job Search codebook question family; suffixes preserve workbook-specific recodes or repeated options.
jh4_cpsj_incr_commute,"JH4 [Follow up, if JH2 = {1, 2, 3, or 5} (reported prior work history)] Did accepting your main/current job cause your daily commute to at least double, compared to your previous job?  Yes (1)  No (0)",,Mapped by variable-name prefix to the local public Job Search codebook question family; suffixes preserve workbook-specific recodes or repeated options.
jh15_cpsj_contacts,"JH15 [All wage and salary earners, including those on layoff but excluding the self-employed] As best as you can remember, how many potential employers contacted you before you accepted your current job? Please include all contacts, even those that were not solicited by you. (1) ______________________________ employers (1) ❑ 999999 = Don’t remember",,Mapped by variable-name prefix to the local public Job Search codebook question family; suffixes preserve workbook-specific recodes or repeated options.
L2_impute_fl,"Job Search Supplement variable in the L2 family; see workbook suffix for the recode, option, or repeated-field detail.",,Fallback family metadata from local Job Search codebook naming convention after public-file reformatting.
es7_selfemp_flexspend_rc,"ES7 [Follow up, if ES1 = 2 (own a business)] [RC] [CA] [Options revised in 2014; see BENEFITS list in Appendix] Does your business provide any of the following benefits to any of your employees? [check all that apply] ❑ [See BENEFITS list in Appendix]",,Mapped by variable-name prefix to the local public Job Search codebook question family; suffixes preserve workbook-specific recodes or repeated options.
js6_impute_fl,"JS6 [All that reported searching within the last 4 weeks] [RC] [CA] [Options revised in 2014] What were ALL the things you have done to look for work during the LAST 4 WEEKS? ❑ Had at least one job interview (1) [Option removed in 2014, superseded by new Question JS18a] ❑ Contacted an employer directly online or through e-mail (1) [Option (2) in 2013] ❑ Contacted an employer directly through other means, including in-person (2) [Option (3) in 2013] ❑ Contacted an employment agency or career center, including a career center at a school or university (3) [Option (4) in 2013]",,Mapped by variable-name prefix to the local public Job Search codebook question family; suffixes preserve workbook-specific recodes or repeated options.
js12_search_similar_work,"JS12 [All that reported searching within the last 4 weeks] Are you looking for work similar to your current/most recent job?  Yes, only searching for work similar to my most recent job (1)  Yes, but also searching across a range of jobs (2)  No (3)",,Mapped by variable-name prefix to the local public Job Search codebook question family; suffixes preserve workbook-specific recodes or repeated options.
hh2b_why_spouse_not_work,"HH2b. [All respondents with HH2 = 2 (spouse not working).] [Introduced in 2020] Did your spouse/partner lose their job because of the coronavirus pandemic or related restrictions on activity or business operations?  Yes, my spouse/partner lost their job because of the pandemic or related restrictions (1)  My spouse/partner lost or left their job for other reasons (2)  My spouse/partner was not working prior to the coronavirus pandemic (3)",,Mapped by variable-name prefix to the local public Job Search codebook question family; suffixes preserve workbook-specific recodes or repeated options.
js32a_counter_did_match,"JS32a [Follow up, if JS28 = “already started this new job”] Did your PREVIOUS employer match the wage that was offered on your new job, or do you think they would have if you asked?  Yes, my previous employer matched the wage offered (1)  Yes, I think my previous employer would have matched the wage offered (2)  No (3)",,Mapped by variable-name prefix to the local public Job Search codebook question family; suffixes preserve workbook-specific recodes or repeated options.
jh2_impute_fl,"JH2 [All wage and salary earners, including those on layoff but excluding the self-employed] [RC] [Options revised in 2014 and 2016; wording revised in 2017] Were you hired to your current employer while still employed somewhere else? [Asked “Were you employed immediately prior to accepting your current job?” prior to 2017] ❑ Yes, I was employed when I got hired but was about to lose my previous job (1) [Option was “Yes, I was employed but lost my previous job” prior to 2017] ❑ Yes, I was employed when I got hired and quit my previous job (2) [Option was “Yes, I was employed but",,Mapped by variable-name prefix to the local public Job Search codebook question family; suffixes preserve workbook-specific recodes or repeated options.
l15_expected_benefits,"L15. [All employed or on layoff/leave, excluding self-employed] [Introduced in 2014] Suppose 12 MONTHS FROM NOW you are working in the same [“main”] job as you do now. Do you think you will have an increase, decrease, or no change in your employer-provided benefits 12 MONTHS FROM NOW? ❑ Overall, I expect my benefits to increase (1) ❑ Overall, I expect my benefits to decrease (2) ❑ I expect no change in my benefits in the next 12 months(3)",,Mapped by variable-name prefix to the local public Job Search codebook question family; suffixes preserve workbook-specific recodes or repeated options.
js2a_search_job_stability_rc,"JS2a [Wage and salary earners, seeking a new job only] [RC] [CA] Why are you a looking for a new job? ❑ I have been given notice that I will lose my job (1) ❑ Not satisfied with pay or benefits on current job (2) ❑ Not satisfied with duties on current job (3) ❑ Unsuitable work hours on current job (4) ❑ Commuting distance is too long (5)",,Mapped by variable-name prefix to the local public Job Search codebook question family; suffixes preserve workbook-specific recodes or repeated options.
js3_impute_fl,"JS3 [All that did not search within the last 4 weeks, excluding the self-employed] [RC] You indicated that you were not looking for a job over the last 4 weeks. Why didn’t you look for work? Please select the answer that best describes why you did not look for work. ❑ I currently have a job (1) ❑ No work available in my line of work or area (2) ❑ I tried to find work, but could not find any (3) ❑ I lack the necessary schooling, training or experience (4)",,Mapped by variable-name prefix to the local public Job Search codebook question family; suffixes preserve workbook-specific recodes or repeated options.
js25_offer_union_rc,"JS25 [Follow up, if JS19 >0 1 or JS19b > 1 (at least one job offer in last 4 weeks or 6 months)] [RC] [CA] [Options revised in 2016] For this (your best) job offer, how did you learn about this job? [check all that apply] I learned about this job from: ❑ Found through the employer’s website (1) ❑ Inquired with the employer directly through other means, including in-person (2)",,Mapped by variable-name prefix to the local public Job Search codebook question family; suffixes preserve workbook-specific recodes or repeated options.
el2a_impute_fl,"Job Search Supplement variable in the EL2A family; see workbook suffix for the recode, option, or repeated-field detail.",,Fallback family metadata from local Job Search codebook naming convention after public-file reformatting.
age,Respondent age at time of survey.,,Manual metadata from demographic section of local Job Search codebook PDF.
l14_cps_job_lifeins_rc,"L14 [Employed, wage and salary earners only, including on layoff] [RC] [CA] [Options revised in 2014; see BENEFITS list in Appendix] Do you receive any of the following employer-provided benefits at your main/current job? ❑ [See BENEFITS list in Appendix]",,Mapped by variable-name prefix to the local public Job Search codebook question family; suffixes preserve workbook-specific recodes or repeated options.
l14_impute_fl,"L14 [Employed, wage and salary earners only, including on layoff] [RC] [CA] [Options revised in 2014; see BENEFITS list in Appendix] Do you receive any of the following employer-provided benefits at your main/current job? ❑ [See BENEFITS list in Appendix]",,Mapped by variable-name prefix to the local public Job Search codebook question family; suffixes preserve workbook-specific recodes or repeated options.
js30_offer_qolbenefits_rc,"JS30 [Follow up, if JS27 = 2 or JS29 = 2 (benefits were better than expected (inadequate))] [RC] [CA] [Options revised in 2014; see BENEFITS list in Appendix] You indicated above that the benefits offered are/were important in the decision to accept (reject) the job offer. Which of the following employer-provided benefits are/were important in your decision? ❑ [See BENEFITS list in Appendix]",,Mapped by variable-name prefix to the local public Job Search codebook question family; suffixes preserve workbook-specific recodes or repeated options.
ec14_cps_job_layoff_chance,"EC14 [Wage and salary earners only, including on layoff] [Introduced in 2014] What do you think is the percent chance that you might be laid off within the NEXT 6 MONTHS at your [main/current] job? (1) ______________________________ percent chance ES. ADDITIONAL INFORMATION FOR THE SELF EMPLOYED",,Mapped by variable-name prefix to the local public Job Search codebook question family; suffixes preserve workbook-specific recodes or repeated options.
eo2_layoff_recall_date,EO2 [Temporary layoffs only] Has your employer given you a date to return to work?  Yes (1)  No (0),,Mapped by variable-name prefix to the local public Job Search codebook question family; suffixes preserve workbook-specific recodes or repeated options.
js25_offer_refer_friend_rc,"JS25 [Follow up, if JS19 >0 1 or JS19b > 1 (at least one job offer in last 4 weeks or 6 months)] [RC] [CA] [Options revised in 2016] For this (your best) job offer, how did you learn about this job? [check all that apply] I learned about this job from: ❑ Found through the employer’s website (1) ❑ Inquired with the employer directly through other means, including in-person (2)",,Mapped by variable-name prefix to the local public Job Search codebook question family; suffixes preserve workbook-specific recodes or repeated options.
js6_search_online_app_rc,"JS6 [All that reported searching within the last 4 weeks] [RC] [CA] [Options revised in 2014] What were ALL the things you have done to look for work during the LAST 4 WEEKS? ❑ Had at least one job interview (1) [Option removed in 2014, superseded by new Question JS18a] ❑ Contacted an employer directly online or through e-mail (1) [Option (2) in 2013] ❑ Contacted an employer directly through other means, including in-person (2) [Option (3) in 2013] ❑ Contacted an employment agency or career center, including a career center at a school or university (3) [Option (4) in 2013]",,Mapped by variable-name prefix to the local public Job Search codebook question family; suffixes preserve workbook-specific recodes or repeated options.
js32cd_counter_none,"JS32c/JS32d [Follow up, if JS28 = “already started this new job”] [CA] (Were you able to secure any promotion, pay increase, or increase in benefits on your main/current job as a result of this outside job offer?)/Before you accepted the offer for your new job, were you offered any promotion, pay increase, or increase in benefits by your previous employer as a counter-offer to this outside job offer? [check all that apply] ❑ Yes, a promotion was offered (1) ❑ Yes, a pay increase was offered (2)",,Mapped by variable-name prefix to the local public Job Search codebook question family; suffixes preserve workbook-specific recodes or repeated options.
hh1c_health_cov_spouse_rc,"HH1c [Non-employed and self employed only, L14self = 1 (reported health insurance)] [RC] [CA] [Options revised in 2014] Earlier, you indicated that you currently have health insurance coverage. What is the source of your health insurance coverage? [check all that apply] I have coverage through: ❑ a previous employer (1)",,Mapped by variable-name prefix to the local public Job Search codebook question family; suffixes preserve workbook-specific recodes or repeated options.
js29_reject_prefer_current_rc,"JS29 [Follow up, if JS23 = 2 (rejected or will reject (best) offer)] [RC] [CA] [Options revised in 2014 and 2020] You indicated that you rejected or will reject the (best) job offer that you listed above. What characteristics of this job offer caused/will cause you to reject it? ❑ Pay was inadequate (1) ❑ Benefits were inadequate (2) ❑ Unsuitable work hours (3) ❑ Commute time would be too long (4)",,Mapped by variable-name prefix to the local public Job Search codebook question family; suffixes preserve workbook-specific recodes or repeated options.
